INSERT INTO Supplier VALUES ( "S7876", "Kite", "Kim Il-Doo", "032-0158-1111", "oneheadk2@knu.ac.kr" );
INSERT INTO Supplier VALUES ( "S7877", "Blackcow", "Black sheet", "031-2549-7777", "blackcowMan@knu.ac.kr" );
INSERT INTO Supplier VALUES ( "S7878", "LGT Chemical", "Kim Ki-rim", "053-156-888", "rising@knu.ac.kr" );
INSERT INTO Supplier VALUES ( "S7879", "Young Chang Chemical", "Kim Young Chang", "02-568-1111", "brig@knu.ac.kr" );
INSERT INTO Supplier VALUES ( "S7880", "Smite", "Bang", "031-5498-7777", "smite@knu.ac.kr" );
INSERT INTO Supplier VALUES ( "S7881", "Excel", "Choi", "051-1597-7777", "excell@knu.ac.kr" );
INSERT INTO Supplier VALUES ( "S7882", "White horse", "Baek Jong-an", "053-7894-7777", "unicon@knu.ac.kr" );


INSERT INTO Brand VALUES ( "B4610", "K2 safety shoes", 0, "S7876" );
INSERT INTO Brand VALUES ( "B4611", "K2 Korea", 0, "S7876" );
INSERT INTO Brand VALUES ( "B4612", "SK Rose Bar", 0, "S7882" );
INSERT INTO Brand VALUES ( "B4613", "SMATO LED lighting", 0, "S7880" );
INSERT INTO Brand VALUES ( "B4614", "SMATO Lantern", 0, "S7880" );
INSERT INTO Brand VALUES ( "B4615", "SMATO Safety", 0, "S7877" );
INSERT INTO Brand VALUES ( "B4616", "SMATO work lights", 0, "S7880" );
INSERT INTO Brand VALUES ( "B4617", "SMATO Boots", 0, "S7877" );
INSERT INTO Brand VALUES ( "B4618", "Navachem", 0, "S7882" );
INSERT INTO Brand VALUES ( "B4619", "Daemyung Industry", 0, "S7882" );
INSERT INTO Brand VALUES ( "B4620", "Instead,", 0, "S7881" );
INSERT INTO Brand VALUES ( "B4621", "Daeheung Metal", 0, "S7878" );
INSERT INTO Brand VALUES ( "B4622", "Lucky Industry", 0, "S7878" );
INSERT INTO Brand VALUES ( "B4623", "Lucky silicon", 0, "S7878" );
INSERT INTO Brand VALUES ( "B4624", "Leisure Time", 0, "S7876" );
INSERT INTO Brand VALUES ( "B4625", "Leakap", 0, "S7877" );
INSERT INTO Brand VALUES ( "B4626", "White horse", 0, "S7882" );
INSERT INTO Brand VALUES ( "B4627", "Vexcel", 0, "S7882" );
INSERT INTO Brand VALUES ( "B4628", "Black Yak", 0, "S7877" );
INSERT INTO Brand VALUES ( "B4629", "Bleach Battery", 0, "S7882" );
INSERT INTO Brand VALUES ( "B4630", "Big Toss", 0, "S7879" );
INSERT INTO Brand VALUES ( "B4631", "Samsung", 0, "S7882" );
INSERT INTO Brand VALUES ( "B4632", "Super Rube", 0, "S7881" );
INSERT INTO Brand VALUES ( "B4633", "Scarlet scissors", 0, "S7881" );
INSERT INTO Brand VALUES ( "B4634", "The name of Sumata", 0, "S7881" );
INSERT INTO Brand VALUES ( "B4635", "Scarlet Foundation scissors", 0, "S7881" );
INSERT INTO Brand VALUES ( "B4636", "Sumato paper cup", 0, "S7880" );
INSERT INTO Brand VALUES ( "B4637", "The Sumo Hammer", 0, "S7880" );
INSERT INTO Brand VALUES ( "B4638", "Starlight", 0, "S7879" );
INSERT INTO Brand VALUES ( "B4639", "Shinetsu", 0, "S7878" );
INSERT INTO Brand VALUES ( "B4640", "Child", 0, "S7877" );
INSERT INTO Brand VALUES ( "B4641", "Enwai Korea", 0, "S7876" );
INSERT INTO Brand VALUES ( "B4642", "brig", 0, "S7879" );
INSERT INTO Brand VALUES ( "B4643", "renewal", 0, "S7878" );
INSERT INTO Brand VALUES ( "B4644", "Changshin", 0, "S7879" );
INSERT INTO Brand VALUES ( "B4645", "Korea Electric Lighting", 0, "S7879" );
INSERT INTO Brand VALUES ( "B4646", "Fine Well", 0, "S7876" );
INSERT INTO Brand VALUES ( "B4647", "Hanshin hammer", 0, "S7881" );
INSERT INTO Brand VALUES ( "B4648", "Shovel", 0, "S7881" );


INSERT INTO Category VALUES ( "C1003167", "Industrial Supplies", "light", "Lamp, LED lamp", 0 );
INSERT INTO Category VALUES ( "C1003168", "Industrial Supplies", "light", "Work lights", 0 );
INSERT INTO Category VALUES ( "C1003169", "Industrial Supplies", "light", "Emitter", 0 );
INSERT INTO Category VALUES ( "C1003170", "Industrial Supplies", "Chemicals & Lubricants", "Building sealant", 0 );
INSERT INTO Category VALUES ( "C1003171", "Industrial Supplies", "Chemicals & Lubricants", "Grease", 0 );
INSERT INTO Category VALUES ( "C1003172", "Industrial Supplies", "Chemicals & Lubricants", "Anti-corrosion agent / coating agent", 0 );
INSERT INTO Category VALUES ( "C1003173", "Safety goods", "Leisure goods", "bag", 0 );
INSERT INTO Category VALUES ( "C1003174", "Safety goods", "Leisure goods", "Walking", 0 );
INSERT INTO Category VALUES ( "C1003175", "Safety goods", "Leisure goods", "Camping supplies", 0 );
INSERT INTO Category VALUES ( "C1003176", "Safety goods", "Safety", "Winterization", 0 );
INSERT INTO Category VALUES ( "C1003177", "Safety goods", "Safety", "Safety accessories", 0 );
INSERT INTO Category VALUES ( "C1003178", "Safety goods", "Safety", "Rainboots", 0 );
INSERT INTO Category VALUES ( "C1003179", "Hardware, gardening, office supplies", "Life, cleaning supplies", "battery", 0 );
INSERT INTO Category VALUES ( "C1003180", "Hardware, gardening, office supplies", "Life, cleaning supplies", "Transient, esophagus, kitchen scissors", 0 );
INSERT INTO Category VALUES ( "C1003181", "Hardware, gardening, office supplies", "Life, cleaning supplies", "Household goods", 0 );
INSERT INTO Category VALUES ( "C1003182", "Hardware, gardening, office supplies", "Hardware", "Sickle, pickaxe, shovel", 0 );
INSERT INTO Category VALUES ( "C1003183", "Hardware, gardening, office supplies", "Hardware", "Door locks, hinges, door closure", 0 );
INSERT INTO Category VALUES ( "C1003184", "Hardware, gardening, office supplies", "Hardware", "Hammer, Paru", 0 );


INSERT INTO Customer VALUES ( "Hdnqmddc12", "Cgmwhrfez1320", "Jpdhmxhpdhokrenjb, Urimelaukvlkkfrl714", "010-824-725", "W", "Ewuss R Itetzeolnaswsjmt", 87, "Qcie", "Retailer" );
INSERT INTO Customer VALUES ( "Jlarhvvtepbi17", "Zzga9264", "Iasohwksuops, Ucqw767", "010-497-908", "W", "Gsme F Ehsgmug", 40, "Gmxw", "Nomal" );
INSERT INTO Customer VALUES ( "Ufxfzroi16", "Xigyfhmtdgeydh4879", "Rymcmnkzoh, Llqasqwtldixfe457", "010-407-599", "M", "Jqkpya M Uartilrixrj", 99, "Hacw", "Wholesaler" );
INSERT INTO Customer VALUES ( "Axbrvomuobbsztsb8", "Rdkt370", "Ewelig, Vxyta1074", "010-618-977", "M", "Fxz C Usa", 26, "Ilvcnnteflsreqlb", "Retailer" );
INSERT INTO Customer VALUES ( "Zwaerftrcboj12", "Jxbpappjjfzdbrtqs1384", "Ntr, Dljcjg291", "010-433-439", "W", "Diija M Hfcanatdvf", 22, "Avtodtgfzg", "Retailer" );
INSERT INTO Customer VALUES ( "Nor9", "Chigrqhwjegtegy6592", "Annegpfnfwifk, Ntkfiat121", "010-1022-842", "W", "Xtbtvutrqrmsjty S Xqnnkryerfefnckh", 14, "Ayiqavrwnqjlg", "Nomal" );
INSERT INTO Customer VALUES ( "Cmxnthecsx13", "Mqzokvqedgxuto2770", "Jyrgm, Dqusxbxjmtxmviyda400", "010-560-282", "W", "Ocrzxlbrlboraa Z Rasj", 57, "Jvkz", "Wholesaler" );
INSERT INTO Customer VALUES ( "Ysm4", "Yqqitdrce6571", "Xnt, Hjtsbecx1044", "010-947-526", "W", "Vyfmozvkdgn K Mbidldfzdxh", 2, "Jdmszcphbfnuec", "Wholesaler" );
INSERT INTO Customer VALUES ( "Nbfhlxr8", "Pbzf599", "Tvrjiofaa, Lemzmjktjz499", "010-1085-891", "W", "Sqmyygon L Ronaflvvpqh", 15, "Epc", "Nomal" );
INSERT INTO Customer VALUES ( "Qhcdbdxtyfj11", "Icvinnsynn5453", "Zlozhrfcoihd, Mipwbncxcemqctwt1036", "010-1009-512", "M", "Yzzgbm A Ykpdiljbaxpocwxx", 19, "Btvlwyhxnvdsvrq", "Wholesaler" );
INSERT INTO Customer VALUES ( "Lrdpvyvfuvzmhlzq7", "Tomwnztdjg9516", "Dksnbmdftvkumunj, Wuzfilufqeuyz377", "010-191-944", "W", "Hchno I Mifsqztf", 24, "Cwwjcqo", "Wholesaler" );
INSERT INTO Customer VALUES ( "Lkhmvxx4", "Rumytokyoahoru5909", "Toykk, Nvdakoydoadurhv176", "010-1029-389", "W", "Knzucrxgl I Nkamjlalqeodlb", 43, "Cydeemxbxlxak", "Wholesaler" );
INSERT INTO Customer VALUES ( "Osglyualah4", "Xxtyttscmouzlbm5719", "Ssqy, Hybedldlu914", "010-818-140", "W", "Rtwmxtxlmicjtemx C Bfu", 90, "Qhjtsmltjxvul", "Nomal" );
INSERT INTO Customer VALUES ( "Bodnpz14", "Dxvouglqxu576", "Dazmzprdczhnuc, Nvxojnchdkywjziv676", "010-988-405", "W", "Nwy Z Hexaqourgdq", 7, "Ygmbytyysrbdfv", "Wholesaler" );
INSERT INTO Customer VALUES ( "Ecgkajzb13", "Xpqsspykn212", "Ozvyfbe, Tkx387", "010-600-961", "W", "Qougeezfcwdrqcb Q Wrlducmttiyb", 97, "Bbq", "Nomal" );
INSERT INTO Customer VALUES ( "Zbgqfjfltwmvekbi10", "Wyb5891", "Jrdigoobsimxer, Tpwbnslqitpnplp495", "010-887-890", "M", "Kqobjzjohvdaw F Oampk", 15, "Kainj", "Retailer" );
INSERT INTO Customer VALUES ( "Mqbrvk12", "Tyarz5923", "Juimcwq, Sjrajituslx289", "010-511-780", "M", "Jknbadjrt A Hxcjxpmsxsi", 4, "Iesycz", "Wholesaler" );
INSERT INTO Customer VALUES ( "Nmxx7", "Lyfbslmgeo701", "Vduloj, Lyhhp973", "010-602-241", "M", "Flmobdlgh F Eag", 49, "Rwxwgvikglgnsf", "Nomal" );
INSERT INTO Customer VALUES ( "Uzqzynq10", "Lgzywkk731", "Bocrdqhoonrwb, Fyfhhmr1022", "010-366-1009", "W", "Paqhnnp N Qszne", 50, "Ufunv", "Retailer" );
INSERT INTO Customer VALUES ( "Ylselsuzpeqyycbpi9", "Utpooymizq1056", "Wfoaplr, Wjsdwjjsntsuiuw417", "010-241-639", "W", "Qyonyqnkfwggt O Tbhyqv", 16, "Wzxriydruzga", "Wholesaler" );
INSERT INTO Customer VALUES ( "Wtrogigoxl17", "Dghflalzadclkytsh4343", "Eheqrtsmcliktkbrb, Zpedoohbtbnxfd612", "010-205-542", "W", "Yactmhnzl G Ytcpxnig", 84, "Bhstgdq", "Retailer" );
INSERT INTO Customer VALUES ( "Kkwdpqtzafuvo16", "Jygagzix4634", "Qifmsgl, Udnyavc675", "010-709-1063", "M", "Pocozfofnrsydmkfm K Xvs", 93, "Mehtkioy", "Nomal" );
INSERT INTO Customer VALUES ( "Asffmhftpxcysc16", "Gleesqdcpndvoscy1267", "Uuponqw, Sgnua307", "010-492-648", "W", "Sovzpafd N Ewiyonldmhirvrwf", 99, "Szg", "Retailer" );
INSERT INTO Customer VALUES ( "Lblfb8", "Mrnbdchywwxq530", "Qbncfie, Hdaefwlisattxf993", "010-871-242", "M", "Eijnjgkxxlxrksp F Aadboijhacxkedez", 28, "Lffnll", "Wholesaler" );
INSERT INTO Customer VALUES ( "Mqvqce6", "Fjizga9256", "Ycxpmgxucbytfvsn, Ecgzabmv597", "010-292-275", "M", "Irucbkzx B Hcgfkvefvlh", 71, "Utcalvsxntz", "Wholesaler" );
INSERT INTO Customer VALUES ( "Ahcrfkbyizdz3", "Zhsaiijruc8636", "Njha, Zfgozhblcgnecn1081", "010-1068-713", "W", "Ekoubtynul U Zxheadbmngw", 76, "Nrkamdczvqanxhlon", "Retailer" );
INSERT INTO Customer VALUES ( "Honjn6", "Poesd5289", "Tdrstvcai, Cwqgpmthcmonrpeu745", "010-420-1041", "W", "Fforimxceqjq J Zbuvrt", 29, "Pmdbbwnhnioxdhtb", "Retailer" );
INSERT INTO Customer VALUES ( "Dzyuhpkffwbh15", "Spohha3961", "Evrnokdegdjt, Otouli160", "010-980-713", "W", "Kbndeyqhvphgcya Q Laeyxtowtendunsu", 11, "Rdzjmvdcqty", "Retailer" );
INSERT INTO Customer VALUES ( "Rnusmcficpkhj14", "Wrsmghsrylyb2344", "Ntgfridksxhcxbg, Ksfagdmvasbmrkn861", "010-1006-160", "M", "Txlybbhncnjplmb G Gzganbdlrogn", 61, "Uidyhus", "Retailer" );
INSERT INTO Customer VALUES ( "Dowojolpuigelfmus11", "Szdt6826", "Sjuygocptjlq, Dwyindjdflbcbabp900", "010-686-507", "M", "Zqkfvwekhi S Rwhnotohftwwprlv", 57, "Eaksdmllq", "Wholesaler" );
INSERT INTO Customer VALUES ( "Vgztfqxahmhybzctv6", "Lstarcsqlzgereg882", "Hwtllolwvgd, Xbgd439", "010-204-362", "M", "Wgeeeotwgmlhjiudm B Dgulzsrkrzismx", 64, "Tbykk", "Wholesaler" );
INSERT INTO Customer VALUES ( "Eyfjyrjdvdnskq16", "Oiphlx421", "Ulzbmzgym, Rnuzoqmzdjoutixf639", "010-1010-562", "W", "Blrpgrkvpqdwrxdfu D Wttpzkyhak", 7, "Riyidtrcyeocvt", "Nomal" );
INSERT INTO Customer VALUES ( "Fipdggg9", "Yjlkdfh6119", "Nlevgqbgoupjcyqv, Kmxdt1098", "010-568-303", "M", "Kmwoqacpowbx X Dhitipqumuganznm", 73, "Mvs", "Wholesaler" );
INSERT INTO Customer VALUES ( "Txjgbyqhievaqya17", "Kuzurpidqqmyc6539", "Zppivexcal, Njbhl846", "010-1023-1095", "W", "Gsjnpc S Nhrjeefgghofi", 38, "Mmwnlzddagdcdncc", "Wholesaler" );
INSERT INTO Customer VALUES ( "Pchzsompchc7", "Kbohkyyfjhox1244", "Vtjeglsyuy, Qblntlhxtswzvcc741", "010-640-961", "W", "Twmewnycjyqkfbyey R Zzfmjkoqmajoyltw", 86, "Lyyuthlwaqokqiv", "Nomal" );
INSERT INTO Customer VALUES ( "Stihiiuvgdnv13", "Yfceuzmtxuxszfmr1894", "Lusmgd, Jtaemlyqf796", "010-728-954", "W", "Qyhjbd O Iiu", 88, "Qafjot", "Nomal" );
INSERT INTO Customer VALUES ( "Szkfjnhhkqw14", "Weyhczlfzhbsjnav1585", "Gttehlxbsgabpq, Obnt195", "010-401-1087", "M", "Rwhmtkjti A Tbetxa", 21, "Sbdclhbezrkyrq", "Retailer" );
INSERT INTO Customer VALUES ( "Mgmbipyuxess15", "Hdvtkvulgzbhba4059", "Nuayjjvdjx, Lnjabt744", "010-421-599", "M", "Fmey A Zgyjm", 3, "Zrvb", "Nomal" );
INSERT INTO Customer VALUES ( "Hdt10", "Glecopaxgk4074", "Ptby, Qrwlulvtoewvj175", "010-559-194", "M", "Ujhsknngglboj U Xksmfpaymp", 80, "Vbzkyrcmy", "Retailer" );
INSERT INTO Customer VALUES ( "Bsfb4", "Bmesagv6415", "Gfmfuo, Rlosmzwyak586", "010-152-1023", "M", "Mirchlixxim X Cazdnpcibk", 39, "Bfkqcxy", "Nomal" );
INSERT INTO Customer VALUES ( "Lgvffyclkemrirl9", "Tszdguhcdix4577", "Jonqmawketbuc, Soyj770", "010-724-818", "W", "Asrdnoydqc B Zzwnehwc", 49, "Wkwkksebxumqhotp", "Nomal" );
INSERT INTO Customer VALUES ( "Aeeqnaynzokixwrc9", "Thqrvsoumlqeg7069", "Nzwsqcee, Kme287", "010-1043-868", "M", "Ltfcuqevx C Kberbzogpthg", 40, "Mirfbrvlodsre", "Retailer" );
INSERT INTO Customer VALUES ( "Ohbasogk12", "Jttla8819", "Zeyfqwrdrgrs, Uhlywhdxvkzmdc115", "010-944-810", "W", "Pryvicnnklozfisl X Fzlrcx", 46, "Mjbl", "Retailer" );
INSERT INTO Customer VALUES ( "Bjop15", "Hveyh8251", "Cfhnbhfuaqrnmd, Egiqbyaxsclqo1004", "010-930-808", "M", "Ljhxxhprjamxbvmea O Tltfwaltscnm", 40, "Xjhmtevbtf", "Nomal" );
INSERT INTO Customer VALUES ( "Tusagqxvqio6", "Fxihgphx3765", "Ohafyucctfeazn, Rnjbc810", "010-955-894", "W", "Leohxx D Hpdn", 33, "Udjskbzxkyzv", "Nomal" );
INSERT INTO Customer VALUES ( "Kcqje14", "Sajg1038", "Wclgiigeadzrjqoqk, Iex893", "010-720-833", "M", "Hzakvf S Ukhljlur", 23, "Xlxujnnulcnm", "Nomal" );
INSERT INTO Customer VALUES ( "Djmayvxobiyq14", "Hizuiydlgihu9706", "Vbjvdmmolbwgtotip, Zqdjf490", "010-312-395", "M", "Bpwtt M Mftvo", 61, "Xnpjtprm", "Retailer" );
INSERT INTO Customer VALUES ( "Fkpmvassycuma4", "Hynzvtmvqbbpj1998", "Qrhexkzuncwfr, Iunkt777", "010-443-100", "W", "Kukdwm Q Zklxliwthe", 8, "Jlgykbedkmq", "Retailer" );
INSERT INTO Customer VALUES ( "Crylati14", "Uqhgsv2664", "Tfeftctt, Wbiwb974", "010-1014-606", "M", "Ezldfirakj N Xhxtzpyqmnyjxynh", 67, "Srdovhjes", "Retailer" );
INSERT INTO Customer VALUES ( "Tikba17", "Trcgaoaxfkqiznlo2176", "Fdys, Rvox382", "010-885-337", "W", "Rjwiu R Ofctdsr", 75, "Rkkdq", "Wholesaler" );
INSERT INTO Customer VALUES ( "Oee13", "Bqtswuksj7974", "Hsboazvjeznqytfa, Breqtpwnaqsxfja962", "010-406-622", "M", "Spsimqoymglfswns C Urshwamcrjn", 14, "Gvermwilt", "Wholesaler" );
INSERT INTO Customer VALUES ( "Prhjcnbubjschbljz17", "Jnna2055", "Ehkqjjxinrndfhkx, Jfrpjsaml513", "010-700-329", "M", "Ufqhpghgxpllplzxc C Xgmdmussdxwziyx", 86, "Ymg", "Retailer" );
INSERT INTO Customer VALUES ( "Yygxmrp9", "Qubclgfkbzmrgxauq2736", "Erjn, Bwzsmccigazubjcg565", "010-189-998", "W", "Yjyfowvqm M Edpccdf", 64, "Ewroqpn", "Wholesaler" );
INSERT INTO Customer VALUES ( "Xuzptnscgcchxdm14", "Qnjk2160", "Ubkjb, Slzdaqqjruardd371", "010-364-718", "M", "Pgxxwlpicaqzu Q Uhc", 2, "Jxoycvgncdkc", "Nomal" );
INSERT INTO Customer VALUES ( "Xsd7", "Benxntloncn6769", "Stfrxxww, Pzndrhectm482", "010-753-217", "M", "Eotp X Edmmtccntmzuwfh", 3, "Xorcejrmdffie", "Retailer" );
INSERT INTO Customer VALUES ( "Ioiieliybzq15", "Zqpqrdpznrpivmia1047", "Mxldlfegc, Qowgixep464", "010-530-677", "W", "Mefolgatvutpyyu V Qzavhc", 81, "Xtbdmkaklbyzjhe", "Nomal" );
INSERT INTO Customer VALUES ( "Ipykbjxzzc13", "Qsqyfmtkeghzsd2822", "Tposxqihfxbpytwtc, Ihegw243", "010-1076-872", "W", "Uptrmnsmqvl E Xkcjjmmwrzrhkwlj", 10, "Gwaqv", "Retailer" );
INSERT INTO Customer VALUES ( "Hciucaox6", "Ntgeiat4916", "Yqsnugkst, Qgwsljlzkhyizdw389", "010-166-304", "M", "Silzcr O Dlrruzsoblxuoubon", 31, "Pyn", "Nomal" );
INSERT INTO Customer VALUES ( "Akornihof16", "Bdcvdptwtgpdlvojz6435", "Mtijnq, Tjjr1010", "010-107-338", "M", "Vqb F Qsnqcyh", 2, "Rbuabooxrgguxoekv", "Retailer" );
INSERT INTO Customer VALUES ( "Mgkqalodmggdyhkn12", "Ohybypjogofjxu496", "Fnkpqdr, Vcucenxqcfbjh252", "010-653-708", "W", "Hkp T Vwstxbeviem", 79, "Sfluhhoj", "Retailer" );


INSERT INTO Shipper VALUES ( "SH578", "Mustang Express", 1, 2000 );
INSERT INTO Shipper VALUES ( "SH579", "gate box", 2, 3000 );
INSERT INTO Shipper VALUES ( "SH580", "yellow coif", 7, 5000 );


INSERT INTO Item VALUES ( "W864-5313", "bag", "CRUSH 32", 0, "joe", 1, 5, 128000, "B4611", "C1003173" );
INSERT INTO Item VALUES ( "W864-9595", "bag", "Lewis Hippos 4", 0, "EA", 1, 4, 29000, "B4640", "C1003173" );
INSERT INTO Item VALUES ( "W843-8704", "bag", "Line 30", 0, "EA", 1, 3, 145000, "B4628", "C1003173" );
INSERT INTO Item VALUES ( "W848-9197", "backpack", "Holly backpack (public) 25L Green", 0, "EA", 1, 5, 68000, "B4624", "C1003173" );
INSERT INTO Item VALUES ( "W846-5753", "Walking", "Light Cool Public", 0, "joe", 1, 3, 189000, "B4611", "C1003174" );
INSERT INTO Item VALUES ( "W833-0439", "Walking", "Leah (250) Black", 0, "joe", 1, 5, 99000, "B4611", "C1003174" );
INSERT INTO Item VALUES ( "W864-8541", "Walking", "Illinois (280) Black", 0, "joe", 1, 7, 209000, "B4611", "C1003174" );
INSERT INTO Item VALUES ( "W864-9993", "Walking", "Bordeaux for men (275) Brown", 0, "joe", 1, 10, 199000, "B4640", "C1003174" );
INSERT INTO Item VALUES ( "W843-9961", "mat", "2 square mattress (FREE) Khaki", 0, "joe", 1, 7, 36000, "B4611", "C1003175" );
INSERT INTO Item VALUES ( "W864-5456", "sleeping bag", "Ball padded sleeping bag (FREE) NAVY", 0, "EA", 1, 8, 119000, "B4611", "C1003175" );
INSERT INTO Item VALUES ( "W864-5304", "tent", "Non-nested double", 0, "EA", 1, 8, 189000, "B4611", "C1003175" );
INSERT INTO Item VALUES ( "W864-8897", "tent", "Caties 2IN1 Beige", 0, "EA", 1, 10, 159000, "B4640", "C1003175" );
INSERT INTO Item VALUES ( "W864-4697", "Chinese boots", "260", 0, "joe", 1, 12, 33900, "B4620", "C1003176" );
INSERT INTO Item VALUES ( "W899-2442", "Fashion Boots", "265 brown / male", 0, "joe", 1, 8, 16200, "B4646", "C1003176" );
INSERT INTO Item VALUES ( "W849-9635", "Winterization", "K2-51 (260) Black", 0, "joe", 1, 65, 84000, "B4610", "C1003176" );
INSERT INTO Item VALUES ( "W850-4788", "Winter boots", "# 81 (250) Black / Male - Peninsula Type", 0, "joe", 1, 35, 14400, "B4646", "C1003176" );
INSERT INTO Item VALUES ( "W847-4821", "Safety fire", "Brown", 0, "joe", 50, 41, 610, "B4610", "C1003177" );
INSERT INTO Item VALUES ( "W845-0900", "Insole for safety", "265", 0, "", 10, 48, 1520, "B4625", "C1003177" );
INSERT INTO Item VALUES ( "W863-0250", "Air insole", "260", 0, "", 10, 32, 1390, "B4615", "C1003177" );
INSERT INTO Item VALUES ( "W863-0278", "Air insole", "270", 0, "", 10, 45, 1390, "B4615", "C1003177" );
INSERT INTO Item VALUES ( "W113-8133", "Fashion boots", "SRB-01 (270)", 0, "joe", 1, 8, 7420, "B4617", "C1003178" );
INSERT INTO Item VALUES ( "W888-1818", "Fashion boots", "Shinto (General Type) 270", 0, "joe", 1, 6, 10700, "B4617", "C1003178" );
INSERT INTO Item VALUES ( "W850-0029", "Yodo Stable Boots", "270", 0, "joe", 1, 4, 32200, "B4620", "C1003178" );
INSERT INTO Item VALUES ( "W846-2808", "Yodo Stable Boots", "(PS-01) 265", 0, "joe", 1, 5, 29600, "B4630", "C1003178" );
INSERT INTO Item VALUES ( "W879-0303", "Incandescent bulb", "300W transparent light", 0, "EA", 20, 7, 2240, "B4612", "C1003167" );
INSERT INTO Item VALUES ( "W879-0011", "Fluorescent lamp", "High frequency (1st grade) 32EX-D", 0, "EA", 25, 70, 2050, "B4612", "C1003167" );
INSERT INTO Item VALUES ( "W113-7921", "LED lighting fixtures", "SM-LF30W (Daylight / 30W) - Date light", 0, "EA", 1, 48, 9800, "B4613", "C1003167" );
INSERT INTO Item VALUES ( "W113-7949", "LED bulb", "SM-LP8W (Daylight / 8W)", 0, "EA", 1, 97, 2800, "B4613", "C1003167" );
INSERT INTO Item VALUES ( "W140-1862", "Working lights-LED", "KE-15 (Rechargeable)", 0, "EA", 1, 88, 76000, "B4645", "C1003168" );
INSERT INTO Item VALUES ( "W105-3373", "Bellows, etc.", "SHT-WK0603 (LED-magnet type)", 0, "EA", 1, 25, 23000, "B4616", "C1003168" );
INSERT INTO Item VALUES ( "W875-7238", "Rechargeable work lights", "SL601-9L", 0, "EA", 1, 100, 25500, "B4631", "C1003168" );
INSERT INTO Item VALUES ( "W102-4584", "A general lantern", "SML-302-2L (LED)", 0, "EA", 1, 74, 7200, "B4614", "C1003168" );
INSERT INTO Item VALUES ( "W879-4017", "Slip emitter", "SF-50FLS (= DI-SY-LED50W alternative)", 0, "EA", 1, 21, 42900, "B4638", "C1003169" );
INSERT INTO Item VALUES ( "W144-4371", "Floodlight-LED", "BS-WTL 20-2 (= BS-WNL 20-2)", 0, "EA", 1, 16, 93700, "B4641", "C1003169" );
INSERT INTO Item VALUES ( "W144-3123", "LED Floodlight (Rechargeable)", "BS-HCL20", 0, "EA", 1, 5, 67900, "B4641", "C1003169" );
INSERT INTO Item VALUES ( "W879-3841", "LED electronic signal bar", "40x260mm", 0, "EA", 1, 37, 5850, "B4612", "C1003169" );
INSERT INTO Item VALUES ( "W868-0559", "silicon", "909S Gray 270ml", 0, "EA", 25, 25, 2440, "B4623", "C1003170" );
INSERT INTO Item VALUES ( "W868-0699", "silicon", "OS transparent 270ml", 0, "EA", 25, 45, 2410, "B4639", "C1003170" );
INSERT INTO Item VALUES ( "W868-0680", "silicon", "OS Gray 270ml", 0, "EA", 25, 59, 2150, "B4639", "C1003170" );
INSERT INTO Item VALUES ( "W868-0945", "silicon", "OS translucent 270ml", 0, "EA", 25, 63, 2410, "B4639", "C1003170" );
INSERT INTO Item VALUES ( "W828-0019", "Grease (high temperature)", "1LB (400G) # 41160", 0, "EA", 1, 72, 18300, "B4632", "C1003171" );
INSERT INTO Item VALUES ( "W828-0064", "Grease (tube)", "85G (21030)", 0, "EA", 1, 81, 7310, "B4632", "C1003171" );
INSERT INTO Item VALUES ( "W818-2911", "Root water grease", "MG-610 420ml", 0, "EA", 1, 95, 2890, "B4618", "C1003171" );
INSERT INTO Item VALUES ( "W818-0542", "Grease (liquid)", "G-LUB 10M 420ml", 0, "EA", 1, 107, 11200, "B4618", "C1003171" );
INSERT INTO Item VALUES ( "W819-0026", "Spray (lacquer)", "silver", 0, "EA", 40, 56, 1690, "B4622", "C1003172" );
INSERT INTO Item VALUES ( "W819-0035", "Spray (lacquer)", "Red", 0, "EA", 40, 39, 1690, "B4622", "C1003172" );
INSERT INTO Item VALUES ( "W820-0475", "Spray (lacquer)", "Rusty", 0, "EA", 40, 28, 2450, "B4643", "C1003172" );
INSERT INTO Item VALUES ( "W820-0022", "Spray (lacquer)", "silver", 0, "EA", 40, 29, 1860, "B4643", "C1003172" );
INSERT INTO Item VALUES ( "C132-1061", "Stick", "HS-MS503", 0, "EA", 10, 100, 7260, "B4648", "C1003182" );
INSERT INTO Item VALUES ( "C132-1070", "Each", "HS-GS501", 0, "EA", 10, 6, 7260, "B4648", "C1003182" );
INSERT INTO Item VALUES ( "C132-2848", "sickle", "HS-CSS301 (Chosun Sang)", 0, "EA", 10, 7, 4440, "B4647", "C1003182" );
INSERT INTO Item VALUES ( "C270-2661", "sickle", "S-18", 0, "EA", 10, 0, 4730, "B4626", "C1003182" );
INSERT INTO Item VALUES ( "C177-1406", "Each quarter", "SM-AS1524 (Soso)", 0, "EA", 300, 13, 110, "B4634", "C1003183" );
INSERT INTO Item VALUES ( "C177-1424", "Each quarter", "SM-AS3024 (Of)", 0, "EA", 200, 25, 180, "B4634", "C1003183" );
INSERT INTO Item VALUES ( "C177-0805", "Angular iron (stainless steel)", "Soso (15 * 24)", 0, "EA", 300, 64, 120, "B4619", "C1003183" );
INSERT INTO Item VALUES ( "C166-0915", "Door pedestal (horseshoe)", "DHS-101 (Small)", 0, "EA", 30, 37, 1580, "B4621", "C1003183" );
INSERT INTO Item VALUES ( "C100-2102", "Cold hammer", "Cold hammer", 0, "EA", 1, 12, 6570, "B4642", "C1003184" );
INSERT INTO Item VALUES ( "C131-0092", "Welding hammer (versatile)", "versus", 0, "EA", 1, 5, 12400, "B4642", "C1003184" );
INSERT INTO Item VALUES ( "C100-2111", "Misunderstanding (fiber)", "3LBS", 0, "EA", 1, 6, 8720, "B4637", "C1003184" );
INSERT INTO Item VALUES ( "C100-1811", "Ball hammer", "4OZ", 0, "EA", 1, 3, 3610, "B4637", "C1003184" );
INSERT INTO Item VALUES ( "C142-0034", "Battery (alkaline)", "LR6 (AA) (1 plate = 2EA)", 0, "Edition", 20, 6, 1000, "B4627", "C1003179" );
INSERT INTO Item VALUES ( "C142-0016", "Battery (alkaline)", "LR03 (AAA) (1 plate = 2EA)", 0, "Edition", 20, 6, 1000, "B4627", "C1003179" );
INSERT INTO Item VALUES ( "C401-0111", "Battery (alkaline)", "LR03 (AAA) (1 plate = 2EA)", 0, "Edition", 30, 23, 650, "B4629", "C1003179" );
INSERT INTO Item VALUES ( "C401-0148", "Battery (manganese)", "R20 (D) (1 plate = 2EA)", 0, "edition", 12, 35, 1100, "B4629", "C1003179" );
INSERT INTO Item VALUES ( "C101-5601", "Cutting scissors", "SM-260 GOLD", 0, "EA", 1, 28, 16000, "B4635", "C1003180" );
INSERT INTO Item VALUES ( "C101-5610", "Cutting scissors", "SM-280 GOLD", 0, "EA", 1, 19, 20000, "B4635", "C1003180" );
INSERT INTO Item VALUES ( "C100-4119", "Scissors (office)", "SM-OS8", 0, "EA", 10, 53, 2520, "B4633", "C1003180" );
INSERT INTO Item VALUES ( "C100-4128", "Scissors", "SM-OS9", 0, "EA", 10, 72, 2670, "B4633", "C1003180" );
INSERT INTO Item VALUES ( "C102-3071", "Paper cup", "1000PCS", 0, "BOX", 1, 13, 16800, "B4636", "C1003181" );
INSERT INTO Item VALUES ( "C171-5516", "Smart hanger", "Slim 3P", 0, "SET", 1, 26, 4770, "B4644", "C1003181" );
INSERT INTO Item VALUES ( "C171-5589", "Wave Bathroom Supplies", "chair", 0, "EA", 1, 28, 6670, "B4644", "C1003181" );
INSERT INTO Item VALUES ( "C171-6065", "Flip strong absorption", "Multi-purpose hook", 0, "SET", 1, 22, 3600, "B4644", "C1003181" );


INSERT INTO ShoppingBasket VALUES ( "Sbkc1030430", 0, "Hdnqmddc12" );
INSERT INTO ShoppingBasket VALUES ( "Icghua1030437", 0, "Jlarhvvtepbi17" );
INSERT INTO ShoppingBasket VALUES ( "Uv1030444", 0, "Ufxfzroi16" );
INSERT INTO ShoppingBasket VALUES ( "Won1030451", 0, "Axbrvomuobbsztsb8" );
INSERT INTO ShoppingBasket VALUES ( "Fntmv1030458", 0, "Zwaerftrcboj12" );
INSERT INTO ShoppingBasket VALUES ( "Ywejk1030465", 0, "Nor9" );
INSERT INTO ShoppingBasket VALUES ( "Aiq1030472", 0, "Cmxnthecsx13" );
INSERT INTO ShoppingBasket VALUES ( "Rwl1030479", 0, "Ysm4" );
INSERT INTO ShoppingBasket VALUES ( "Scynx1030486", 0, "Nbfhlxr8" );
INSERT INTO ShoppingBasket VALUES ( "Wzdtr1030493", 0, "Qhcdbdxtyfj11" );
INSERT INTO ShoppingBasket VALUES ( "Raqswt1030500", 0, "Lrdpvyvfuvzmhlzq7" );
INSERT INTO ShoppingBasket VALUES ( "Mjevfa1030507", 0, "Lkhmvxx4" );
INSERT INTO ShoppingBasket VALUES ( "Mba1030514", 0, "Osglyualah4" );
INSERT INTO ShoppingBasket VALUES ( "At1030521", 0, "Bodnpz14" );
INSERT INTO ShoppingBasket VALUES ( "Kcbgl1030528", 0, "Ecgkajzb13" );
INSERT INTO ShoppingBasket VALUES ( "Xlvmu1030535", 0, "Zbgqfjfltwmvekbi10" );
INSERT INTO ShoppingBasket VALUES ( "Ud1030542", 0, "Mqbrvk12" );
INSERT INTO ShoppingBasket VALUES ( "Qmoiuz1030549", 0, "Nmxx7" );
INSERT INTO ShoppingBasket VALUES ( "Knxj1030556", 0, "Uzqzynq10" );
INSERT INTO ShoppingBasket VALUES ( "Uu1030563", 0, "Ylselsuzpeqyycbpi9" );
INSERT INTO ShoppingBasket VALUES ( "Mrgt1030570", 0, "Wtrogigoxl17" );
INSERT INTO ShoppingBasket VALUES ( "Ao1030577", 0, "Kkwdpqtzafuvo16" );
INSERT INTO ShoppingBasket VALUES ( "Ffla1030584", 0, "Asffmhftpxcysc16" );
INSERT INTO ShoppingBasket VALUES ( "Pvy1030591", 0, "Lblfb8" );
INSERT INTO ShoppingBasket VALUES ( "Xqgpw1030598", 0, "Mqvqce6" );
INSERT INTO ShoppingBasket VALUES ( "Xd1030605", 0, "Ahcrfkbyizdz3" );
INSERT INTO ShoppingBasket VALUES ( "Itv1030612", 0, "Honjn6" );
INSERT INTO ShoppingBasket VALUES ( "Rcqgg1030619", 0, "Dzyuhpkffwbh15" );
INSERT INTO ShoppingBasket VALUES ( "Yor1030626", 0, "Rnusmcficpkhj14" );
INSERT INTO ShoppingBasket VALUES ( "Vjo1030633", 0, "Dowojolpuigelfmus11" );
INSERT INTO ShoppingBasket VALUES ( "Bmpbe1030640", 0, "Vgztfqxahmhybzctv6" );
INSERT INTO ShoppingBasket VALUES ( "Ssyj1030647", 0, "Eyfjyrjdvdnskq16" );
INSERT INTO ShoppingBasket VALUES ( "Ckpaen1030654", 0, "Fipdggg9" );
INSERT INTO ShoppingBasket VALUES ( "Ekz1030661", 0, "Txjgbyqhievaqya17" );
INSERT INTO ShoppingBasket VALUES ( "Knbmq1030668", 0, "Pchzsompchc7" );
INSERT INTO ShoppingBasket VALUES ( "Nlp1030675", 0, "Stihiiuvgdnv13" );
INSERT INTO ShoppingBasket VALUES ( "Uxbq1030682", 0, "Szkfjnhhkqw14" );
INSERT INTO ShoppingBasket VALUES ( "Fn1030689", 0, "Mgmbipyuxess15" );
INSERT INTO ShoppingBasket VALUES ( "Ufobjx1030696", 0, "Hdt10" );
INSERT INTO ShoppingBasket VALUES ( "Argjr1030703", 0, "Bsfb4" );
INSERT INTO ShoppingBasket VALUES ( "Dhsbqi1030710", 0, "Lgvffyclkemrirl9" );
INSERT INTO ShoppingBasket VALUES ( "Dwr1030717", 0, "Aeeqnaynzokixwrc9" );
INSERT INTO ShoppingBasket VALUES ( "Sh1030724", 0, "Ohbasogk12" );
INSERT INTO ShoppingBasket VALUES ( "Fdrydy1030731", 0, "Bjop15" );
INSERT INTO ShoppingBasket VALUES ( "Nuzowf1030738", 0, "Tusagqxvqio6" );
INSERT INTO ShoppingBasket VALUES ( "Dllqdx1030745", 0, "Kcqje14" );
INSERT INTO ShoppingBasket VALUES ( "Sll1030752", 0, "Djmayvxobiyq14" );
INSERT INTO ShoppingBasket VALUES ( "Stibx1030759", 0, "Fkpmvassycuma4" );
INSERT INTO ShoppingBasket VALUES ( "Riniwd1030766", 0, "Crylati14" );
INSERT INTO ShoppingBasket VALUES ( "Xefy1030773", 0, "Tikba17" );
INSERT INTO ShoppingBasket VALUES ( "Mxwerc1030780", 0, "Oee13" );
INSERT INTO ShoppingBasket VALUES ( "Xxcmq1030787", 0, "Prhjcnbubjschbljz17" );
INSERT INTO ShoppingBasket VALUES ( "Nab1030794", 0, "Yygxmrp9" );
INSERT INTO ShoppingBasket VALUES ( "Emepgu1030801", 0, "Xuzptnscgcchxdm14" );
INSERT INTO ShoppingBasket VALUES ( "Anr1030808", 0, "Xsd7" );
INSERT INTO ShoppingBasket VALUES ( "Su1030815", 0, "Ioiieliybzq15" );
INSERT INTO ShoppingBasket VALUES ( "Eswqlg1030822", 0, "Ipykbjxzzc13" );
INSERT INTO ShoppingBasket VALUES ( "Ok1030829", 0, "Hciucaox6" );
INSERT INTO ShoppingBasket VALUES ( "Smnwz1030836", 0, "Akornihof16" );
INSERT INTO ShoppingBasket VALUES ( "Akqby1030843", 0, "Mgkqalodmggdyhkn12" );


INSERT INTO ShippingLocation VALUES ( "SL356", "Hrabyt", "Rins", "Provinces", "SH579", "Hdnqmddc12" );
INSERT INTO ShippingLocation VALUES ( "SL357", "Oqwfphyai", "Nccmhaedcsbih", "Provinces", "SH579", "Jlarhvvtepbi17" );
INSERT INTO ShippingLocation VALUES ( "SL358", "Ypclyqgb", "Wuzaaoadav", "Seoul and Gyeonggi", "SH578", "Ufxfzroi16" );
INSERT INTO ShippingLocation VALUES ( "SL359", "Vohxsodidov", "Ebv", "Seoul and Gyeonggi", "SH578", "Axbrvomuobbsztsb8" );
INSERT INTO ShippingLocation VALUES ( "SL360", "Ftoigjfozljfd", "Dfxqfehoz", "Seoul and Gyeonggi", "SH578", "Zwaerftrcboj12" );
INSERT INTO ShippingLocation VALUES ( "SL361", "Acgahdrruevhgvgfj", "Okcktulfyv", "Mountains and Islands", "SH580", "Nor9" );
INSERT INTO ShippingLocation VALUES ( "SL362", "Bkzzamshxzlue", "Ltgyzlikvhntgsiu", "Provinces", "SH579", "Cmxnthecsx13" );
INSERT INTO ShippingLocation VALUES ( "SL363", "Gnrtmrea", "Tqqujnhoxtnjz", "Mountains and Islands", "SH580", "Ysm4" );
INSERT INTO ShippingLocation VALUES ( "SL364", "Dajnsqfsqjitu", "Oacvqzit", "Seoul and Gyeonggi", "SH578", "Nbfhlxr8" );
INSERT INTO ShippingLocation VALUES ( "SL365", "Pcvgwxlpirksa", "Catnocykbwiv", "Provinces", "SH579", "Qhcdbdxtyfj11" );
INSERT INTO ShippingLocation VALUES ( "SL366", "Yrhdfjqnvvr", "Wcwoophcstccaoau", "Seoul and Gyeonggi", "SH578", "Lrdpvyvfuvzmhlzq7" );
INSERT INTO ShippingLocation VALUES ( "SL367", "Rrwdbsdndauyslvnt", "Xjbgpbapoecnk", "Seoul and Gyeonggi", "SH578", "Lkhmvxx4" );
INSERT INTO ShippingLocation VALUES ( "SL368", "Ffqlofzyurvroxyqa", "Yofdkl", "Mountains and Islands", "SH580", "Osglyualah4" );
INSERT INTO ShippingLocation VALUES ( "SL369", "Mtgqrcwltkxctier", "Bxctaaullg", "Mountains and Islands", "SH580", "Bodnpz14" );
INSERT INTO ShippingLocation VALUES ( "SL370", "Gccuiryvurygco", "Lze", "Mountains and Islands", "SH580", "Ecgkajzb13" );
INSERT INTO ShippingLocation VALUES ( "SL371", "Lbkm", "Bqqhlmtjiwo", "Mountains and Islands", "SH580", "Zbgqfjfltwmvekbi10" );
INSERT INTO ShippingLocation VALUES ( "SL372", "Wnhdclmmu", "Lfdzcdtzt", "Mountains and Islands", "SH580", "Mqbrvk12" );
INSERT INTO ShippingLocation VALUES ( "SL373", "Vxvvyz", "Lnwx", "Seoul and Gyeonggi", "SH578", "Nmxx7" );
INSERT INTO ShippingLocation VALUES ( "SL374", "Yipimbwobpxnk", "Bzuq", "Mountains and Islands", "SH580", "Uzqzynq10" );
INSERT INTO ShippingLocation VALUES ( "SL375", "Ilwpearlrrcj", "Dmsfizdevuii", "Mountains and Islands", "SH580", "Ylselsuzpeqyycbpi9" );
INSERT INTO ShippingLocation VALUES ( "SL376", "Fkhesczmirw", "Wsmnbrhodbjby", "Provinces", "SH579", "Wtrogigoxl17" );
INSERT INTO ShippingLocation VALUES ( "SL377", "Ikaeb", "Syxsponygaorerja", "Seoul and Gyeonggi", "SH578", "Kkwdpqtzafuvo16" );
INSERT INTO ShippingLocation VALUES ( "SL378", "Phnhrfzyzlp", "Stgaeoyefgkc", "Mountains and Islands", "SH580", "Asffmhftpxcysc16" );
INSERT INTO ShippingLocation VALUES ( "SL379", "Syqccmavc", "Pukaxbbsjs", "Provinces", "SH579", "Lblfb8" );
INSERT INTO ShippingLocation VALUES ( "SL380", "Bghaiiiywgfrowvg", "Qcpjsopocveaiz", "Seoul and Gyeonggi", "SH578", "Mqvqce6" );
INSERT INTO ShippingLocation VALUES ( "SL381", "Pllaczagknhbcobyi", "Ozjgbq", "Seoul and Gyeonggi", "SH578", "Ahcrfkbyizdz3" );
INSERT INTO ShippingLocation VALUES ( "SL382", "Ydvgztnjhbuaork", "Vreqytps", "Provinces", "SH579", "Honjn6" );
INSERT INTO ShippingLocation VALUES ( "SL383", "Qszgfggaf", "Msqypdgmvykqc", "Mountains and Islands", "SH580", "Dzyuhpkffwbh15" );
INSERT INTO ShippingLocation VALUES ( "SL384", "Lqwmlqa", "Lrqpqbbxjp", "Provinces", "SH579", "Rnusmcficpkhj14" );
INSERT INTO ShippingLocation VALUES ( "SL385", "Pfqucijwlsyoodlhl", "Jqkmomyync", "Mountains and Islands", "SH580", "Dowojolpuigelfmus11" );
INSERT INTO ShippingLocation VALUES ( "SL386", "Iorywgkiubb", "Ohd", "Seoul and Gyeonggi", "SH578", "Vgztfqxahmhybzctv6" );
INSERT INTO ShippingLocation VALUES ( "SL387", "Ylsmeqjezt", "Ikcep", "Provinces", "SH579", "Eyfjyrjdvdnskq16" );
INSERT INTO ShippingLocation VALUES ( "SL388", "Pwlfzltpdcqbrin", "Wojmienxqjpqypdbj", "Seoul and Gyeonggi", "SH578", "Fipdggg9" );
INSERT INTO ShippingLocation VALUES ( "SL389", "Mrssglrpjo", "Dhy", "Mountains and Islands", "SH580", "Txjgbyqhievaqya17" );
INSERT INTO ShippingLocation VALUES ( "SL390", "Csat", "Swleishsiamuxvdp", "Seoul and Gyeonggi", "SH578", "Pchzsompchc7" );
INSERT INTO ShippingLocation VALUES ( "SL391", "Cjoz", "Tnhbhvirgaad", "Seoul and Gyeonggi", "SH578", "Stihiiuvgdnv13" );
INSERT INTO ShippingLocation VALUES ( "SL392", "Ypocyxes", "Cfnzimqgrtkaef", "Provinces", "SH579", "Szkfjnhhkqw14" );
INSERT INTO ShippingLocation VALUES ( "SL393", "Dvxqsspppjvejbzuw", "Picutu", "Seoul and Gyeonggi", "SH578", "Mgmbipyuxess15" );
INSERT INTO ShippingLocation VALUES ( "SL394", "Eounqjg", "Ycyifzlajufo", "Seoul and Gyeonggi", "SH578", "Hdt10" );
INSERT INTO ShippingLocation VALUES ( "SL395", "Dvkguwlpluqrzxkz", "Knnzkyifk", "Provinces", "SH579", "Bsfb4" );
INSERT INTO ShippingLocation VALUES ( "SL396", "Wmterzcqkyvr", "Mswvqkehty", "Seoul and Gyeonggi", "SH578", "Lgvffyclkemrirl9" );
INSERT INTO ShippingLocation VALUES ( "SL397", "Fkewhdjfuqqzblklx", "Jzdqlgf", "Provinces", "SH579", "Aeeqnaynzokixwrc9" );
INSERT INTO ShippingLocation VALUES ( "SL398", "Cgqsjcdubo", "Dckvpbatjnmsvs", "Provinces", "SH579", "Ohbasogk12" );
INSERT INTO ShippingLocation VALUES ( "SL399", "Vvcatqggnxjuo", "Jhofhe", "Provinces", "SH579", "Bjop15" );
INSERT INTO ShippingLocation VALUES ( "SL400", "Cvhyao", "Dkq", "Seoul and Gyeonggi", "SH578", "Tusagqxvqio6" );
INSERT INTO ShippingLocation VALUES ( "SL401", "Culdvmgxlpsbn", "Quw", "Provinces", "SH579", "Kcqje14" );
INSERT INTO ShippingLocation VALUES ( "SL402", "Sygidissicn", "Kdeqdilfsumo", "Provinces", "SH579", "Djmayvxobiyq14" );
INSERT INTO ShippingLocation VALUES ( "SL403", "Jrhwsusexesnfop", "Zhuw", "Mountains and Islands", "SH580", "Fkpmvassycuma4" );
INSERT INTO ShippingLocation VALUES ( "SL404", "Sqmgsijywr", "Xkmrwf", "Mountains and Islands", "SH580", "Crylati14" );
INSERT INTO ShippingLocation VALUES ( "SL405", "Ffek", "Nrffpzc", "Provinces", "SH579", "Tikba17" );
INSERT INTO ShippingLocation VALUES ( "SL406", "Xrhcmhmcfzovg", "Qyxdd", "Seoul and Gyeonggi", "SH578", "Oee13" );
INSERT INTO ShippingLocation VALUES ( "SL407", "Rxjxfzovgrdkv", "Mrmo", "Mountains and Islands", "SH580", "Prhjcnbubjschbljz17" );
INSERT INTO ShippingLocation VALUES ( "SL408", "Nwa", "Homz", "Seoul and Gyeonggi", "SH578", "Yygxmrp9" );
INSERT INTO ShippingLocation VALUES ( "SL409", "Apdffu", "Cgpvzxjhownr", "Seoul and Gyeonggi", "SH578", "Xuzptnscgcchxdm14" );
INSERT INTO ShippingLocation VALUES ( "SL410", "Okpjxsglwxxjbkh", "Nasrae", "Provinces", "SH579", "Xsd7" );
INSERT INTO ShippingLocation VALUES ( "SL411", "Pfhjs", "Ckglicvee", "Seoul and Gyeonggi", "SH578", "Ioiieliybzq15" );
INSERT INTO ShippingLocation VALUES ( "SL412", "Tomybbmhexn", "Pkucrmftnlpsvjtp", "Mountains and Islands", "SH580", "Ipykbjxzzc13" );
INSERT INTO ShippingLocation VALUES ( "SL413", "Tpknbvjqulzuqkkf", "Rwuruvrrkiw", "Provinces", "SH579", "Hciucaox6" );
INSERT INTO ShippingLocation VALUES ( "SL414", "Isfovghdomngntf", "Twkdf", "Seoul and Gyeonggi", "SH578", "Akornihof16" );
INSERT INTO ShippingLocation VALUES ( "SL415", "Anysuxdwdgpttq", "Mvzheltwspfhzlxlz", "Provinces", "SH579", "Mgkqalodmggdyhkn12" );


INSERT INTO ItemOrder VALUES ( "IO-Oh1031430", 0, "2004-1-14", "Waiting for payment", "Lgvffyclkemrirl9", "SL396", "SH578" );
INSERT INTO ItemOrder VALUES ( "IO-Kr1031447", 0, "2012-11-11", "recived", "Vgztfqxahmhybzctv6", "SL386", "SH578" );
INSERT INTO ItemOrder VALUES ( "IO-Hacp1031464", 0, "2013-12-6", "Confirm payment", "Mqvqce6", "SL380", "SH578" );
INSERT INTO ItemOrder VALUES ( "IO-Vra1031481", 0, "2008-10-18", "Waiting for payment", "Bodnpz14", "SL369", "SH580" );
INSERT INTO ItemOrder VALUES ( "IO-Hawr1031498", 0, "2015-3-20", "shipping", "Hdnqmddc12", "SL356", "SH579" );
INSERT INTO ItemOrder VALUES ( "IO-Yqjm1031515", 0, "2007-4-22", "Confirm payment", "Ylselsuzpeqyycbpi9", "SL375", "SH580" );
INSERT INTO ItemOrder VALUES ( "IO-Qph1031532", 0, "2011-10-13", "Confirm payment", "Jlarhvvtepbi17", "SL357", "SH579" );
INSERT INTO ItemOrder VALUES ( "IO-Qx1031549", 0, "2015-8-25", "recived", "Honjn6", "SL382", "SH579" );
INSERT INTO ItemOrder VALUES ( "IO-Ak1031566", 0, "2009-9-8", "Confirm payment", "Szkfjnhhkqw14", "SL392", "SH579" );
INSERT INTO ItemOrder VALUES ( "IO-U1031583", 0, "2008-1-1", "Confirm payment", "Xsd7", "SL410", "SH579" );
INSERT INTO ItemOrder VALUES ( "IO-Kq1031600", 0, "2001-12-17", "Confirm payment", "Uzqzynq10", "SL374", "SH580" );
INSERT INTO ItemOrder VALUES ( "IO-Jeyo1031617", 0, "2016-9-1", "Waiting for payment", "Lgvffyclkemrirl9", "SL396", "SH578" );
INSERT INTO ItemOrder VALUES ( "IO-Ugj1031634", 0, "2007-1-27", "Confirm payment", "Yygxmrp9", "SL408", "SH578" );
INSERT INTO ItemOrder VALUES ( "IO-Y1031651", 0, "2002-9-31", "recived", "Oee13", "SL406", "SH578" );
INSERT INTO ItemOrder VALUES ( "IO-Occa1031668", 0, "2016-6-17", "shipping", "Nbfhlxr8", "SL364", "SH578" );
INSERT INTO ItemOrder VALUES ( "IO-Ar1031685", 0, "2015-3-15", "shipping", "Pchzsompchc7", "SL390", "SH578" );
INSERT INTO ItemOrder VALUES ( "IO-Rvd1031702", 0, "2006-4-27", "Confirm payment", "Honjn6", "SL382", "SH579" );
INSERT INTO ItemOrder VALUES ( "IO-Q1031719", 0, "2003-2-26", "Waiting for payment", "Ioiieliybzq15", "SL411", "SH578" );
INSERT INTO ItemOrder VALUES ( "IO-C1031736", 0, "2000-8-29", "Confirm payment", "Kkwdpqtzafuvo16", "SL377", "SH578" );
INSERT INTO ItemOrder VALUES ( "IO-N1031753", 0, "2000-3-21", "recived", "Mqbrvk12", "SL372", "SH580" );
INSERT INTO ItemOrder VALUES ( "IO-Mte1031770", 0, "2010-4-3", "Confirm payment", "Dzyuhpkffwbh15", "SL383", "SH580" );
INSERT INTO ItemOrder VALUES ( "IO-H1031787", 0, "2002-4-12", "recived", "Oee13", "SL406", "SH578" );
INSERT INTO ItemOrder VALUES ( "IO-Irot1031804", 0, "2015-1-20", "Confirm payment", "Ipykbjxzzc13", "SL412", "SH580" );
INSERT INTO ItemOrder VALUES ( "IO-Pnoi1031821", 0, "2008-8-30", "Waiting for payment", "Tusagqxvqio6", "SL400", "SH578" );
INSERT INTO ItemOrder VALUES ( "IO-Yiet1031838", 0, "2013-12-3", "recived", "Stihiiuvgdnv13", "SL391", "SH578" );
INSERT INTO ItemOrder VALUES ( "IO-Wex1031855", 0, "2001-4-8", "shipping", "Crylati14", "SL404", "SH580" );
INSERT INTO ItemOrder VALUES ( "IO-Kzum1031872", 0, "2016-5-10", "Confirm payment", "Axbrvomuobbsztsb8", "SL359", "SH578" );
INSERT INTO ItemOrder VALUES ( "IO-Bnt1031889", 0, "2000-11-7", "shipping", "Xsd7", "SL410", "SH579" );
INSERT INTO ItemOrder VALUES ( "IO-D1031906", 0, "2010-5-1", "recived", "Ecgkajzb13", "SL370", "SH580" );
INSERT INTO ItemOrder VALUES ( "IO-E1031923", 0, "2015-11-20", "Confirm payment", "Zbgqfjfltwmvekbi10", "SL371", "SH580" );
INSERT INTO ItemOrder VALUES ( "IO-Kswp1031940", 0, "2000-5-18", "Waiting for payment", "Kkwdpqtzafuvo16", "SL377", "SH578" );
INSERT INTO ItemOrder VALUES ( "IO-Jecl1031957", 0, "2013-10-28", "Confirm payment", "Crylati14", "SL404", "SH580" );
INSERT INTO ItemOrder VALUES ( "IO-Gr1031974", 0, "2015-6-6", "recived", "Mgmbipyuxess15", "SL393", "SH578" );
INSERT INTO ItemOrder VALUES ( "IO-Rqpv1031991", 0, "2012-2-16", "shipping", "Uzqzynq10", "SL374", "SH580" );
INSERT INTO ItemOrder VALUES ( "IO-S1032008", 0, "2000-8-5", "Confirm payment", "Eyfjyrjdvdnskq16", "SL387", "SH579" );
INSERT INTO ItemOrder VALUES ( "IO-W1032025", 0, "2009-6-13", "Waiting for payment", "Ahcrfkbyizdz3", "SL381", "SH578" );
INSERT INTO ItemOrder VALUES ( "IO-Ex1032042", 0, "2012-10-25", "Waiting for payment", "Prhjcnbubjschbljz17", "SL407", "SH580" );
INSERT INTO ItemOrder VALUES ( "IO-Kw1032059", 0, "2007-9-27", "Waiting for payment", "Wtrogigoxl17", "SL376", "SH579" );
INSERT INTO ItemOrder VALUES ( "IO-Dmrm1032076", 0, "2012-3-4", "Waiting for payment", "Zwaerftrcboj12", "SL360", "SH578" );
INSERT INTO ItemOrder VALUES ( "IO-Rmc1032093", 0, "2017-4-23", "Waiting for payment", "Zbgqfjfltwmvekbi10", "SL371", "SH580" );
INSERT INTO ItemOrder VALUES ( "IO-Ew1032110", 0, "2002-5-21", "recived", "Ecgkajzb13", "SL370", "SH580" );
INSERT INTO ItemOrder VALUES ( "IO-Plsn1032127", 0, "2013-12-11", "Waiting for payment", "Kkwdpqtzafuvo16", "SL377", "SH578" );
INSERT INTO ItemOrder VALUES ( "IO-Irgs1032144", 0, "2017-8-22", "Waiting for payment", "Ecgkajzb13", "SL370", "SH580" );
INSERT INTO ItemOrder VALUES ( "IO-Bw1032161", 0, "2010-1-13", "Confirm payment", "Kkwdpqtzafuvo16", "SL377", "SH578" );
INSERT INTO ItemOrder VALUES ( "IO-Vmey1032178", 0, "2015-2-23", "shipping", "Dzyuhpkffwbh15", "SL383", "SH580" );
INSERT INTO ItemOrder VALUES ( "IO-Fa1032195", 0, "2012-2-14", "Waiting for payment", "Nmxx7", "SL373", "SH578" );
INSERT INTO ItemOrder VALUES ( "IO-Tr1032212", 0, "2017-11-23", "shipping", "Bjop15", "SL399", "SH579" );
INSERT INTO ItemOrder VALUES ( "IO-X1032229", 0, "2011-8-25", "recived", "Hdnqmddc12", "SL356", "SH579" );
INSERT INTO ItemOrder VALUES ( "IO-Fha1032246", 0, "2000-4-1", "recived", "Tusagqxvqio6", "SL400", "SH578" );
INSERT INTO ItemOrder VALUES ( "IO-Djo1032263", 0, "2012-6-19", "Confirm payment", "Kcqje14", "SL401", "SH579" );
INSERT INTO ItemOrder VALUES ( "IO-L1032280", 0, "2007-6-19", "Confirm payment", "Hciucaox6", "SL413", "SH579" );
INSERT INTO ItemOrder VALUES ( "IO-Cwzo1032297", 0, "2003-9-12", "recived", "Vgztfqxahmhybzctv6", "SL386", "SH578" );
INSERT INTO ItemOrder VALUES ( "IO-Zc1032314", 0, "2000-1-9", "shipping", "Djmayvxobiyq14", "SL402", "SH579" );
INSERT INTO ItemOrder VALUES ( "IO-X1032331", 0, "2013-2-23", "shipping", "Yygxmrp9", "SL408", "SH578" );
INSERT INTO ItemOrder VALUES ( "IO-M1032348", 0, "2003-12-2", "recived", "Kcqje14", "SL401", "SH579" );
INSERT INTO ItemOrder VALUES ( "IO-Sxn1032365", 0, "2014-1-1", "shipping", "Ecgkajzb13", "SL370", "SH580" );
INSERT INTO ItemOrder VALUES ( "IO-S1032382", 0, "2008-9-18", "shipping", "Eyfjyrjdvdnskq16", "SL387", "SH579" );
INSERT INTO ItemOrder VALUES ( "IO-Dgey1032399", 0, "2012-8-21", "Waiting for payment", "Ecgkajzb13", "SL370", "SH580" );
INSERT INTO ItemOrder VALUES ( "IO-Rohu1032416", 0, "2001-3-13", "shipping", "Ysm4", "SL363", "SH580" );
INSERT INTO ItemOrder VALUES ( "IO-Paf1032433", 0, "2017-9-11", "recived", "Bjop15", "SL399", "SH579" );
INSERT INTO ItemOrder VALUES ( "IO-C1032450", 0, "2014-4-4", "Confirm payment", "Qhcdbdxtyfj11", "SL365", "SH579" );
INSERT INTO ItemOrder VALUES ( "IO-R1032467", 0, "2013-4-24", "Waiting for payment", "Vgztfqxahmhybzctv6", "SL386", "SH578" );
INSERT INTO ItemOrder VALUES ( "IO-N1032484", 0, "2012-2-22", "Waiting for payment", "Qhcdbdxtyfj11", "SL365", "SH579" );
INSERT INTO ItemOrder VALUES ( "IO-X1032501", 0, "2007-8-27", "shipping", "Tikba17", "SL405", "SH579" );
INSERT INTO ItemOrder VALUES ( "IO-I1032518", 0, "2002-1-13", "recived", "Djmayvxobiyq14", "SL402", "SH579" );
INSERT INTO ItemOrder VALUES ( "IO-Sii1032535", 0, "2011-4-12", "recived", "Lblfb8", "SL379", "SH579" );
INSERT INTO ItemOrder VALUES ( "IO-Irmm1032552", 0, "2015-10-2", "Confirm payment", "Dowojolpuigelfmus11", "SL385", "SH580" );
INSERT INTO ItemOrder VALUES ( "IO-Gaiq1032569", 0, "2005-5-9", "Waiting for payment", "Stihiiuvgdnv13", "SL391", "SH578" );
INSERT INTO ItemOrder VALUES ( "IO-Z1032586", 0, "2001-9-18", "recived", "Ohbasogk12", "SL398", "SH579" );
INSERT INTO ItemOrder VALUES ( "IO-Gml1032603", 0, "2006-5-7", "Waiting for payment", "Ysm4", "SL363", "SH580" );
INSERT INTO ItemOrder VALUES ( "IO-Dqsu1032620", 0, "2013-3-27", "Confirm payment", "Hciucaox6", "SL413", "SH579" );
INSERT INTO ItemOrder VALUES ( "IO-Bwi1032637", 0, "2005-9-25", "Waiting for payment", "Djmayvxobiyq14", "SL402", "SH579" );
INSERT INTO ItemOrder VALUES ( "IO-U1032654", 0, "2005-9-25", "recived", "Zbgqfjfltwmvekbi10", "SL371", "SH580" );
INSERT INTO ItemOrder VALUES ( "IO-Zm1032671", 0, "2016-6-1", "Confirm payment", "Tikba17", "SL405", "SH579" );
INSERT INTO ItemOrder VALUES ( "IO-U1032688", 0, "2013-3-11", "Confirm payment", "Lblfb8", "SL379", "SH579" );
INSERT INTO ItemOrder VALUES ( "IO-Low1032705", 0, "2016-9-16", "Waiting for payment", "Rnusmcficpkhj14", "SL384", "SH579" );
INSERT INTO ItemOrder VALUES ( "IO-Jf1032722", 0, "2008-2-14", "shipping", "Nmxx7", "SL373", "SH578" );
INSERT INTO ItemOrder VALUES ( "IO-L1032739", 0, "2017-8-22", "shipping", "Ipykbjxzzc13", "SL412", "SH580" );
INSERT INTO ItemOrder VALUES ( "IO-Vaj1032756", 0, "2009-12-13", "Confirm payment", "Bsfb4", "SL395", "SH579" );
INSERT INTO ItemOrder VALUES ( "IO-Zg1032773", 0, "2004-1-31", "recived", "Ipykbjxzzc13", "SL412", "SH580" );
INSERT INTO ItemOrder VALUES ( "IO-D1032790", 0, "2012-12-24", "recived", "Xuzptnscgcchxdm14", "SL409", "SH578" );
INSERT INTO ItemOrder VALUES ( "IO-Nm1032807", 0, "2014-10-25", "Waiting for payment", "Ohbasogk12", "SL398", "SH579" );
INSERT INTO ItemOrder VALUES ( "IO-Xd1032824", 0, "2003-12-7", "Confirm payment", "Fipdggg9", "SL388", "SH578" );
INSERT INTO ItemOrder VALUES ( "IO-Sizx1032841", 0, "2009-9-26", "Waiting for payment", "Uzqzynq10", "SL374", "SH580" );
INSERT INTO ItemOrder VALUES ( "IO-Nmj1032858", 0, "2005-10-19", "Confirm payment", "Yygxmrp9", "SL408", "SH578" );
INSERT INTO ItemOrder VALUES ( "IO-H1032875", 0, "2002-5-7", "Waiting for payment", "Lgvffyclkemrirl9", "SL396", "SH578" );
INSERT INTO ItemOrder VALUES ( "IO-Vmp1032892", 0, "2013-4-19", "Confirm payment", "Kkwdpqtzafuvo16", "SL377", "SH578" );
INSERT INTO ItemOrder VALUES ( "IO-Ix1032909", 0, "2002-3-24", "shipping", "Ecgkajzb13", "SL370", "SH580" );
INSERT INTO ItemOrder VALUES ( "IO-Wwgc1032926", 0, "2005-4-21", "shipping", "Ipykbjxzzc13", "SL412", "SH580" );
INSERT INTO ItemOrder VALUES ( "IO-Ozfa1032943", 0, "2016-6-7", "recived", "Crylati14", "SL404", "SH580" );
INSERT INTO ItemOrder VALUES ( "IO-M1032960", 0, "2002-8-19", "recived", "Djmayvxobiyq14", "SL402", "SH579" );
INSERT INTO ItemOrder VALUES ( "IO-Pqk1032977", 0, "2006-12-29", "shipping", "Zbgqfjfltwmvekbi10", "SL371", "SH580" );
INSERT INTO ItemOrder VALUES ( "IO-P1032994", 0, "2004-3-20", "Waiting for payment", "Zbgqfjfltwmvekbi10", "SL371", "SH580" );
INSERT INTO ItemOrder VALUES ( "IO-L1033011", 0, "2003-4-31", "recived", "Dzyuhpkffwbh15", "SL383", "SH580" );
INSERT INTO ItemOrder VALUES ( "IO-A1033028", 0, "2008-10-23", "shipping", "Cmxnthecsx13", "SL362", "SH579" );
INSERT INTO ItemOrder VALUES ( "IO-Kan1033045", 0, "2004-3-31", "Waiting for payment", "Stihiiuvgdnv13", "SL391", "SH578" );
INSERT INTO ItemOrder VALUES ( "IO-Ffee1033062", 0, "2016-5-21", "Confirm payment", "Eyfjyrjdvdnskq16", "SL387", "SH579" );
INSERT INTO ItemOrder VALUES ( "IO-Hwha1033079", 0, "2003-1-28", "Waiting for payment", "Zwaerftrcboj12", "SL360", "SH578" );
INSERT INTO ItemOrder VALUES ( "IO-Gwp1033096", 0, "2002-12-2", "recived", "Ylselsuzpeqyycbpi9", "SL375", "SH580" );
INSERT INTO ItemOrder VALUES ( "IO-Ynp1033113", 0, "2010-4-3", "Confirm payment", "Szkfjnhhkqw14", "SL392", "SH579" );
INSERT INTO ItemOrder VALUES ( "IO-Jkm1033130", 0, "2011-12-12", "recived", "Tikba17", "SL405", "SH579" );
INSERT INTO ItemOrder VALUES ( "IO-Fs1033147", 0, "2016-11-16", "shipping", "Cmxnthecsx13", "SL362", "SH579" );
INSERT INTO ItemOrder VALUES ( "IO-A1033164", 0, "2000-12-4", "recived", "Ahcrfkbyizdz3", "SL381", "SH578" );
INSERT INTO ItemOrder VALUES ( "IO-Jurc1033181", 0, "2004-1-12", "Waiting for payment", "Nor9", "SL361", "SH580" );
INSERT INTO ItemOrder VALUES ( "IO-B1033198", 0, "2015-3-2", "Confirm payment", "Jlarhvvtepbi17", "SL357", "SH579" );
INSERT INTO ItemOrder VALUES ( "IO-F1033215", 0, "2014-9-31", "Waiting for payment", "Bjop15", "SL399", "SH579" );
INSERT INTO ItemOrder VALUES ( "IO-Xh1033232", 0, "2014-1-16", "shipping", "Mgkqalodmggdyhkn12", "SL415", "SH579" );
INSERT INTO ItemOrder VALUES ( "IO-Q1033249", 0, "2016-12-5", "shipping", "Mqvqce6", "SL380", "SH578" );
INSERT INTO ItemOrder VALUES ( "IO-Qsq1033266", 0, "2013-4-18", "recived", "Bodnpz14", "SL369", "SH580" );
INSERT INTO ItemOrder VALUES ( "IO-Sqr1033283", 0, "2011-10-10", "Confirm payment", "Tikba17", "SL405", "SH579" );
INSERT INTO ItemOrder VALUES ( "IO-B1033300", 0, "2006-9-26", "Waiting for payment", "Eyfjyrjdvdnskq16", "SL387", "SH579" );
INSERT INTO ItemOrder VALUES ( "IO-Ilis1033317", 0, "2010-6-8", "shipping", "Stihiiuvgdnv13", "SL391", "SH578" );
INSERT INTO ItemOrder VALUES ( "IO-Vjc1033334", 0, "2015-1-26", "shipping", "Eyfjyrjdvdnskq16", "SL387", "SH579" );
INSERT INTO ItemOrder VALUES ( "IO-Yjo1033351", 0, "2009-10-8", "recived", "Lkhmvxx4", "SL367", "SH578" );
INSERT INTO ItemOrder VALUES ( "IO-F1033368", 0, "2008-8-18", "Waiting for payment", "Lkhmvxx4", "SL367", "SH578" );
INSERT INTO ItemOrder VALUES ( "IO-Kh1033385", 0, "2000-9-12", "recived", "Ipykbjxzzc13", "SL412", "SH580" );
INSERT INTO ItemOrder VALUES ( "IO-Oe1033402", 0, "2010-11-20", "recived", "Zbgqfjfltwmvekbi10", "SL371", "SH580" );
INSERT INTO ItemOrder VALUES ( "IO-Qwii1033419", 0, "2011-3-5", "Confirm payment", "Mqbrvk12", "SL372", "SH580" );
INSERT INTO ItemOrder VALUES ( "IO-X1033436", 0, "2013-11-22", "Confirm payment", "Prhjcnbubjschbljz17", "SL407", "SH580" );
INSERT INTO ItemOrder VALUES ( "IO-Iq1033453", 0, "2009-4-24", "shipping", "Uzqzynq10", "SL374", "SH580" );
INSERT INTO ItemOrder VALUES ( "IO-Qq1033470", 0, "2014-11-28", "Waiting for payment", "Hdt10", "SL394", "SH578" );
INSERT INTO ItemOrder VALUES ( "IO-H1033487", 0, "2009-2-5", "Waiting for payment", "Aeeqnaynzokixwrc9", "SL397", "SH579" );
INSERT INTO ItemOrder VALUES ( "IO-O1033504", 0, "2016-9-1", "recived", "Zbgqfjfltwmvekbi10", "SL371", "SH580" );
INSERT INTO ItemOrder VALUES ( "IO-Ehde1033521", 0, "2006-6-27", "shipping", "Mqbrvk12", "SL372", "SH580" );
INSERT INTO ItemOrder VALUES ( "IO-Up1033538", 0, "2010-9-27", "Confirm payment", "Hdt10", "SL394", "SH578" );
INSERT INTO ItemOrder VALUES ( "IO-To1033555", 0, "2003-6-25", "Confirm payment", "Bsfb4", "SL395", "SH579" );
INSERT INTO ItemOrder VALUES ( "IO-M1033572", 0, "2016-3-17", "recived", "Hciucaox6", "SL413", "SH579" );
INSERT INTO ItemOrder VALUES ( "IO-T1033589", 0, "2000-5-7", "Confirm payment", "Zwaerftrcboj12", "SL360", "SH578" );
INSERT INTO ItemOrder VALUES ( "IO-O1033606", 0, "2010-10-9", "Waiting for payment", "Cmxnthecsx13", "SL362", "SH579" );
INSERT INTO ItemOrder VALUES ( "IO-O1033623", 0, "2005-2-23", "Confirm payment", "Yygxmrp9", "SL408", "SH578" );
INSERT INTO ItemOrder VALUES ( "IO-Mgh1033640", 0, "2007-9-26", "Confirm payment", "Szkfjnhhkqw14", "SL392", "SH579" );
INSERT INTO ItemOrder VALUES ( "IO-P1033657", 0, "2001-11-14", "shipping", "Xsd7", "SL410", "SH579" );
INSERT INTO ItemOrder VALUES ( "IO-Tt1033674", 0, "2008-1-4", "Waiting for payment", "Hciucaox6", "SL413", "SH579" );
INSERT INTO ItemOrder VALUES ( "IO-Hth1033691", 0, "2013-8-30", "recived", "Axbrvomuobbsztsb8", "SL359", "SH578" );
INSERT INTO ItemOrder VALUES ( "IO-C1033708", 0, "2008-4-1", "Waiting for payment", "Lrdpvyvfuvzmhlzq7", "SL366", "SH578" );
INSERT INTO ItemOrder VALUES ( "IO-Cdl1033725", 0, "2015-5-12", "shipping", "Oee13", "SL406", "SH578" );
INSERT INTO ItemOrder VALUES ( "IO-Vlr1033742", 0, "2007-6-15", "Waiting for payment", "Txjgbyqhievaqya17", "SL389", "SH580" );
INSERT INTO ItemOrder VALUES ( "IO-Oai1033759", 0, "2016-12-29", "Confirm payment", "Djmayvxobiyq14", "SL402", "SH579" );
INSERT INTO ItemOrder VALUES ( "IO-Ruvo1033776", 0, "2005-6-19", "Confirm payment", "Tikba17", "SL405", "SH579" );
INSERT INTO ItemOrder VALUES ( "IO-Kx1033793", 0, "2001-7-12", "recived", "Lrdpvyvfuvzmhlzq7", "SL366", "SH578" );
INSERT INTO ItemOrder VALUES ( "IO-Jbn1033810", 0, "2005-2-18", "Confirm payment", "Ioiieliybzq15", "SL411", "SH578" );
INSERT INTO ItemOrder VALUES ( "IO-Mg1033827", 0, "2002-4-24", "Confirm payment", "Tikba17", "SL405", "SH579" );
INSERT INTO ItemOrder VALUES ( "IO-Xqyr1033844", 0, "2013-7-30", "recived", "Xuzptnscgcchxdm14", "SL409", "SH578" );
INSERT INTO ItemOrder VALUES ( "IO-Fkch1033861", 0, "2009-9-16", "Confirm payment", "Mgmbipyuxess15", "SL393", "SH578" );
INSERT INTO ItemOrder VALUES ( "IO-Irwo1033878", 0, "2008-11-31", "Confirm payment", "Kkwdpqtzafuvo16", "SL377", "SH578" );
INSERT INTO ItemOrder VALUES ( "IO-Cp1033895", 0, "2002-7-16", "recived", "Nor9", "SL361", "SH580" );
INSERT INTO ItemOrder VALUES ( "IO-Vuos1033912", 0, "2007-11-10", "shipping", "Crylati14", "SL404", "SH580" );
INSERT INTO ItemOrder VALUES ( "IO-Xxcg1033929", 0, "2007-6-8", "shipping", "Lkhmvxx4", "SL367", "SH578" );
INSERT INTO ItemOrder VALUES ( "IO-H1033946", 0, "2002-11-20", "recived", "Tusagqxvqio6", "SL400", "SH578" );
INSERT INTO ItemOrder VALUES ( "IO-Xjrh1033963", 0, "2003-9-14", "Waiting for payment", "Ysm4", "SL363", "SH580" );
INSERT INTO ItemOrder VALUES ( "IO-Xei1033980", 0, "2008-4-8", "Waiting for payment", "Kcqje14", "SL401", "SH579" );
INSERT INTO ItemOrder VALUES ( "IO-Zu1033997", 0, "2011-1-29", "recived", "Wtrogigoxl17", "SL376", "SH579" );
INSERT INTO ItemOrder VALUES ( "IO-U1034014", 0, "2004-10-22", "Waiting for payment", "Zbgqfjfltwmvekbi10", "SL371", "SH580" );
INSERT INTO ItemOrder VALUES ( "IO-M1034031", 0, "2006-12-20", "shipping", "Fipdggg9", "SL388", "SH578" );
INSERT INTO ItemOrder VALUES ( "IO-X1034048", 0, "2007-7-2", "shipping", "Fkpmvassycuma4", "SL403", "SH580" );
INSERT INTO ItemOrder VALUES ( "IO-O1034065", 0, "2012-4-2", "recived", "Nor9", "SL361", "SH580" );
INSERT INTO ItemOrder VALUES ( "IO-Ic1034082", 0, "2017-2-29", "Confirm payment", "Lkhmvxx4", "SL367", "SH578" );
INSERT INTO ItemOrder VALUES ( "IO-Sk1034099", 0, "2016-3-29", "Confirm payment", "Dzyuhpkffwbh15", "SL383", "SH580" );
INSERT INTO ItemOrder VALUES ( "IO-Un1034116", 0, "2007-1-1", "shipping", "Dowojolpuigelfmus11", "SL385", "SH580" );
INSERT INTO ItemOrder VALUES ( "IO-Pn1034133", 0, "2010-5-15", "Confirm payment", "Akornihof16", "SL414", "SH578" );
INSERT INTO ItemOrder VALUES ( "IO-Xvj1034150", 0, "2003-12-11", "Confirm payment", "Mqvqce6", "SL380", "SH578" );
INSERT INTO ItemOrder VALUES ( "IO-F1034167", 0, "2007-6-11", "Confirm payment", "Axbrvomuobbsztsb8", "SL359", "SH578" );
INSERT INTO ItemOrder VALUES ( "IO-I1034184", 0, "2011-9-25", "Confirm payment", "Asffmhftpxcysc16", "SL378", "SH580" );
INSERT INTO ItemOrder VALUES ( "IO-Fxzz1034201", 0, "2016-7-31", "Waiting for payment", "Qhcdbdxtyfj11", "SL365", "SH579" );
INSERT INTO ItemOrder VALUES ( "IO-Zqap1034218", 0, "2005-12-29", "recived", "Ohbasogk12", "SL398", "SH579" );
INSERT INTO ItemOrder VALUES ( "IO-Noly1034235", 0, "2001-4-21", "recived", "Zwaerftrcboj12", "SL360", "SH578" );
INSERT INTO ItemOrder VALUES ( "IO-C1034252", 0, "2009-11-30", "Waiting for payment", "Mgkqalodmggdyhkn12", "SL415", "SH579" );
INSERT INTO ItemOrder VALUES ( "IO-D1034269", 0, "2007-6-14", "recived", "Crylati14", "SL404", "SH580" );
INSERT INTO ItemOrder VALUES ( "IO-Pnf1034286", 0, "2006-10-26", "shipping", "Wtrogigoxl17", "SL376", "SH579" );
INSERT INTO ItemOrder VALUES ( "IO-Y1034303", 0, "2017-12-2", "shipping", "Honjn6", "SL382", "SH579" );
INSERT INTO ItemOrder VALUES ( "IO-Cl1034320", 0, "2012-1-13", "shipping", "Txjgbyqhievaqya17", "SL389", "SH580" );
INSERT INTO ItemOrder VALUES ( "IO-F1034337", 0, "2003-4-21", "Confirm payment", "Ufxfzroi16", "SL358", "SH578" );
INSERT INTO ItemOrder VALUES ( "IO-Fkj1034354", 0, "2008-11-30", "recived", "Pchzsompchc7", "SL390", "SH578" );
INSERT INTO ItemOrder VALUES ( "IO-Nr1034371", 0, "2009-4-7", "recived", "Nmxx7", "SL373", "SH578" );
INSERT INTO ItemOrder VALUES ( "IO-Z1034388", 0, "2002-5-24", "shipping", "Ufxfzroi16", "SL358", "SH578" );
INSERT INTO ItemOrder VALUES ( "IO-Vqg1034405", 0, "2013-7-27", "shipping", "Ipykbjxzzc13", "SL412", "SH580" );
INSERT INTO ItemOrder VALUES ( "IO-Hjer1034422", 0, "2003-1-7", "Waiting for payment", "Ioiieliybzq15", "SL411", "SH578" );
INSERT INTO ItemOrder VALUES ( "IO-Sooe1034439", 0, "2010-2-3", "Waiting for payment", "Oee13", "SL406", "SH578" );
INSERT INTO ItemOrder VALUES ( "IO-M1034456", 0, "2002-10-30", "Waiting for payment", "Nbfhlxr8", "SL364", "SH578" );
INSERT INTO ItemOrder VALUES ( "IO-Ezlw1034473", 0, "2016-1-22", "Waiting for payment", "Hciucaox6", "SL413", "SH579" );
INSERT INTO ItemOrder VALUES ( "IO-D1034490", 0, "2008-3-16", "recived", "Honjn6", "SL382", "SH579" );
INSERT INTO ItemOrder VALUES ( "IO-Dmxn1034507", 0, "2006-11-20", "shipping", "Vgztfqxahmhybzctv6", "SL386", "SH578" );
INSERT INTO ItemOrder VALUES ( "IO-V1034524", 0, "2015-3-10", "Confirm payment", "Nor9", "SL361", "SH580" );
INSERT INTO ItemOrder VALUES ( "IO-Q1034541", 0, "2005-1-7", "recived", "Txjgbyqhievaqya17", "SL389", "SH580" );
INSERT INTO ItemOrder VALUES ( "IO-H1034558", 0, "2015-3-21", "Confirm payment", "Qhcdbdxtyfj11", "SL365", "SH579" );
INSERT INTO ItemOrder VALUES ( "IO-Pmjj1034575", 0, "2003-2-2", "shipping", "Eyfjyrjdvdnskq16", "SL387", "SH579" );
INSERT INTO ItemOrder VALUES ( "IO-L1034592", 0, "2016-3-25", "shipping", "Prhjcnbubjschbljz17", "SL407", "SH580" );
INSERT INTO ItemOrder VALUES ( "IO-Sv1034609", 0, "2006-4-27", "recived", "Kcqje14", "SL401", "SH579" );
INSERT INTO ItemOrder VALUES ( "IO-O1034626", 0, "2011-1-20", "Waiting for payment", "Prhjcnbubjschbljz17", "SL407", "SH580" );
INSERT INTO ItemOrder VALUES ( "IO-Mc1034643", 0, "2002-5-8", "Waiting for payment", "Djmayvxobiyq14", "SL402", "SH579" );
INSERT INTO ItemOrder VALUES ( "IO-Bt1034660", 0, "2008-4-12", "shipping", "Akornihof16", "SL414", "SH578" );
INSERT INTO ItemOrder VALUES ( "IO-Aneq1034677", 0, "2005-5-6", "shipping", "Ecgkajzb13", "SL370", "SH580" );
INSERT INTO ItemOrder VALUES ( "IO-T1034694", 0, "2017-8-10", "Waiting for payment", "Bjop15", "SL399", "SH579" );
INSERT INTO ItemOrder VALUES ( "IO-Lwh1034711", 0, "2006-2-11", "recived", "Prhjcnbubjschbljz17", "SL407", "SH580" );
INSERT INTO ItemOrder VALUES ( "IO-G1034728", 0, "2006-9-16", "recived", "Aeeqnaynzokixwrc9", "SL397", "SH579" );
INSERT INTO ItemOrder VALUES ( "IO-Kyhi1034745", 0, "2013-11-9", "recived", "Ecgkajzb13", "SL370", "SH580" );
INSERT INTO ItemOrder VALUES ( "IO-Ja1034762", 0, "2000-3-27", "Waiting for payment", "Mqbrvk12", "SL372", "SH580" );
INSERT INTO ItemOrder VALUES ( "IO-Fac1034779", 0, "2017-3-6", "recived", "Hciucaox6", "SL413", "SH579" );
INSERT INTO ItemOrder VALUES ( "IO-D1034796", 0, "2011-8-24", "Confirm payment", "Wtrogigoxl17", "SL376", "SH579" );
INSERT INTO ItemOrder VALUES ( "IO-Hm1034813", 0, "2004-4-31", "Waiting for payment", "Akornihof16", "SL414", "SH578" );


INSERT INTO BasketContains VALUES ( "Kkwdpqtzafuvo16", "Uv1030444", "W144-4371", 11 );
INSERT INTO BasketContains VALUES ( "Xsd7", "Mba1030514", "C101-5601", 35 );
INSERT INTO BasketContains VALUES ( "Bjop15", "Vjo1030633", "W864-9993", 41 );
INSERT INTO BasketContains VALUES ( "Pchzsompchc7", "Eswqlg1030822", "C270-2661", 37 );
INSERT INTO BasketContains VALUES ( "Ahcrfkbyizdz3", "Xxcmq1030787", "C171-6065", 27 );
INSERT INTO BasketContains VALUES ( "Crylati14", "Icghua1030437", "C166-0915", 20 );
INSERT INTO BasketContains VALUES ( "Wtrogigoxl17", "Itv1030612", "C270-2661", 16 );
INSERT INTO BasketContains VALUES ( "Bsfb4", "Eswqlg1030822", "W879-4017", 1 );
INSERT INTO BasketContains VALUES ( "Txjgbyqhievaqya17", "Ok1030829", "W863-0278", 28 );
INSERT INTO BasketContains VALUES ( "Bjop15", "Fdrydy1030731", "W828-0019", 37 );
INSERT INTO BasketContains VALUES ( "Mqbrvk12", "Rwl1030479", "W113-7921", 11 );
INSERT INTO BasketContains VALUES ( "Hdt10", "Xd1030605", "W864-4697", 0 );
INSERT INTO BasketContains VALUES ( "Honjn6", "Eswqlg1030822", "C166-0915", 22 );
INSERT INTO BasketContains VALUES ( "Asffmhftpxcysc16", "Emepgu1030801", "W899-2442", 23 );
INSERT INTO BasketContains VALUES ( "Xsd7", "Nuzowf1030738", "W899-2442", 30 );
INSERT INTO BasketContains VALUES ( "Aeeqnaynzokixwrc9", "Argjr1030703", "C100-2102", 24 );
INSERT INTO BasketContains VALUES ( "Ahcrfkbyizdz3", "Ok1030829", "W819-0026", 23 );
INSERT INTO BasketContains VALUES ( "Kkwdpqtzafuvo16", "Uv1030444", "C401-0111", 23 );
INSERT INTO BasketContains VALUES ( "Akornihof16", "Knbmq1030668", "C171-5589", 5 );
INSERT INTO BasketContains VALUES ( "Lgvffyclkemrirl9", "Xxcmq1030787", "W833-0439", 14 );
INSERT INTO BasketContains VALUES ( "Bjop15", "Ufobjx1030696", "W818-2911", 9 );
INSERT INTO BasketContains VALUES ( "Qhcdbdxtyfj11", "Mrgt1030570", "W864-8541", 11 );
INSERT INTO BasketContains VALUES ( "Vgztfqxahmhybzctv6", "Qmoiuz1030549", "W140-1862", 22 );
INSERT INTO BasketContains VALUES ( "Tikba17", "Kcbgl1030528", "W888-1818", 48 );
INSERT INTO BasketContains VALUES ( "Nmxx7", "Eswqlg1030822", "W864-5304", 2 );
INSERT INTO BasketContains VALUES ( "Tusagqxvqio6", "Nab1030794", "W864-8897", 0 );
INSERT INTO BasketContains VALUES ( "Honjn6", "Eswqlg1030822", "W845-0900", 49 );
INSERT INTO BasketContains VALUES ( "Mgmbipyuxess15", "Icghua1030437", "W846-2808", 27 );
INSERT INTO BasketContains VALUES ( "Eyfjyrjdvdnskq16", "Stibx1030759", "C171-5589", 13 );
INSERT INTO BasketContains VALUES ( "Jlarhvvtepbi17", "Itv1030612", "W828-0064", 21 );
INSERT INTO BasketContains VALUES ( "Fkpmvassycuma4", "Xxcmq1030787", "W864-8541", 18 );
INSERT INTO BasketContains VALUES ( "Nbfhlxr8", "Itv1030612", "W849-9635", 14 );
INSERT INTO BasketContains VALUES ( "Lblfb8", "Fn1030689", "W868-0680", 22 );
INSERT INTO BasketContains VALUES ( "Vgztfqxahmhybzctv6", "Fn1030689", "W846-2808", 36 );
INSERT INTO BasketContains VALUES ( "Xsd7", "Akqby1030843", "W868-0559", 23 );
INSERT INTO BasketContains VALUES ( "Fipdggg9", "Xefy1030773", "W863-0250", 6 );
INSERT INTO BasketContains VALUES ( "Ecgkajzb13", "Ufobjx1030696", "C102-3071", 43 );
INSERT INTO BasketContains VALUES ( "Aeeqnaynzokixwrc9", "Eswqlg1030822", "W846-2808", 35 );
INSERT INTO BasketContains VALUES ( "Mgmbipyuxess15", "Sbkc1030430", "W879-3841", 39 );
INSERT INTO BasketContains VALUES ( "Txjgbyqhievaqya17", "Sbkc1030430", "W846-5753", 4 );
INSERT INTO BasketContains VALUES ( "Hciucaox6", "Fntmv1030458", "C132-1061", 0 );
INSERT INTO BasketContains VALUES ( "Bodnpz14", "Ywejk1030465", "C100-4119", 25 );
INSERT INTO BasketContains VALUES ( "Rnusmcficpkhj14", "Emepgu1030801", "W875-7238", 49 );
INSERT INTO BasketContains VALUES ( "Hciucaox6", "Ufobjx1030696", "C171-5589", 12 );
INSERT INTO BasketContains VALUES ( "Dowojolpuigelfmus11", "Mjevfa1030507", "W864-4697", 40 );
INSERT INTO BasketContains VALUES ( "Dowojolpuigelfmus11", "Riniwd1030766", "C131-0092", 21 );
INSERT INTO BasketContains VALUES ( "Ahcrfkbyizdz3", "Mxwerc1030780", "W868-0699", 45 );
INSERT INTO BasketContains VALUES ( "Rnusmcficpkhj14", "Knbmq1030668", "W879-0303", 37 );
INSERT INTO BasketContains VALUES ( "Oee13", "Ywejk1030465", "C132-1061", 28 );
INSERT INTO BasketContains VALUES ( "Nbfhlxr8", "Nab1030794", "C102-3071", 30 );
INSERT INTO BasketContains VALUES ( "Ysm4", "Nuzowf1030738", "C132-1070", 26 );
INSERT INTO BasketContains VALUES ( "Fipdggg9", "Ud1030542", "W843-8704", 46 );
INSERT INTO BasketContains VALUES ( "Bsfb4", "Uv1030444", "C171-5589", 29 );
INSERT INTO BasketContains VALUES ( "Mgmbipyuxess15", "Nab1030794", "W819-0035", 40 );
INSERT INTO BasketContains VALUES ( "Asffmhftpxcysc16", "Sbkc1030430", "W863-0250", 49 );
INSERT INTO BasketContains VALUES ( "Ohbasogk12", "Ffla1030584", "C101-5601", 29 );
INSERT INTO BasketContains VALUES ( "Prhjcnbubjschbljz17", "Stibx1030759", "W868-0680", 1 );
INSERT INTO BasketContains VALUES ( "Lgvffyclkemrirl9", "Smnwz1030836", "W846-5753", 8 );
INSERT INTO BasketContains VALUES ( "Mqbrvk12", "Argjr1030703", "C100-1811", 6 );
INSERT INTO BasketContains VALUES ( "Ohbasogk12", "Won1030451", "C132-1061", 49 );
INSERT INTO BasketContains VALUES ( "Crylati14", "Akqby1030843", "W845-0900", 45 );
INSERT INTO BasketContains VALUES ( "Lrdpvyvfuvzmhlzq7", "Knbmq1030668", "W879-3841", 44 );
INSERT INTO BasketContains VALUES ( "Szkfjnhhkqw14", "Fn1030689", "W113-8133", 14 );
INSERT INTO BasketContains VALUES ( "Ecgkajzb13", "Smnwz1030836", "W846-5753", 32 );
INSERT INTO BasketContains VALUES ( "Stihiiuvgdnv13", "Ywejk1030465", "W144-4371", 10 );
INSERT INTO BasketContains VALUES ( "Mqvqce6", "Won1030451", "W818-0542", 38 );
INSERT INTO BasketContains VALUES ( "Djmayvxobiyq14", "Emepgu1030801", "W819-0035", 34 );
INSERT INTO BasketContains VALUES ( "Honjn6", "Akqby1030843", "W820-0475", 35 );
INSERT INTO BasketContains VALUES ( "Ipykbjxzzc13", "Smnwz1030836", "W846-2808", 48 );
INSERT INTO BasketContains VALUES ( "Axbrvomuobbsztsb8", "Ckpaen1030654", "W888-1818", 26 );
INSERT INTO BasketContains VALUES ( "Axbrvomuobbsztsb8", "Nlp1030675", "C132-1070", 34 );
INSERT INTO BasketContains VALUES ( "Osglyualah4", "Riniwd1030766", "W849-9635", 22 );
INSERT INTO BasketContains VALUES ( "Uzqzynq10", "Xqgpw1030598", "W818-2911", 16 );
INSERT INTO BasketContains VALUES ( "Rnusmcficpkhj14", "Won1030451", "W144-4371", 25 );
INSERT INTO BasketContains VALUES ( "Mgmbipyuxess15", "Riniwd1030766", "W850-4788", 28 );
INSERT INTO BasketContains VALUES ( "Jlarhvvtepbi17", "Dllqdx1030745", "W105-3373", 26 );
INSERT INTO BasketContains VALUES ( "Yygxmrp9", "Xxcmq1030787", "W868-0680", 19 );
INSERT INTO BasketContains VALUES ( "Zwaerftrcboj12", "Xd1030605", "C131-0092", 15 );
INSERT INTO BasketContains VALUES ( "Rnusmcficpkhj14", "Ywejk1030465", "C101-5610", 32 );
INSERT INTO BasketContains VALUES ( "Dowojolpuigelfmus11", "Ssyj1030647", "C142-0034", 1 );
INSERT INTO BasketContains VALUES ( "Osglyualah4", "Xefy1030773", "W879-0011", 40 );
INSERT INTO BasketContains VALUES ( "Wtrogigoxl17", "Mxwerc1030780", "W864-8541", 47 );
INSERT INTO BasketContains VALUES ( "Lrdpvyvfuvzmhlzq7", "Rcqgg1030619", "W144-4371", 48 );
INSERT INTO BasketContains VALUES ( "Xsd7", "Xlvmu1030535", "C142-0016", 6 );
INSERT INTO BasketContains VALUES ( "Lkhmvxx4", "Bmpbe1030640", "W864-9993", 48 );
INSERT INTO BasketContains VALUES ( "Dowojolpuigelfmus11", "Scynx1030486", "W845-0900", 38 );
INSERT INTO BasketContains VALUES ( "Vgztfqxahmhybzctv6", "Won1030451", "W820-0475", 36 );
INSERT INTO BasketContains VALUES ( "Ipykbjxzzc13", "Sh1030724", "W850-4788", 10 );
INSERT INTO BasketContains VALUES ( "Uzqzynq10", "Uxbq1030682", "W849-9635", 24 );
INSERT INTO BasketContains VALUES ( "Kkwdpqtzafuvo16", "Riniwd1030766", "W113-7921", 4 );
INSERT INTO BasketContains VALUES ( "Mqbrvk12", "Ufobjx1030696", "W144-3123", 26 );
INSERT INTO BasketContains VALUES ( "Hciucaox6", "Ffla1030584", "W868-0699", 6 );
INSERT INTO BasketContains VALUES ( "Lrdpvyvfuvzmhlzq7", "Pvy1030591", "C132-1070", 34 );
INSERT INTO BasketContains VALUES ( "Prhjcnbubjschbljz17", "Mjevfa1030507", "W879-3841", 40 );
INSERT INTO BasketContains VALUES ( "Ecgkajzb13", "Emepgu1030801", "W868-0945", 19 );
INSERT INTO BasketContains VALUES ( "Xuzptnscgcchxdm14", "Rwl1030479", "W846-2808", 16 );
INSERT INTO BasketContains VALUES ( "Lblfb8", "Icghua1030437", "C132-1070", 20 );
INSERT INTO BasketContains VALUES ( "Oee13", "Bmpbe1030640", "W864-4697", 26 );
INSERT INTO BasketContains VALUES ( "Bjop15", "Fn1030689", "W140-1862", 18 );
INSERT INTO BasketContains VALUES ( "Vgztfqxahmhybzctv6", "Aiq1030472", "C166-0915", 41 );
INSERT INTO BasketContains VALUES ( "Ysm4", "Won1030451", "C177-0805", 15 );
INSERT INTO BasketContains VALUES ( "Jlarhvvtepbi17", "Xefy1030773", "C101-5601", 10 );
INSERT INTO BasketContains VALUES ( "Axbrvomuobbsztsb8", "Fdrydy1030731", "W863-0278", 7 );
INSERT INTO BasketContains VALUES ( "Aeeqnaynzokixwrc9", "Xd1030605", "W819-0026", 40 );
INSERT INTO BasketContains VALUES ( "Lkhmvxx4", "Ekz1030661", "W144-4371", 35 );
INSERT INTO BasketContains VALUES ( "Bjop15", "Bmpbe1030640", "W868-0680", 8 );
INSERT INTO BasketContains VALUES ( "Mgkqalodmggdyhkn12", "Sbkc1030430", "W819-0035", 7 );
INSERT INTO BasketContains VALUES ( "Xsd7", "Ckpaen1030654", "W864-5456", 44 );
INSERT INTO BasketContains VALUES ( "Zwaerftrcboj12", "Ud1030542", "W864-4697", 19 );
INSERT INTO BasketContains VALUES ( "Mqbrvk12", "Sh1030724", "W868-0945", 41 );
INSERT INTO BasketContains VALUES ( "Xuzptnscgcchxdm14", "Icghua1030437", "W818-0542", 33 );
INSERT INTO BasketContains VALUES ( "Hdt10", "Ckpaen1030654", "W864-8541", 48 );
INSERT INTO BasketContains VALUES ( "Mgkqalodmggdyhkn12", "Ufobjx1030696", "W843-9961", 37 );
INSERT INTO BasketContains VALUES ( "Hciucaox6", "Mxwerc1030780", "W875-7238", 42 );
INSERT INTO BasketContains VALUES ( "Mgmbipyuxess15", "Xlvmu1030535", "W875-7238", 46 );
INSERT INTO BasketContains VALUES ( "Ipykbjxzzc13", "Sh1030724", "W846-5753", 10 );
INSERT INTO BasketContains VALUES ( "Hciucaox6", "Stibx1030759", "W868-0699", 12 );
INSERT INTO BasketContains VALUES ( "Axbrvomuobbsztsb8", "Uv1030444", "W864-5304", 38 );
INSERT INTO BasketContains VALUES ( "Rnusmcficpkhj14", "Nab1030794", "W868-0945", 8 );
INSERT INTO BasketContains VALUES ( "Dzyuhpkffwbh15", "Mrgt1030570", "W113-8133", 43 );
INSERT INTO BasketContains VALUES ( "Akornihof16", "Xefy1030773", "W819-0026", 29 );
INSERT INTO BasketContains VALUES ( "Lkhmvxx4", "Nab1030794", "W888-1818", 10 );
INSERT INTO BasketContains VALUES ( "Lgvffyclkemrirl9", "Uu1030563", "W846-2808", 48 );
INSERT INTO BasketContains VALUES ( "Lgvffyclkemrirl9", "Anr1030808", "W828-0019", 35 );
INSERT INTO BasketContains VALUES ( "Osglyualah4", "Ywejk1030465", "W820-0022", 9 );
INSERT INTO BasketContains VALUES ( "Cmxnthecsx13", "Ekz1030661", "C166-0915", 11 );
INSERT INTO BasketContains VALUES ( "Dowojolpuigelfmus11", "Uv1030444", "C171-6065", 13 );
INSERT INTO BasketContains VALUES ( "Qhcdbdxtyfj11", "Dwr1030717", "C132-1061", 36 );
INSERT INTO BasketContains VALUES ( "Mqvqce6", "Ssyj1030647", "C401-0111", 28 );
INSERT INTO BasketContains VALUES ( "Aeeqnaynzokixwrc9", "Mxwerc1030780", "W843-8704", 0 );
INSERT INTO BasketContains VALUES ( "Mqbrvk12", "Knbmq1030668", "C166-0915", 1 );
INSERT INTO BasketContains VALUES ( "Fkpmvassycuma4", "Xlvmu1030535", "W833-0439", 27 );
INSERT INTO BasketContains VALUES ( "Lblfb8", "Fn1030689", "C132-2848", 24 );
INSERT INTO BasketContains VALUES ( "Mgmbipyuxess15", "Argjr1030703", "W846-2808", 7 );
INSERT INTO BasketContains VALUES ( "Zbgqfjfltwmvekbi10", "Riniwd1030766", "W863-0250", 3 );
INSERT INTO BasketContains VALUES ( "Lrdpvyvfuvzmhlzq7", "Argjr1030703", "W864-5313", 46 );
INSERT INTO BasketContains VALUES ( "Cmxnthecsx13", "Fdrydy1030731", "C177-0805", 17 );
INSERT INTO BasketContains VALUES ( "Hdnqmddc12", "Itv1030612", "W846-2808", 41 );
INSERT INTO BasketContains VALUES ( "Ecgkajzb13", "Wzdtr1030493", "W828-0019", 28 );
INSERT INTO BasketContains VALUES ( "Lgvffyclkemrirl9", "Eswqlg1030822", "C100-2111", 1 );
INSERT INTO BasketContains VALUES ( "Ohbasogk12", "Sll1030752", "C132-1061", 32 );
INSERT INTO BasketContains VALUES ( "Nor9", "Xqgpw1030598", "W863-0250", 35 );
INSERT INTO BasketContains VALUES ( "Axbrvomuobbsztsb8", "Su1030815", "W879-0011", 11 );
INSERT INTO BasketContains VALUES ( "Xuzptnscgcchxdm14", "Itv1030612", "W819-0035", 0 );
INSERT INTO BasketContains VALUES ( "Bsfb4", "Nab1030794", "W879-3841", 11 );
INSERT INTO BasketContains VALUES ( "Ysm4", "Sh1030724", "W113-7921", 33 );
INSERT INTO BasketContains VALUES ( "Jlarhvvtepbi17", "Ekz1030661", "W879-4017", 16 );
INSERT INTO BasketContains VALUES ( "Stihiiuvgdnv13", "Fdrydy1030731", "W879-4017", 27 );
INSERT INTO BasketContains VALUES ( "Lblfb8", "Mxwerc1030780", "W828-0019", 32 );
INSERT INTO BasketContains VALUES ( "Qhcdbdxtyfj11", "Qmoiuz1030549", "W879-4017", 44 );
INSERT INTO BasketContains VALUES ( "Ioiieliybzq15", "Xefy1030773", "C177-1424", 41 );
INSERT INTO BasketContains VALUES ( "Honjn6", "Won1030451", "C177-0805", 29 );
INSERT INTO BasketContains VALUES ( "Stihiiuvgdnv13", "Riniwd1030766", "W850-0029", 27 );
INSERT INTO BasketContains VALUES ( "Xsd7", "Xd1030605", "W846-5753", 41 );
INSERT INTO BasketContains VALUES ( "Uzqzynq10", "Eswqlg1030822", "W843-9961", 4 );
INSERT INTO BasketContains VALUES ( "Crylati14", "Rcqgg1030619", "W102-4584", 2 );
INSERT INTO BasketContains VALUES ( "Mqbrvk12", "Riniwd1030766", "C131-0092", 10 );
INSERT INTO BasketContains VALUES ( "Xsd7", "Ud1030542", "C132-1061", 23 );
INSERT INTO BasketContains VALUES ( "Mgmbipyuxess15", "Uu1030563", "W819-0026", 36 );
INSERT INTO BasketContains VALUES ( "Cmxnthecsx13", "Nuzowf1030738", "C142-0016", 26 );
INSERT INTO BasketContains VALUES ( "Zbgqfjfltwmvekbi10", "Knxj1030556", "W879-0303", 42 );
INSERT INTO BasketContains VALUES ( "Cmxnthecsx13", "Mjevfa1030507", "W819-0035", 13 );
INSERT INTO BasketContains VALUES ( "Ysm4", "Scynx1030486", "C100-2102", 9 );
INSERT INTO BasketContains VALUES ( "Zwaerftrcboj12", "Mba1030514", "W868-0945", 27 );
INSERT INTO BasketContains VALUES ( "Zwaerftrcboj12", "Fdrydy1030731", "W819-0026", 34 );
INSERT INTO BasketContains VALUES ( "Oee13", "Uv1030444", "C102-3071", 33 );
INSERT INTO BasketContains VALUES ( "Zwaerftrcboj12", "Aiq1030472", "W820-0475", 16 );
INSERT INTO BasketContains VALUES ( "Rnusmcficpkhj14", "Knbmq1030668", "W843-9961", 39 );
INSERT INTO BasketContains VALUES ( "Hdt10", "Bmpbe1030640", "W864-9993", 22 );
INSERT INTO BasketContains VALUES ( "Nmxx7", "Uxbq1030682", "W833-0439", 24 );
INSERT INTO BasketContains VALUES ( "Djmayvxobiyq14", "Pvy1030591", "W843-9961", 37 );
INSERT INTO BasketContains VALUES ( "Asffmhftpxcysc16", "Uv1030444", "W847-4821", 47 );
INSERT INTO BasketContains VALUES ( "Wtrogigoxl17", "Xefy1030773", "W144-4371", 35 );
INSERT INTO BasketContains VALUES ( "Lblfb8", "Dhsbqi1030710", "W843-8704", 47 );
INSERT INTO BasketContains VALUES ( "Dowojolpuigelfmus11", "Qmoiuz1030549", "W888-1818", 25 );
INSERT INTO BasketContains VALUES ( "Mqbrvk12", "Knxj1030556", "W879-4017", 21 );
INSERT INTO BasketContains VALUES ( "Crylati14", "Akqby1030843", "C100-4128", 40 );
INSERT INTO BasketContains VALUES ( "Ohbasogk12", "Mrgt1030570", "W846-5753", 7 );
INSERT INTO BasketContains VALUES ( "Xsd7", "Nlp1030675", "W868-0945", 33 );
INSERT INTO BasketContains VALUES ( "Ioiieliybzq15", "Ok1030829", "C100-2111", 43 );
INSERT INTO BasketContains VALUES ( "Zbgqfjfltwmvekbi10", "Vjo1030633", "C101-5601", 30 );
INSERT INTO BasketContains VALUES ( "Hciucaox6", "Sbkc1030430", "W879-3841", 7 );
INSERT INTO BasketContains VALUES ( "Zbgqfjfltwmvekbi10", "Mjevfa1030507", "W846-2808", 28 );
INSERT INTO BasketContains VALUES ( "Prhjcnbubjschbljz17", "Sll1030752", "W888-1818", 37 );
INSERT INTO BasketContains VALUES ( "Dowojolpuigelfmus11", "Rwl1030479", "W820-0475", 28 );
INSERT INTO BasketContains VALUES ( "Hdt10", "Mjevfa1030507", "C131-0092", 49 );
INSERT INTO BasketContains VALUES ( "Mqvqce6", "Won1030451", "W850-4788", 1 );
INSERT INTO BasketContains VALUES ( "Uzqzynq10", "At1030521", "C102-3071", 27 );
INSERT INTO BasketContains VALUES ( "Bodnpz14", "Fdrydy1030731", "W879-4017", 49 );
INSERT INTO BasketContains VALUES ( "Asffmhftpxcysc16", "Mrgt1030570", "W850-4788", 46 );
INSERT INTO BasketContains VALUES ( "Honjn6", "Knxj1030556", "W875-7238", 0 );
INSERT INTO BasketContains VALUES ( "Lgvffyclkemrirl9", "Eswqlg1030822", "W102-4584", 38 );
INSERT INTO BasketContains VALUES ( "Ecgkajzb13", "Dwr1030717", "W820-0475", 42 );
INSERT INTO BasketContains VALUES ( "Axbrvomuobbsztsb8", "Wzdtr1030493", "C171-5516", 49 );
INSERT INTO BasketContains VALUES ( "Fkpmvassycuma4", "Xxcmq1030787", "W850-0029", 36 );
INSERT INTO BasketContains VALUES ( "Bjop15", "Anr1030808", "C166-0915", 44 );
INSERT INTO BasketContains VALUES ( "Xsd7", "Rwl1030479", "C100-4119", 36 );
INSERT INTO BasketContains VALUES ( "Lgvffyclkemrirl9", "Knbmq1030668", "C142-0016", 27 );
INSERT INTO BasketContains VALUES ( "Axbrvomuobbsztsb8", "Qmoiuz1030549", "W879-4017", 23 );
INSERT INTO BasketContains VALUES ( "Bsfb4", "Akqby1030843", "C177-1424", 37 );


INSERT INTO OrderContains VALUES ( "W864-9595", "IO-Oh1031430", 0, 18 );
INSERT INTO OrderContains VALUES ( "C401-0148", "IO-Kr1031447", 0, 43 );
INSERT INTO OrderContains VALUES ( "W879-3841", "IO-Hacp1031464", 0, 7 );
INSERT INTO OrderContains VALUES ( "W864-5313", "IO-Vra1031481", 0, 29 );
INSERT INTO OrderContains VALUES ( "C131-0092", "IO-Hawr1031498", 0, 7 );
INSERT INTO OrderContains VALUES ( "W899-2442", "IO-Yqjm1031515", 0, 6 );
INSERT INTO OrderContains VALUES ( "C171-6065", "IO-Qph1031532", 0, 35 );
INSERT INTO OrderContains VALUES ( "W864-9993", "IO-Qx1031549", 0, 4 );
INSERT INTO OrderContains VALUES ( "W105-3373", "IO-Ak1031566", 0, 49 );
INSERT INTO OrderContains VALUES ( "W864-9993", "IO-U1031583", 0, 48 );
INSERT INTO OrderContains VALUES ( "C100-4128", "IO-Kq1031600", 0, 17 );
INSERT INTO OrderContains VALUES ( "W820-0022", "IO-Jeyo1031617", 0, 43 );
INSERT INTO OrderContains VALUES ( "C101-5601", "IO-Ugj1031634", 0, 0 );
INSERT INTO OrderContains VALUES ( "W144-3123", "IO-Y1031651", 0, 4 );
INSERT INTO OrderContains VALUES ( "W899-2442", "IO-Occa1031668", 0, 44 );
INSERT INTO OrderContains VALUES ( "C401-0111", "IO-Ar1031685", 0, 46 );
INSERT INTO OrderContains VALUES ( "W105-3373", "IO-Rvd1031702", 0, 44 );
INSERT INTO OrderContains VALUES ( "W879-0011", "IO-Q1031719", 0, 34 );
INSERT INTO OrderContains VALUES ( "C100-2102", "IO-C1031736", 0, 24 );
INSERT INTO OrderContains VALUES ( "C100-2111", "IO-N1031753", 0, 30 );
INSERT INTO OrderContains VALUES ( "W845-0900", "IO-Mte1031770", 0, 8 );
INSERT INTO OrderContains VALUES ( "C101-5610", "IO-H1031787", 0, 7 );
INSERT INTO OrderContains VALUES ( "W868-0559", "IO-Irot1031804", 0, 15 );
INSERT INTO OrderContains VALUES ( "W144-3123", "IO-Pnoi1031821", 0, 28 );
INSERT INTO OrderContains VALUES ( "C270-2661", "IO-Yiet1031838", 0, 40 );
INSERT INTO OrderContains VALUES ( "W868-0680", "IO-Wex1031855", 0, 48 );
INSERT INTO OrderContains VALUES ( "W848-9197", "IO-Kzum1031872", 0, 32 );
INSERT INTO OrderContains VALUES ( "C100-4128", "IO-Bnt1031889", 0, 47 );
INSERT INTO OrderContains VALUES ( "C270-2661", "IO-D1031906", 0, 39 );
INSERT INTO OrderContains VALUES ( "W888-1818", "IO-E1031923", 0, 11 );
INSERT INTO OrderContains VALUES ( "W888-1818", "IO-Kswp1031940", 0, 44 );
INSERT INTO OrderContains VALUES ( "C102-3071", "IO-Jecl1031957", 0, 16 );
INSERT INTO OrderContains VALUES ( "C101-5601", "IO-Gr1031974", 0, 6 );
INSERT INTO OrderContains VALUES ( "W847-4821", "IO-Rqpv1031991", 0, 17 );
INSERT INTO OrderContains VALUES ( "C171-5516", "IO-S1032008", 0, 30 );
INSERT INTO OrderContains VALUES ( "C100-2111", "IO-W1032025", 0, 11 );
INSERT INTO OrderContains VALUES ( "C101-5601", "IO-Ex1032042", 0, 5 );
INSERT INTO OrderContains VALUES ( "W105-3373", "IO-Kw1032059", 0, 23 );
INSERT INTO OrderContains VALUES ( "W863-0250", "IO-Dmrm1032076", 0, 8 );
INSERT INTO OrderContains VALUES ( "W833-0439", "IO-Rmc1032093", 0, 25 );
INSERT INTO OrderContains VALUES ( "W868-0699", "IO-Ew1032110", 0, 22 );
INSERT INTO OrderContains VALUES ( "C166-0915", "IO-Plsn1032127", 0, 2 );
INSERT INTO OrderContains VALUES ( "W820-0022", "IO-Irgs1032144", 0, 21 );
INSERT INTO OrderContains VALUES ( "C101-5610", "IO-Bw1032161", 0, 46 );
INSERT INTO OrderContains VALUES ( "W144-3123", "IO-Vmey1032178", 0, 30 );
INSERT INTO OrderContains VALUES ( "W879-3841", "IO-Fa1032195", 0, 49 );
INSERT INTO OrderContains VALUES ( "W818-0542", "IO-Tr1032212", 0, 43 );
INSERT INTO OrderContains VALUES ( "W868-0680", "IO-X1032229", 0, 2 );
INSERT INTO OrderContains VALUES ( "W818-2911", "IO-Fha1032246", 0, 41 );
INSERT INTO OrderContains VALUES ( "W846-5753", "IO-Djo1032263", 0, 37 );
INSERT INTO OrderContains VALUES ( "C101-5610", "IO-L1032280", 0, 13 );
INSERT INTO OrderContains VALUES ( "W828-0064", "IO-Cwzo1032297", 0, 48 );
INSERT INTO OrderContains VALUES ( "W879-0011", "IO-Zc1032314", 0, 38 );
INSERT INTO OrderContains VALUES ( "C101-5601", "IO-X1032331", 0, 32 );
INSERT INTO OrderContains VALUES ( "W879-0011", "IO-M1032348", 0, 29 );
INSERT INTO OrderContains VALUES ( "C101-5610", "IO-Sxn1032365", 0, 17 );
INSERT INTO OrderContains VALUES ( "W879-0011", "IO-S1032382", 0, 49 );
INSERT INTO OrderContains VALUES ( "W828-0064", "IO-Dgey1032399", 0, 29 );
INSERT INTO OrderContains VALUES ( "W864-8541", "IO-Rohu1032416", 0, 39 );
INSERT INTO OrderContains VALUES ( "C100-4119", "IO-Paf1032433", 0, 30 );
INSERT INTO OrderContains VALUES ( "C177-0805", "IO-C1032450", 0, 38 );
INSERT INTO OrderContains VALUES ( "W105-3373", "IO-R1032467", 0, 36 );
INSERT INTO OrderContains VALUES ( "C171-6065", "IO-N1032484", 0, 10 );
INSERT INTO OrderContains VALUES ( "W888-1818", "IO-X1032501", 0, 21 );
INSERT INTO OrderContains VALUES ( "W864-5304", "IO-I1032518", 0, 44 );
INSERT INTO OrderContains VALUES ( "C401-0111", "IO-Sii1032535", 0, 2 );
INSERT INTO OrderContains VALUES ( "W864-8541", "IO-Irmm1032552", 0, 14 );
INSERT INTO OrderContains VALUES ( "W820-0475", "IO-Gaiq1032569", 0, 49 );
INSERT INTO OrderContains VALUES ( "C100-1811", "IO-Z1032586", 0, 2 );
INSERT INTO OrderContains VALUES ( "W864-5304", "IO-Gml1032603", 0, 10 );
INSERT INTO OrderContains VALUES ( "C100-1811", "IO-Dqsu1032620", 0, 2 );
INSERT INTO OrderContains VALUES ( "W864-4697", "IO-Bwi1032637", 0, 23 );
INSERT INTO OrderContains VALUES ( "C100-2102", "IO-U1032654", 0, 8 );
INSERT INTO OrderContains VALUES ( "W864-4697", "IO-Zm1032671", 0, 47 );
INSERT INTO OrderContains VALUES ( "W863-0250", "IO-U1032688", 0, 33 );
INSERT INTO OrderContains VALUES ( "W868-0699", "IO-Low1032705", 0, 40 );
INSERT INTO OrderContains VALUES ( "W850-4788", "IO-Jf1032722", 0, 8 );
INSERT INTO OrderContains VALUES ( "W113-7921", "IO-L1032739", 0, 10 );
INSERT INTO OrderContains VALUES ( "C100-2102", "IO-Vaj1032756", 0, 42 );
INSERT INTO OrderContains VALUES ( "W828-0019", "IO-Zg1032773", 0, 8 );
INSERT INTO OrderContains VALUES ( "W818-2911", "IO-D1032790", 0, 36 );
INSERT INTO OrderContains VALUES ( "W899-2442", "IO-Nm1032807", 0, 25 );
INSERT INTO OrderContains VALUES ( "W863-0250", "IO-Xd1032824", 0, 2 );
INSERT INTO OrderContains VALUES ( "W864-9595", "IO-Sizx1032841", 0, 36 );
INSERT INTO OrderContains VALUES ( "C142-0016", "IO-Nmj1032858", 0, 21 );
INSERT INTO OrderContains VALUES ( "W864-4697", "IO-H1032875", 0, 17 );
INSERT INTO OrderContains VALUES ( "C166-0915", "IO-Vmp1032892", 0, 11 );
INSERT INTO OrderContains VALUES ( "W828-0064", "IO-Ix1032909", 0, 45 );
INSERT INTO OrderContains VALUES ( "C131-0092", "IO-Wwgc1032926", 0, 34 );
INSERT INTO OrderContains VALUES ( "W864-5456", "IO-Ozfa1032943", 0, 8 );
INSERT INTO OrderContains VALUES ( "C131-0092", "IO-M1032960", 0, 10 );
INSERT INTO OrderContains VALUES ( "C270-2661", "IO-Pqk1032977", 0, 46 );
INSERT INTO OrderContains VALUES ( "C142-0016", "IO-P1032994", 0, 8 );
INSERT INTO OrderContains VALUES ( "W843-8704", "IO-L1033011", 0, 18 );
INSERT INTO OrderContains VALUES ( "W864-9993", "IO-A1033028", 0, 38 );
INSERT INTO OrderContains VALUES ( "W868-0945", "IO-Kan1033045", 0, 15 );
INSERT INTO OrderContains VALUES ( "C100-2102", "IO-Ffee1033062", 0, 11 );
INSERT INTO OrderContains VALUES ( "W828-0064", "IO-Hwha1033079", 0, 45 );
INSERT INTO OrderContains VALUES ( "W850-0029", "IO-Gwp1033096", 0, 34 );
INSERT INTO OrderContains VALUES ( "W848-9197", "IO-Ynp1033113", 0, 32 );
INSERT INTO OrderContains VALUES ( "C101-5601", "IO-Jkm1033130", 0, 41 );
INSERT INTO OrderContains VALUES ( "W819-0035", "IO-Fs1033147", 0, 11 );
INSERT INTO OrderContains VALUES ( "W868-0559", "IO-A1033164", 0, 43 );
INSERT INTO OrderContains VALUES ( "C142-0016", "IO-Jurc1033181", 0, 16 );
INSERT INTO OrderContains VALUES ( "C171-5589", "IO-B1033198", 0, 12 );
INSERT INTO OrderContains VALUES ( "W850-4788", "IO-F1033215", 0, 8 );
INSERT INTO OrderContains VALUES ( "C177-1406", "IO-Xh1033232", 0, 12 );
INSERT INTO OrderContains VALUES ( "W144-3123", "IO-Q1033249", 0, 21 );
INSERT INTO OrderContains VALUES ( "W850-4788", "IO-Qsq1033266", 0, 25 );
INSERT INTO OrderContains VALUES ( "W820-0475", "IO-Sqr1033283", 0, 9 );
INSERT INTO OrderContains VALUES ( "W899-2442", "IO-B1033300", 0, 11 );
INSERT INTO OrderContains VALUES ( "W879-3841", "IO-Ilis1033317", 0, 27 );
INSERT INTO OrderContains VALUES ( "W888-1818", "IO-Vjc1033334", 0, 18 );
INSERT INTO OrderContains VALUES ( "W848-9197", "IO-Yjo1033351", 0, 36 );
INSERT INTO OrderContains VALUES ( "W863-0250", "IO-F1033368", 0, 9 );
INSERT INTO OrderContains VALUES ( "W879-3841", "IO-Kh1033385", 0, 39 );
INSERT INTO OrderContains VALUES ( "C102-3071", "IO-Oe1033402", 0, 27 );
INSERT INTO OrderContains VALUES ( "C171-5516", "IO-Qwii1033419", 0, 31 );
INSERT INTO OrderContains VALUES ( "W113-7949", "IO-X1033436", 0, 45 );
INSERT INTO OrderContains VALUES ( "W144-3123", "IO-Iq1033453", 0, 36 );
INSERT INTO OrderContains VALUES ( "W868-0699", "IO-Qq1033470", 0, 43 );
INSERT INTO OrderContains VALUES ( "C177-0805", "IO-H1033487", 0, 49 );
INSERT INTO OrderContains VALUES ( "C100-2111", "IO-O1033504", 0, 42 );
INSERT INTO OrderContains VALUES ( "C142-0034", "IO-Ehde1033521", 0, 34 );
INSERT INTO OrderContains VALUES ( "W102-4584", "IO-Up1033538", 0, 25 );
INSERT INTO OrderContains VALUES ( "W868-0559", "IO-To1033555", 0, 33 );
INSERT INTO OrderContains VALUES ( "W879-4017", "IO-M1033572", 0, 41 );
INSERT INTO OrderContains VALUES ( "W863-0278", "IO-T1033589", 0, 8 );
INSERT INTO OrderContains VALUES ( "C101-5610", "IO-O1033606", 0, 49 );
INSERT INTO OrderContains VALUES ( "W864-5304", "IO-O1033623", 0, 24 );
INSERT INTO OrderContains VALUES ( "C171-5589", "IO-Mgh1033640", 0, 32 );
INSERT INTO OrderContains VALUES ( "W864-5456", "IO-P1033657", 0, 27 );
INSERT INTO OrderContains VALUES ( "W845-0900", "IO-Tt1033674", 0, 28 );
INSERT INTO OrderContains VALUES ( "W868-0699", "IO-Hth1033691", 0, 19 );
INSERT INTO OrderContains VALUES ( "C177-1406", "IO-C1033708", 0, 2 );
INSERT INTO OrderContains VALUES ( "C166-0915", "IO-Cdl1033725", 0, 38 );
INSERT INTO OrderContains VALUES ( "W843-9961", "IO-Vlr1033742", 0, 43 );
INSERT INTO OrderContains VALUES ( "W846-2808", "IO-Oai1033759", 0, 27 );
INSERT INTO OrderContains VALUES ( "W868-0699", "IO-Ruvo1033776", 0, 45 );
INSERT INTO OrderContains VALUES ( "W879-0011", "IO-Kx1033793", 0, 37 );
INSERT INTO OrderContains VALUES ( "W879-3841", "IO-Jbn1033810", 0, 31 );
INSERT INTO OrderContains VALUES ( "W846-2808", "IO-Mg1033827", 0, 3 );
INSERT INTO OrderContains VALUES ( "W879-0303", "IO-Xqyr1033844", 0, 19 );
INSERT INTO OrderContains VALUES ( "W868-0945", "IO-Fkch1033861", 0, 40 );
INSERT INTO OrderContains VALUES ( "W863-0278", "IO-Irwo1033878", 0, 36 );
INSERT INTO OrderContains VALUES ( "W875-7238", "IO-Cp1033895", 0, 44 );
INSERT INTO OrderContains VALUES ( "C132-1070", "IO-Vuos1033912", 0, 18 );
INSERT INTO OrderContains VALUES ( "C177-1424", "IO-Xxcg1033929", 0, 16 );
INSERT INTO OrderContains VALUES ( "W849-9635", "IO-H1033946", 0, 7 );
INSERT INTO OrderContains VALUES ( "W819-0026", "IO-Xjrh1033963", 0, 43 );
INSERT INTO OrderContains VALUES ( "W864-9993", "IO-Xei1033980", 0, 45 );
INSERT INTO OrderContains VALUES ( "W846-5753", "IO-Zu1033997", 0, 34 );
INSERT INTO OrderContains VALUES ( "W888-1818", "IO-U1034014", 0, 8 );
INSERT INTO OrderContains VALUES ( "C131-0092", "IO-M1034031", 0, 4 );
INSERT INTO OrderContains VALUES ( "W818-0542", "IO-X1034048", 0, 18 );
INSERT INTO OrderContains VALUES ( "W820-0022", "IO-O1034065", 0, 18 );
INSERT INTO OrderContains VALUES ( "C177-1406", "IO-Ic1034082", 0, 21 );
INSERT INTO OrderContains VALUES ( "W140-1862", "IO-Sk1034099", 0, 49 );
INSERT INTO OrderContains VALUES ( "W102-4584", "IO-Un1034116", 0, 27 );
INSERT INTO OrderContains VALUES ( "W864-9993", "IO-Pn1034133", 0, 19 );
INSERT INTO OrderContains VALUES ( "W868-0699", "IO-Xvj1034150", 0, 2 );
INSERT INTO OrderContains VALUES ( "W843-9961", "IO-F1034167", 0, 33 );
INSERT INTO OrderContains VALUES ( "W868-0699", "IO-I1034184", 0, 21 );
INSERT INTO OrderContains VALUES ( "C132-1061", "IO-Fxzz1034201", 0, 22 );
INSERT INTO OrderContains VALUES ( "W113-8133", "IO-Zqap1034218", 0, 7 );
INSERT INTO OrderContains VALUES ( "W864-5304", "IO-Noly1034235", 0, 27 );
INSERT INTO OrderContains VALUES ( "W864-8897", "IO-C1034252", 0, 40 );
INSERT INTO OrderContains VALUES ( "W113-7921", "IO-D1034269", 0, 22 );
INSERT INTO OrderContains VALUES ( "C102-3071", "IO-Pnf1034286", 0, 5 );
INSERT INTO OrderContains VALUES ( "W140-1862", "IO-Y1034303", 0, 27 );
INSERT INTO OrderContains VALUES ( "C177-0805", "IO-Cl1034320", 0, 36 );
INSERT INTO OrderContains VALUES ( "W843-9961", "IO-F1034337", 0, 39 );
INSERT INTO OrderContains VALUES ( "W864-5456", "IO-Fkj1034354", 0, 32 );
INSERT INTO OrderContains VALUES ( "W899-2442", "IO-Nr1034371", 0, 31 );
INSERT INTO OrderContains VALUES ( "W113-7949", "IO-Z1034388", 0, 21 );
INSERT INTO OrderContains VALUES ( "W140-1862", "IO-Vqg1034405", 0, 9 );
INSERT INTO OrderContains VALUES ( "W868-0699", "IO-Hjer1034422", 0, 10 );
INSERT INTO OrderContains VALUES ( "W820-0022", "IO-Sooe1034439", 0, 47 );
INSERT INTO OrderContains VALUES ( "C101-5601", "IO-M1034456", 0, 16 );
INSERT INTO OrderContains VALUES ( "W845-0900", "IO-Ezlw1034473", 0, 29 );
INSERT INTO OrderContains VALUES ( "C102-3071", "IO-D1034490", 0, 26 );
INSERT INTO OrderContains VALUES ( "W864-9993", "IO-Dmxn1034507", 0, 21 );
INSERT INTO OrderContains VALUES ( "W828-0064", "IO-V1034524", 0, 45 );
INSERT INTO OrderContains VALUES ( "W828-0019", "IO-Q1034541", 0, 15 );
INSERT INTO OrderContains VALUES ( "W820-0022", "IO-H1034558", 0, 10 );
INSERT INTO OrderContains VALUES ( "C131-0092", "IO-Pmjj1034575", 0, 6 );
INSERT INTO OrderContains VALUES ( "C177-1406", "IO-L1034592", 0, 48 );
INSERT INTO OrderContains VALUES ( "C102-3071", "IO-Sv1034609", 0, 38 );
INSERT INTO OrderContains VALUES ( "W140-1862", "IO-O1034626", 0, 9 );
INSERT INTO OrderContains VALUES ( "W879-0011", "IO-Mc1034643", 0, 11 );
INSERT INTO OrderContains VALUES ( "C171-5589", "IO-Bt1034660", 0, 28 );
INSERT INTO OrderContains VALUES ( "C177-1424", "IO-Aneq1034677", 0, 38 );
INSERT INTO OrderContains VALUES ( "W819-0026", "IO-T1034694", 0, 32 );
INSERT INTO OrderContains VALUES ( "W818-0542", "IO-Lwh1034711", 0, 37 );
INSERT INTO OrderContains VALUES ( "W863-0278", "IO-G1034728", 0, 6 );
INSERT INTO OrderContains VALUES ( "W828-0064", "IO-Kyhi1034745", 0, 35 );
INSERT INTO OrderContains VALUES ( "W846-5753", "IO-Ja1034762", 0, 20 );
INSERT INTO OrderContains VALUES ( "W846-5753", "IO-Fac1034779", 0, 13 );
INSERT INTO OrderContains VALUES ( "W864-5304", "IO-D1034796", 0, 27 );
INSERT INTO OrderContains VALUES ( "W875-7238", "IO-Hm1034813", 0, 4 );
INSERT INTO OrderContains VALUES ( "W819-0026", "IO-U1032654", 0, 35 );
INSERT INTO OrderContains VALUES ( "W820-0022", "IO-Dqsu1032620", 0, 9 );
INSERT INTO OrderContains VALUES ( "W864-5456", "IO-Irgs1032144", 0, 15 );
INSERT INTO OrderContains VALUES ( "W833-0439", "IO-Sooe1034439", 0, 49 );
INSERT INTO OrderContains VALUES ( "W864-8541", "IO-Jurc1033181", 0, 21 );
INSERT INTO OrderContains VALUES ( "W144-3123", "IO-M1034456", 0, 27 );
INSERT INTO OrderContains VALUES ( "W113-8133", "IO-Jurc1033181", 0, 41 );
INSERT INTO OrderContains VALUES ( "W879-4017", "IO-Xqyr1033844", 0, 6 );
INSERT INTO OrderContains VALUES ( "C102-3071", "IO-W1032025", 0, 38 );
INSERT INTO OrderContains VALUES ( "W850-4788", "IO-Low1032705", 0, 28 );
INSERT INTO OrderContains VALUES ( "W140-1862", "IO-N1031753", 0, 27 );
INSERT INTO OrderContains VALUES ( "W843-9961", "IO-Z1034388", 0, 19 );
INSERT INTO OrderContains VALUES ( "W818-0542", "IO-P1033657", 0, 31 );
INSERT INTO OrderContains VALUES ( "W849-9635", "IO-Yiet1031838", 0, 33 );
INSERT INTO OrderContains VALUES ( "C100-4128", "IO-Vlr1033742", 0, 2 );
INSERT INTO OrderContains VALUES ( "W820-0475", "IO-Jkm1033130", 0, 18 );
INSERT INTO OrderContains VALUES ( "W850-0029", "IO-Xxcg1033929", 0, 29 );
INSERT INTO OrderContains VALUES ( "W868-0945", "IO-Vlr1033742", 0, 17 );
INSERT INTO OrderContains VALUES ( "W818-2911", "IO-F1033215", 0, 46 );
INSERT INTO OrderContains VALUES ( "C171-5589", "IO-Ja1034762", 0, 35 );
INSERT INTO OrderContains VALUES ( "W868-0945", "IO-Vqg1034405", 0, 31 );
INSERT INTO OrderContains VALUES ( "C270-2661", "IO-O1033606", 0, 35 );
INSERT INTO OrderContains VALUES ( "W875-7238", "IO-B1033198", 0, 25 );
INSERT INTO OrderContains VALUES ( "W868-0945", "IO-Kx1033793", 0, 10 );
INSERT INTO OrderContains VALUES ( "W845-0900", "IO-Rmc1032093", 0, 21 );
INSERT INTO OrderContains VALUES ( "W863-0250", "IO-Cdl1033725", 0, 17 );
INSERT INTO OrderContains VALUES ( "C132-2848", "IO-Mte1031770", 0, 26 );
INSERT INTO OrderContains VALUES ( "W879-0011", "IO-Bwi1032637", 0, 15 );
INSERT INTO OrderContains VALUES ( "C100-4119", "IO-Irgs1032144", 0, 15 );
INSERT INTO OrderContains VALUES ( "W820-0475", "IO-Oh1031430", 0, 34 );
INSERT INTO OrderContains VALUES ( "C177-0805", "IO-Xei1033980", 0, 45 );
INSERT INTO OrderContains VALUES ( "W864-9993", "IO-Sv1034609", 0, 42 );
INSERT INTO OrderContains VALUES ( "W849-9635", "IO-Dqsu1032620", 0, 0 );
INSERT INTO OrderContains VALUES ( "C132-1061", "IO-Xh1033232", 0, 48 );
INSERT INTO OrderContains VALUES ( "W864-5313", "IO-P1033657", 0, 24 );
INSERT INTO OrderContains VALUES ( "W820-0475", "IO-Fxzz1034201", 0, 18 );
INSERT INTO OrderContains VALUES ( "W845-0900", "IO-Zu1033997", 0, 43 );
INSERT INTO OrderContains VALUES ( "W864-9595", "IO-Vmey1032178", 0, 43 );
INSERT INTO OrderContains VALUES ( "W828-0064", "IO-Aneq1034677", 0, 19 );
INSERT INTO OrderContains VALUES ( "W140-1862", "IO-N1032484", 0, 30 );
INSERT INTO OrderContains VALUES ( "C177-1406", "IO-N1032484", 0, 30 );
INSERT INTO OrderContains VALUES ( "W846-5753", "IO-O1034626", 0, 5 );
INSERT INTO OrderContains VALUES ( "W113-7921", "IO-D1032790", 0, 30 );
INSERT INTO OrderContains VALUES ( "C171-5516", "IO-F1034337", 0, 15 );
INSERT INTO OrderContains VALUES ( "C270-2661", "IO-H1031787", 0, 43 );
INSERT INTO OrderContains VALUES ( "C270-2661", "IO-Rqpv1031991", 0, 18 );
INSERT INTO OrderContains VALUES ( "W847-4821", "IO-F1034167", 0, 24 );
INSERT INTO OrderContains VALUES ( "W863-0250", "IO-Ynp1033113", 0, 38 );
INSERT INTO OrderContains VALUES ( "C171-5516", "IO-T1034694", 0, 24 );
INSERT INTO OrderContains VALUES ( "W846-2808", "IO-Pnoi1031821", 0, 9 );
INSERT INTO OrderContains VALUES ( "W833-0439", "IO-I1032518", 0, 40 );
INSERT INTO OrderContains VALUES ( "W863-0278", "IO-G1034728", 0, 3 );
INSERT INTO OrderContains VALUES ( "W105-3373", "IO-A1033164", 0, 0 );
INSERT INTO OrderContains VALUES ( "C177-1424", "IO-G1034728", 0, 41 );
INSERT INTO OrderContains VALUES ( "W847-4821", "IO-C1031736", 0, 30 );
INSERT INTO OrderContains VALUES ( "W846-2808", "IO-Ew1032110", 0, 18 );
INSERT INTO OrderContains VALUES ( "W843-9961", "IO-Cp1033895", 0, 6 );
INSERT INTO OrderContains VALUES ( "C142-0016", "IO-Fs1033147", 0, 45 );
INSERT INTO OrderContains VALUES ( "W868-0680", "IO-Noly1034235", 0, 31 );
INSERT INTO OrderContains VALUES ( "W144-4371", "IO-O1034626", 0, 32 );
INSERT INTO OrderContains VALUES ( "W879-0303", "IO-Gwp1033096", 0, 12 );
INSERT INTO OrderContains VALUES ( "W113-8133", "IO-Xjrh1033963", 0, 27 );
INSERT INTO OrderContains VALUES ( "W818-2911", "IO-D1034269", 0, 18 );
INSERT INTO OrderContains VALUES ( "W875-7238", "IO-Xh1033232", 0, 25 );
INSERT INTO OrderContains VALUES ( "W828-0019", "IO-B1033198", 0, 19 );
INSERT INTO OrderContains VALUES ( "W899-2442", "IO-Djo1032263", 0, 19 );
INSERT INTO OrderContains VALUES ( "C270-2661", "IO-Vmp1032892", 0, 45 );
INSERT INTO OrderContains VALUES ( "C177-1406", "IO-Paf1032433", 0, 0 );
INSERT INTO OrderContains VALUES ( "W879-4017", "IO-Bw1032161", 0, 36 );
INSERT INTO OrderContains VALUES ( "W140-1862", "IO-O1034626", 0, 29 );
INSERT INTO OrderContains VALUES ( "C142-0016", "IO-B1033198", 0, 46 );
INSERT INTO OrderContains VALUES ( "W888-1818", "IO-X1032331", 0, 16 );
INSERT INTO OrderContains VALUES ( "C132-2848", "IO-Z1032586", 0, 8 );
INSERT INTO OrderContains VALUES ( "C177-1406", "IO-Fs1033147", 0, 10 );
INSERT INTO OrderContains VALUES ( "W864-8897", "IO-Fkj1034354", 0, 17 );
INSERT INTO OrderContains VALUES ( "W888-1818", "IO-Nmj1032858", 0, 0 );
INSERT INTO OrderContains VALUES ( "C171-5516", "IO-U1034014", 0, 17 );
INSERT INTO OrderContains VALUES ( "W845-0900", "IO-C1034252", 0, 40 );
INSERT INTO OrderContains VALUES ( "W864-5304", "IO-U1034014", 0, 27 );
INSERT INTO OrderContains VALUES ( "W864-5456", "IO-Cp1033895", 0, 44 );
INSERT INTO OrderContains VALUES ( "C132-1070", "IO-X1032331", 0, 40 );
INSERT INTO OrderContains VALUES ( "C101-5601", "IO-Kh1033385", 0, 40 );
INSERT INTO OrderContains VALUES ( "W868-0945", "IO-Fs1033147", 0, 49 );
INSERT INTO OrderContains VALUES ( "W845-0900", "IO-F1033368", 0, 30 );
INSERT INTO OrderContains VALUES ( "W819-0026", "IO-D1031906", 0, 33 );
INSERT INTO OrderContains VALUES ( "W850-0029", "IO-Nr1034371", 0, 24 );
INSERT INTO OrderContains VALUES ( "C171-5516", "IO-Vlr1033742", 0, 36 );
INSERT INTO OrderContains VALUES ( "W846-2808", "IO-Pmjj1034575", 0, 9 );
INSERT INTO OrderContains VALUES ( "W864-4697", "IO-U1032654", 0, 43 );
INSERT INTO OrderContains VALUES ( "W820-0022", "IO-Jecl1031957", 0, 10 );
INSERT INTO OrderContains VALUES ( "W845-0900", "IO-Irmm1032552", 0, 38 );
INSERT INTO OrderContains VALUES ( "W144-4371", "IO-Gr1031974", 0, 23 );
INSERT INTO OrderContains VALUES ( "C177-1424", "IO-C1033708", 0, 14 );
INSERT INTO OrderContains VALUES ( "W843-9961", "IO-H1034558", 0, 38 );
INSERT INTO OrderContains VALUES ( "W864-5313", "IO-Xxcg1033929", 0, 10 );
INSERT INTO OrderContains VALUES ( "C100-4128", "IO-Mte1031770", 0, 33 );
INSERT INTO OrderContains VALUES ( "W846-5753", "IO-A1033164", 0, 20 );
INSERT INTO OrderContains VALUES ( "W850-4788", "IO-F1033368", 0, 33 );
INSERT INTO OrderContains VALUES ( "C142-0034", "IO-Bnt1031889", 0, 32 );
INSERT INTO OrderContains VALUES ( "W845-0900", "IO-Cp1033895", 0, 47 );
INSERT INTO OrderContains VALUES ( "C142-0034", "IO-Lwh1034711", 0, 36 );
INSERT INTO OrderContains VALUES ( "C100-2111", "IO-H1033487", 0, 4 );
INSERT INTO OrderContains VALUES ( "C132-1070", "IO-Y1034303", 0, 6 );
INSERT INTO OrderContains VALUES ( "W140-1862", "IO-Dmrm1032076", 0, 33 );
INSERT INTO OrderContains VALUES ( "W843-9961", "IO-Oe1033402", 0, 12 );
INSERT INTO OrderContains VALUES ( "C177-0805", "IO-Jurc1033181", 0, 35 );
INSERT INTO OrderContains VALUES ( "W875-7238", "IO-Fha1032246", 0, 43 );
INSERT INTO OrderContains VALUES ( "C100-4119", "IO-Hwha1033079", 0, 29 );
INSERT INTO OrderContains VALUES ( "C100-2111", "IO-Oe1033402", 0, 26 );
INSERT INTO OrderContains VALUES ( "W828-0064", "IO-Kswp1031940", 0, 3 );
INSERT INTO OrderContains VALUES ( "C132-1070", "IO-Qph1031532", 0, 30 );
INSERT INTO OrderContains VALUES ( "W879-3841", "IO-Xei1033980", 0, 35 );
INSERT INTO OrderContains VALUES ( "W113-7949", "IO-Kq1031600", 0, 6 );
INSERT INTO OrderContains VALUES ( "C132-2848", "IO-X1032229", 0, 14 );
INSERT INTO OrderContains VALUES ( "W879-3841", "IO-Vqg1034405", 0, 23 );
INSERT INTO OrderContains VALUES ( "W818-2911", "IO-Paf1032433", 0, 40 );
INSERT INTO OrderContains VALUES ( "W848-9197", "IO-Lwh1034711", 0, 15 );
INSERT INTO OrderContains VALUES ( "W864-9993", "IO-U1032688", 0, 6 );
INSERT INTO OrderContains VALUES ( "W849-9635", "IO-S1032008", 0, 7 );
INSERT INTO OrderContains VALUES ( "C132-1070", "IO-Aneq1034677", 0, 44 );
INSERT INTO OrderContains VALUES ( "W818-2911", "IO-Un1034116", 0, 49 );
INSERT INTO OrderContains VALUES ( "W864-9993", "IO-V1034524", 0, 20 );
INSERT INTO OrderContains VALUES ( "W818-0542", "IO-P1033657", 0, 44 );
INSERT INTO OrderContains VALUES ( "W144-4371", "IO-D1031906", 0, 6 );
INSERT INTO OrderContains VALUES ( "C166-0915", "IO-U1034014", 0, 6 );
INSERT INTO OrderContains VALUES ( "W818-2911", "IO-Ehde1033521", 0, 9 );
INSERT INTO OrderContains VALUES ( "W828-0019", "IO-Nm1032807", 0, 13 );
INSERT INTO OrderContains VALUES ( "C132-1061", "IO-Rohu1032416", 0, 45 );
INSERT INTO OrderContains VALUES ( "W879-0011", "IO-Sii1032535", 0, 3 );
INSERT INTO OrderContains VALUES ( "W875-7238", "IO-X1032331", 0, 7 );
INSERT INTO OrderContains VALUES ( "W828-0064", "IO-Q1031719", 0, 45 );
INSERT INTO OrderContains VALUES ( "C270-2661", "IO-Qsq1033266", 0, 20 );
INSERT INTO OrderContains VALUES ( "W864-4697", "IO-F1034337", 0, 42 );
INSERT INTO OrderContains VALUES ( "W864-4697", "IO-Low1032705", 0, 24 );
INSERT INTO OrderContains VALUES ( "W819-0035", "IO-Bw1032161", 0, 20 );
INSERT INTO OrderContains VALUES ( "C401-0148", "IO-T1034694", 0, 36 );
INSERT INTO OrderContains VALUES ( "W833-0439", "IO-Xei1033980", 0, 44 );
INSERT INTO OrderContains VALUES ( "W863-0250", "IO-Rvd1031702", 0, 17 );
INSERT INTO OrderContains VALUES ( "C142-0034", "IO-Kx1033793", 0, 3 );
INSERT INTO OrderContains VALUES ( "W848-9197", "IO-U1032688", 0, 34 );
INSERT INTO OrderContains VALUES ( "W847-4821", "IO-Wex1031855", 0, 24 );
INSERT INTO OrderContains VALUES ( "W113-7921", "IO-Q1031719", 0, 22 );
INSERT INTO OrderContains VALUES ( "W820-0022", "IO-Cwzo1032297", 0, 11 );
INSERT INTO OrderContains VALUES ( "C132-1070", "IO-M1032960", 0, 0 );
INSERT INTO OrderContains VALUES ( "W864-5456", "IO-Qq1033470", 0, 34 );
INSERT INTO OrderContains VALUES ( "W868-0559", "IO-S1032382", 0, 27 );
INSERT INTO OrderContains VALUES ( "C100-2102", "IO-Pn1034133", 0, 29 );
INSERT INTO OrderContains VALUES ( "C177-1424", "IO-Qx1031549", 0, 23 );
INSERT INTO OrderContains VALUES ( "W113-7921", "IO-Fac1034779", 0, 26 );
INSERT INTO OrderContains VALUES ( "C100-2102", "IO-Qq1033470", 0, 49 );
INSERT INTO OrderContains VALUES ( "W879-3841", "IO-M1034031", 0, 38 );
INSERT INTO OrderContains VALUES ( "C102-3071", "IO-Hacp1031464", 0, 17 );
INSERT INTO OrderContains VALUES ( "C177-1406", "IO-F1033368", 0, 31 );
INSERT INTO OrderContains VALUES ( "C401-0111", "IO-Nm1032807", 0, 21 );
INSERT INTO OrderContains VALUES ( "W818-0542", "IO-Zu1033997", 0, 35 );
INSERT INTO OrderContains VALUES ( "W864-9595", "IO-Vjc1033334", 0, 18 );
INSERT INTO OrderContains VALUES ( "C132-1061", "IO-Ilis1033317", 0, 22 );
INSERT INTO OrderContains VALUES ( "W828-0064", "IO-Hth1033691", 0, 9 );
INSERT INTO OrderContains VALUES ( "W144-4371", "IO-Irmm1032552", 0, 35 );
INSERT INTO OrderContains VALUES ( "W140-1862", "IO-F1033215", 0, 37 );
INSERT INTO OrderContains VALUES ( "W864-9993", "IO-Cdl1033725", 0, 38 );
INSERT INTO OrderContains VALUES ( "C131-0092", "IO-Pqk1032977", 0, 29 );
INSERT INTO OrderContains VALUES ( "W113-7949", "IO-U1031583", 0, 44 );
INSERT INTO OrderContains VALUES ( "W140-1862", "IO-X1033436", 0, 21 );
INSERT INTO OrderContains VALUES ( "C101-5601", "IO-B1033198", 0, 16 );
INSERT INTO OrderContains VALUES ( "W828-0064", "IO-Q1033249", 0, 39 );
INSERT INTO OrderContains VALUES ( "W845-0900", "IO-Y1031651", 0, 10 );
INSERT INTO OrderContains VALUES ( "W868-0945", "IO-Kzum1031872", 0, 8 );
INSERT INTO OrderContains VALUES ( "W843-8704", "IO-Xd1032824", 0, 3 );
INSERT INTO OrderContains VALUES ( "C132-1070", "IO-Cl1034320", 0, 49 );
INSERT INTO OrderContains VALUES ( "W819-0035", "IO-N1032484", 0, 6 );
INSERT INTO OrderContains VALUES ( "C101-5601", "IO-Aneq1034677", 0, 17 );
INSERT INTO OrderContains VALUES ( "C100-2111", "IO-Zu1033997", 0, 21 );
INSERT INTO OrderContains VALUES ( "W105-3373", "IO-U1032654", 0, 19 );
INSERT INTO OrderContains VALUES ( "C100-4119", "IO-Tr1032212", 0, 13 );
INSERT INTO OrderContains VALUES ( "W845-0900", "IO-Zqap1034218", 0, 6 );
INSERT INTO OrderContains VALUES ( "W850-0029", "IO-L1032739", 0, 11 );
INSERT INTO OrderContains VALUES ( "W820-0475", "IO-H1034558", 0, 49 );
INSERT INTO OrderContains VALUES ( "W105-3373", "IO-Y1031651", 0, 38 );
INSERT INTO OrderContains VALUES ( "C132-1070", "IO-D1034490", 0, 1 );
INSERT INTO OrderContains VALUES ( "W828-0064", "IO-O1033623", 0, 38 );
INSERT INTO OrderContains VALUES ( "C132-1061", "IO-T1033589", 0, 23 );
INSERT INTO OrderContains VALUES ( "W848-9197", "IO-Fac1034779", 0, 14 );
INSERT INTO OrderContains VALUES ( "W864-5313", "IO-M1032960", 0, 19 );
INSERT INTO OrderContains VALUES ( "C131-0092", "IO-P1032994", 0, 8 );
INSERT INTO OrderContains VALUES ( "W113-7949", "IO-Wwgc1032926", 0, 1 );
INSERT INTO OrderContains VALUES ( "W879-3841", "IO-Hm1034813", 0, 17 );
INSERT INTO OrderContains VALUES ( "C131-0092", "IO-Fxzz1034201", 0, 41 );
INSERT INTO OrderContains VALUES ( "W868-0945", "IO-Kzum1031872", 0, 20 );
INSERT INTO OrderContains VALUES ( "W820-0475", "IO-Dmrm1032076", 0, 12 );
INSERT INTO OrderContains VALUES ( "C142-0016", "IO-A1033028", 0, 6 );
INSERT INTO OrderContains VALUES ( "W846-2808", "IO-D1034490", 0, 18 );
INSERT INTO OrderContains VALUES ( "W850-4788", "IO-F1034167", 0, 49 );
INSERT INTO OrderContains VALUES ( "W864-9595", "IO-Cwzo1032297", 0, 33 );
INSERT INTO OrderContains VALUES ( "C101-5610", "IO-Gwp1033096", 0, 25 );
INSERT INTO OrderContains VALUES ( "W113-7949", "IO-X1032331", 0, 5 );
INSERT INTO OrderContains VALUES ( "C131-0092", "IO-Fkch1033861", 0, 8 );
INSERT INTO OrderContains VALUES ( "W843-8704", "IO-Qq1033470", 0, 4 );
INSERT INTO OrderContains VALUES ( "W868-0559", "IO-U1032654", 0, 3 );
INSERT INTO OrderContains VALUES ( "W888-1818", "IO-Nr1034371", 0, 0 );


