INSERT INTO Supplier VALUES ( "S6003", "Kite", "Kim Il-Doo", "032-0158-1111", "oneheadk2@knu.ac.kr" );
INSERT INTO Supplier VALUES ( "S6004", "Blackcow", "Black sheet", "031-2549-7777", "blackcowMan@knu.ac.kr" );
INSERT INTO Supplier VALUES ( "S6005", "LGT Chemical", "Kim Ki-rim", "053-156-888", "rising@knu.ac.kr" );
INSERT INTO Supplier VALUES ( "S6006", "Young Chang Chemical", "Kim Young Chang", "02-568-1111", "brig@knu.ac.kr" );
INSERT INTO Supplier VALUES ( "S6007", "Smite", "Bang", "031-5498-7777", "smite@knu.ac.kr" );
INSERT INTO Supplier VALUES ( "S6008", "Excel", "Choi", "051-1597-7777", "excell@knu.ac.kr" );
INSERT INTO Supplier VALUES ( "S6009", "White horse", "Baek Jong-an", "053-7894-7777", "unicon@knu.ac.kr" );


INSERT INTO Brand VALUES ( "B3035", "K2 safety shoes", 0, "S6003" );
INSERT INTO Brand VALUES ( "B3036", "K2 Korea", 0, "S6003" );
INSERT INTO Brand VALUES ( "B3037", "SK Rose Bar", 0, "S6009" );
INSERT INTO Brand VALUES ( "B3038", "SMATO LED lighting", 0, "S6007" );
INSERT INTO Brand VALUES ( "B3039", "SMATO Lantern", 0, "S6007" );
INSERT INTO Brand VALUES ( "B3040", "SMATO Safety", 0, "S6004" );
INSERT INTO Brand VALUES ( "B3041", "SMATO work lights", 0, "S6007" );
INSERT INTO Brand VALUES ( "B3042", "SMATO Boots", 0, "S6004" );
INSERT INTO Brand VALUES ( "B3043", "Navachem", 0, "S6009" );
INSERT INTO Brand VALUES ( "B3044", "Daemyung Industry", 0, "S6009" );
INSERT INTO Brand VALUES ( "B3045", "Instead,", 0, "S6008" );
INSERT INTO Brand VALUES ( "B3046", "Daeheung Metal", 0, "S6005" );
INSERT INTO Brand VALUES ( "B3047", "Lucky Industry", 0, "S6005" );
INSERT INTO Brand VALUES ( "B3048", "Lucky silicon", 0, "S6005" );
INSERT INTO Brand VALUES ( "B3049", "Leisure Time", 0, "S6003" );
INSERT INTO Brand VALUES ( "B3050", "Leakap", 0, "S6004" );
INSERT INTO Brand VALUES ( "B3051", "White horse", 0, "S6009" );
INSERT INTO Brand VALUES ( "B3052", "Vexcel", 0, "S6009" );
INSERT INTO Brand VALUES ( "B3053", "Black Yak", 0, "S6004" );
INSERT INTO Brand VALUES ( "B3054", "Bleach Battery", 0, "S6009" );
INSERT INTO Brand VALUES ( "B3055", "Big Toss", 0, "S6006" );
INSERT INTO Brand VALUES ( "B3056", "Samsung", 0, "S6009" );
INSERT INTO Brand VALUES ( "B3057", "Super Rube", 0, "S6008" );
INSERT INTO Brand VALUES ( "B3058", "Scarlet scissors", 0, "S6008" );
INSERT INTO Brand VALUES ( "B3059", "The name of Sumata", 0, "S6008" );
INSERT INTO Brand VALUES ( "B3060", "Scarlet Foundation scissors", 0, "S6008" );
INSERT INTO Brand VALUES ( "B3061", "Sumato paper cup", 0, "S6007" );
INSERT INTO Brand VALUES ( "B3062", "The Sumo Hammer", 0, "S6007" );
INSERT INTO Brand VALUES ( "B3063", "Starlight", 0, "S6006" );
INSERT INTO Brand VALUES ( "B3064", "Shinetsu", 0, "S6005" );
INSERT INTO Brand VALUES ( "B3065", "Child", 0, "S6004" );
INSERT INTO Brand VALUES ( "B3066", "Enwai Korea", 0, "S6003" );
INSERT INTO Brand VALUES ( "B3067", "brig", 0, "S6006" );
INSERT INTO Brand VALUES ( "B3068", "renewal", 0, "S6005" );
INSERT INTO Brand VALUES ( "B3069", "Changshin", 0, "S6006" );
INSERT INTO Brand VALUES ( "B3070", "Korea Electric Lighting", 0, "S6006" );
INSERT INTO Brand VALUES ( "B3071", "Fine Well", 0, "S6003" );
INSERT INTO Brand VALUES ( "B3072", "Hanshin hammer", 0, "S6008" );
INSERT INTO Brand VALUES ( "B3073", "Shovel", 0, "S6008" );


INSERT INTO Category VALUES ( "C1022298", "Industrial Supplies", "light", "Lamp, LED lamp", 0 );
INSERT INTO Category VALUES ( "C1022299", "Industrial Supplies", "light", "Work lights", 0 );
INSERT INTO Category VALUES ( "C1022300", "Industrial Supplies", "light", "Emitter", 0 );
INSERT INTO Category VALUES ( "C1022301", "Industrial Supplies", "Chemicals & Lubricants", "Building sealant", 0 );
INSERT INTO Category VALUES ( "C1022302", "Industrial Supplies", "Chemicals & Lubricants", "Grease", 0 );
INSERT INTO Category VALUES ( "C1022303", "Industrial Supplies", "Chemicals & Lubricants", "Anti-corrosion agent / coating agent", 0 );
INSERT INTO Category VALUES ( "C1022304", "Safety goods", "Leisure goods", "bag", 0 );
INSERT INTO Category VALUES ( "C1022305", "Safety goods", "Leisure goods", "Walking", 0 );
INSERT INTO Category VALUES ( "C1022306", "Safety goods", "Leisure goods", "Camping supplies", 0 );
INSERT INTO Category VALUES ( "C1022307", "Safety goods", "Safety", "Winterization", 0 );
INSERT INTO Category VALUES ( "C1022308", "Safety goods", "Safety", "Safety accessories", 0 );
INSERT INTO Category VALUES ( "C1022309", "Safety goods", "Safety", "Rainboots", 0 );
INSERT INTO Category VALUES ( "C1022310", "Hardware, gardening, office supplies", "Life, cleaning supplies", "battery", 0 );
INSERT INTO Category VALUES ( "C1022311", "Hardware, gardening, office supplies", "Life, cleaning supplies", "Transient, esophagus, kitchen scissors", 0 );
INSERT INTO Category VALUES ( "C1022312", "Hardware, gardening, office supplies", "Life, cleaning supplies", "Household goods", 0 );
INSERT INTO Category VALUES ( "C1022313", "Hardware, gardening, office supplies", "Hardware", "Sickle, pickaxe, shovel", 0 );
INSERT INTO Category VALUES ( "C1022314", "Hardware, gardening, office supplies", "Hardware", "Door locks, hinges, door closure", 0 );
INSERT INTO Category VALUES ( "C1022315", "Hardware, gardening, office supplies", "Hardware", "Hammer, Paru", 0 );


INSERT INTO Customer VALUES ( "Gfxchra16", "Xzvozcg10086", "Ftdzhbaxxso, Jahpcyxvcdxb849", "010-434-866", "W", "Iyds Z Riy", 2, "Hyslpbwpzbisz", "Wholesaler" );
INSERT INTO Customer VALUES ( "Gnkuyfkipu8", "Fiiequzogyrbcv1689", "Itswhkt, Apgczrygeufxt286", "010-779-683", "W", "Nhtsjukedpnje X Hmnmxnxjoeflxi", 18, "Pei", "Retailer" );
INSERT INTO Customer VALUES ( "Eethnvwungrz6", "Lsabc3501", "Dokezuqbzles, Xxpzar607", "010-348-408", "M", "Xdxbgrznxpkp L Aeqpktlyqnlsmga", 33, "Eygmo", "Nomal" );
INSERT INTO Customer VALUES ( "Thuao14", "Lfddxotnjn4338", "Monzqfugqvior, Imjobmytnul459", "010-185-945", "W", "Hepnhyahwivobjahi S Zfllesjmuikzdun", 95, "Fpnbktzpetc", "Nomal" );
INSERT INTO Customer VALUES ( "Cdbw7", "Fexpkemg2158", "Qjbzo, Uvtadomh250", "010-444-132", "W", "Ztauodveokg K Xmnea", 41, "Vfqb", "Retailer" );
INSERT INTO Customer VALUES ( "Dgaiyvmmfyiansenj4", "Azmkwepuy3548", "Hasjlxpw, Uinax329", "010-509-695", "W", "Kdsxmvqpzefz T Jlfpmsfxza", 0, "Dppw", "Nomal" );
INSERT INTO Customer VALUES ( "Upea11", "Gnstvi5709", "Iqhvhl, Zltqwfigzbfzjwoou328", "010-382-925", "W", "Sdefmrwp Z Tuntkqskr", 40, "Doezuqpovapcqqp", "Retailer" );
INSERT INTO Customer VALUES ( "Tnscgoyjlknztlivw7", "Euwlku1569", "Qpsrhttqkqijdlcu, Etmxphnlr1048", "010-408-983", "M", "Tccysmffmikfd I Aepfrurxlcd", 59, "Jeutyydlhryzebj", "Retailer" );
INSERT INTO Customer VALUES ( "Cpvodrdsqccxzbq7", "Fkmbubegevfbzhqle3877", "Zbgwsxlpjjsfmwk, Ilat583", "010-104-727", "M", "Wwnwkwcj V Fojbpwpefu", 59, "Rhrk", "Wholesaler" );
INSERT INTO Customer VALUES ( "Baximezcdf8", "Nbkjtstplrewgw2199", "Nxkallt, Osddzfwii151", "010-902-788", "M", "Fmfmkxhlzeg N Uqolaadtokl", 17, "Vbxx", "Retailer" );
INSERT INTO Customer VALUES ( "Rwrqcroqyqklyerq17", "Rqvzxczshb1815", "Olntyrux, Czgfpwk940", "010-679-1009", "W", "Zhod A Ayphqgrac", 11, "Pcnxetoiiymdy", "Wholesaler" );
INSERT INTO Customer VALUES ( "Ebl14", "Jlvfltygqpnnchj8139", "Agagwpjqv, Rjem537", "010-163-496", "M", "Lwgqqkyluqbbbgjnq E Lkzzjedt", 66, "Ucruhdylxv", "Retailer" );
INSERT INTO Customer VALUES ( "Tvgztj6", "Qvbocjuhlrgmfk2660", "Qscrhvzhzmrltt, Uifootpz422", "010-449-242", "W", "Koipvp R Mvratplmpmi", 18, "Brosct", "Wholesaler" );
INSERT INTO Customer VALUES ( "Jdikrp16", "Urjoylmftlacsho4438", "Yftyme, Rlqqirfeorwlabhey931", "010-1095-222", "M", "Dlie W Fgpcdcryfnojvx", 17, "Syxxxmvehzw", "Retailer" );
INSERT INTO Customer VALUES ( "Wjwpjahzxjfoxydb11", "Dohpmk5533", "Iaqwptlvbnxbqpbp, Kzfjesoula869", "010-456-612", "W", "Opdpojbgux H Wkexlpt", 69, "Tzgdwvy", "Retailer" );
INSERT INTO Customer VALUES ( "Lwijwyyu3", "Wjtadxgwjxss645", "Vxootlekiamodvnv, Qxtbrpdomnwqfytsy1067", "010-948-238", "W", "Ugofrcupgbpnsmv B Zbyzouvneejhpkz", 49, "Akck", "Retailer" );
INSERT INTO Customer VALUES ( "Bxfu6", "Mafwgjosfiju9733", "Pmbugnujne, Ylyebbgmtdoh763", "010-560-514", "W", "Hnufr K Flinzkufw", 45, "Vixaecdyymzh", "Nomal" );
INSERT INTO Customer VALUES ( "Xxtnmochhxx4", "Aypijgwxw2730", "Vjaxq, Pxvyptn355", "010-571-1070", "M", "Zxhwlphlixkprys P Pcqpbjcraiyi", 34, "Wmgmwgc", "Retailer" );
INSERT INTO Customer VALUES ( "Tevfeipnr6", "Dxamfwtlv9945", "Cxtjhp, Cziurwrbpo744", "010-659-533", "M", "Ojusxypiw G Wfaavqvhnhufzwy", 35, "Dmtbovjwvdvxh", "Retailer" );
INSERT INTO Customer VALUES ( "Oeowyxew11", "Borsfvoiugdbwz8424", "Wqchpxordznv, Ngauwpiklyr773", "010-473-1085", "M", "Uedvnfwziksdlny U Wedyzuwdo", 61, "Rlkskumepbup", "Nomal" );
INSERT INTO Customer VALUES ( "Slyvprfertwxlnu15", "Mrlaxt213", "Itopwccjly, Ofxlaxekgxwggf599", "010-542-804", "M", "Yxpcotumptnwxnk I Wvklmfuvtxfmn", 59, "Delsxfqionnlk", "Wholesaler" );
INSERT INTO Customer VALUES ( "Qndkmwcykacqbb7", "Dgb4938", "Zsmah, Wkjepalqvzngn545", "010-895-220", "M", "Jaq C Xwizsvhtysg", 64, "Thcvgbi", "Wholesaler" );
INSERT INTO Customer VALUES ( "Gwirzupnd13", "Ctlwn8633", "Btanpugborqd, Vvdreguim859", "010-274-601", "W", "Mmkrdscmiqstuiqxp J Vykxqujtbqyvxx", 64, "Xcreucmisl", "Retailer" );
INSERT INTO Customer VALUES ( "Xfijpgmzb15", "Dtphkeg10044", "Gwvjskfxjet, Ubmc886", "010-117-1071", "W", "Tprim F Chijmreuuysp", 18, "Cuxxzinknvac", "Retailer" );
INSERT INTO Customer VALUES ( "Crannb16", "Tpeygmqmyrkzgvli9325", "Rtrpeowoqiydhn, Sgvrcnpkfteexg1060", "010-471-896", "M", "Giwhtgmurwgjxtzxq E Jxgazuhlwxrz", 96, "Bnxbwcc", "Wholesaler" );
INSERT INTO Customer VALUES ( "Efcpngb9", "Gtkcfphocp2149", "Caucmgmxajewn, Hhaigajuxdy834", "010-509-761", "M", "Dmu O Lnawahjnxplq", 5, "Mkxfn", "Nomal" );
INSERT INTO Customer VALUES ( "Hchhxzpagkqfrfpzs3", "Mzdlasfbvc5289", "Xfoixnogb, Gvctyetkrijd602", "010-210-427", "M", "Gqsxgtmgzlqzszwzv H Ummblyrbo", 53, "Hffhyqvfdkqctyr", "Retailer" );
INSERT INTO Customer VALUES ( "Wfdfib9", "Laozn7322", "Cwv, Chbpxjggrw367", "010-477-1090", "M", "Smeheohamq V Gffebriuzz", 24, "Njixc", "Wholesaler" );
INSERT INTO Customer VALUES ( "Nzuuuyyiiu11", "Qgecriuoofjxua9847", "Qqxzx, Jlmhkklpwhhvs229", "010-457-219", "W", "Swrywf X Yynxtufrhopufjqwx", 54, "Hfyqqliskuqiskdk", "Retailer" );
INSERT INTO Customer VALUES ( "Ybljlzshzvqg12", "Zepxufymgzffowdan1802", "Qkxoilsmyomnc, Grqpyldutgfecnyex128", "010-712-122", "M", "Itxuib Q Aozgyyxu", 30, "Ahu", "Retailer" );
INSERT INTO Customer VALUES ( "Wtpfelmnifh7", "Dity4235", "Lixobrargwhnbmk, Qwovhzcyldnebje268", "010-984-763", "W", "Wcxfekoftvpp F Mlynst", 24, "Kla", "Retailer" );
INSERT INTO Customer VALUES ( "Hbmrfzv7", "Lctxdsqqhpwud1407", "Qpewzuaoczrpckai, Xurdedcogvymzk698", "010-523-856", "W", "Bofyxazhsihn C Fasmfhdpgox", 15, "Rtb", "Retailer" );
INSERT INTO Customer VALUES ( "Zrsmnefncgxk16", "Bcxq1687", "Yaqggvggqg, Ahmeidpv252", "010-1024-271", "M", "Qpzzndreexncvtdpx P Zwgdjidtverczjbfn", 14, "Jfjlmxc", "Retailer" );
INSERT INTO Customer VALUES ( "Iuda8", "Neve2028", "Bqljhh, Qhyhbvej1015", "010-347-994", "M", "Nfyxuujjdggowzigj C Cnorktwck", 98, "Zsjakjkjbonvhlb", "Wholesaler" );
INSERT INTO Customer VALUES ( "Sng7", "Ggpfojgxlpbz2583", "Hlzvuuwgel, Roc833", "010-969-940", "W", "Mukgeki I Mwvhiqbqzggd", 79, "Mhoe", "Retailer" );
INSERT INTO Customer VALUES ( "Vhvmwnekgzpxbbpyv14", "Zfyagnykwejliefj2644", "Fri, Iyeieruxebioqmx101", "010-676-140", "W", "Nevemhxp K Kdnwzvmedgxtcpm", 60, "Yiubvmodzwlwq", "Wholesaler" );
INSERT INTO Customer VALUES ( "Saskjmyeqvhrly9", "Mmelsbfcmccjgy7099", "Edcrnc, Rjn943", "010-582-369", "M", "Nqw G Ylbninhcg", 13, "Ozpocgiyz", "Retailer" );
INSERT INTO Customer VALUES ( "Eprfd17", "Ztfofffkgbemiaten9579", "Swobrut, Kuxnvjgazo127", "010-1011-792", "M", "Rrkl U Vmymnaxktvrbnym", 72, "Njqkjfvdbox", "Wholesaler" );
INSERT INTO Customer VALUES ( "Igxidnjzsbihlwum12", "Nqd8442", "Woozls, Dnjmrfiacpssld195", "010-169-564", "M", "Yclbpgxpphbcctup S Dnmmmgvyjq", 60, "Lnxvvnfecxeph", "Retailer" );
INSERT INTO Customer VALUES ( "Xqtmqznemcwf17", "Emwpi1382", "Mzqrybvuhlmjjw, Zconkuzrlctlcitfq986", "010-726-678", "W", "Nkpeyqclhhfbtzn H Auyvabmwgidwmqsvw", 84, "Zhie", "Nomal" );
INSERT INTO Customer VALUES ( "Yuvhfcqbhffpe17", "Kvcrxrww5903", "Olxizkvbcrxg, Oml230", "010-580-302", "W", "Adlrcu L Jfiuylwz", 29, "Ibbjlhvyevvttp", "Wholesaler" );
INSERT INTO Customer VALUES ( "Yfgzwxcfmuwda5", "Bjbgfewnjfyihjn744", "Stlgnpcsnsbrvoka, Ssoh822", "010-487-415", "W", "Fhsculiealxtnjb F Fdbssstnz", 0, "Vafejpoegbh", "Retailer" );
INSERT INTO Customer VALUES ( "Woqhafsuqlmnxc12", "Qnuuvmulswkjmekgn9163", "Wdmpifexp, Uxxc194", "010-584-353", "M", "Gtuholjgujzjoc J Huashymxn", 64, "Ygxlf", "Retailer" );
INSERT INTO Customer VALUES ( "Zse5", "Rodad342", "Ikhdplnh, Sufarodboqc699", "010-178-134", "W", "Uficsizpvbs E Cjfpxiimy", 91, "Pwchiviwk", "Nomal" );
INSERT INTO Customer VALUES ( "Blbucsifrwhmv16", "Uol9188", "Ieunjxfdxyqxskwoo, Uiakijdg475", "010-369-638", "W", "Qiiihsrkfxa V Ssdrmptaz", 9, "Exgpaedbfu", "Wholesaler" );
INSERT INTO Customer VALUES ( "Ctcehxbcxqbgegfz10", "Kysmu5970", "Sjafbdmgrlezx, Qzgmonghb575", "010-167-745", "W", "Uxbumajuqop X Reuyfhwdvmwkqyd", 50, "Tycfdixjbaxzvgin", "Wholesaler" );
INSERT INTO Customer VALUES ( "Akxhnkabvpbq5", "Jtavtdqinnqds3127", "Zmnigpuqqngj, Zeyhmzihni206", "010-796-843", "M", "Aicokt T Kyoorsaumdkntjh", 83, "Xtjo", "Wholesaler" );
INSERT INTO Customer VALUES ( "Qbiiygky13", "Ossnehrveapjtgl7979", "Eifxfnqu, Koovgjjkateaej949", "010-623-714", "W", "Hpfburevadufwphvw K Wqkbfmbkg", 29, "Hfwsgoargf", "Retailer" );
INSERT INTO Customer VALUES ( "Bvnq15", "Nkhdcohhblxxgwtl757", "Zjcnozubijtcnrsu, Ctegcxozdxiniln900", "010-569-524", "M", "Ggxmlilypvzqyog P Ovubnkt", 94, "Tpxajb", "Wholesaler" );
INSERT INTO Customer VALUES ( "Sxrjrpolzje17", "Musenvoofyjyylx5411", "Csmuhplytto, Wfzrvecdomz495", "010-425-380", "M", "Nqzyqm E Vxdr", 43, "Powznfhondg", "Retailer" );
INSERT INTO Customer VALUES ( "Norugcb8", "Adutjfejfxwfp7867", "Lsbyazjhfs, Peonjvprbng650", "010-218-399", "M", "Xdwybtmdgociq E Isnattndokkcr", 96, "Vubsoyzmibkl", "Wholesaler" );
INSERT INTO Customer VALUES ( "Ivxrrbjokdlgnjta6", "Agjhrykmmopt9303", "Vpsrnzqvxhjz, Aqfizlh790", "010-276-180", "M", "Qqzrxjzpejbkd D Uaqsp", 81, "Uvmz", "Retailer" );
INSERT INTO Customer VALUES ( "Exsp11", "Dxpwtxyyu3423", "Enkgdohevgstsr, Fzdmctiobibp110", "010-682-712", "W", "Weepqfrcotvsodl S Wninlw", 97, "Ctjuwlpvtseehqkzj", "Retailer" );
INSERT INTO Customer VALUES ( "Gyntiiwyzpj14", "Hygwqzgfpor9256", "Mkfaslqffndjrh, Mvzy751", "010-999-928", "M", "Ngfotqnzceosqtlb A Mkmbpsxwbrfkou", 6, "Onjx", "Nomal" );
INSERT INTO Customer VALUES ( "Sapgsgys12", "Jdcav7082", "Szwdksqzrsehmfeu, Hcqkoawevjsykjc816", "010-753-616", "M", "Dytyabzgavesolnee D Moeqheewz", 81, "Zitebukotpwulnvmd", "Retailer" );
INSERT INTO Customer VALUES ( "Svsvrklogzwzvi15", "Ghvimot360", "Xdoofhgb, Druxtfvmz708", "010-360-483", "W", "Tgadjcavxtwhyzqae F Djybvxdraiyrwkgf", 8, "Exr", "Wholesaler" );
INSERT INTO Customer VALUES ( "Utxfxsccncgzwkgkx17", "Gqjyotqlitqzgotmt6584", "Eldvhb, Dcf459", "010-966-952", "W", "Xdvhbsje Z Vhritfrbawyardecl", 7, "Utxfbdtyqn", "Nomal" );
INSERT INTO Customer VALUES ( "Qjitjjmh14", "Dnkaxsnerc9453", "Frzmyc, Zoaviunigsegg251", "010-777-832", "W", "Vhc O Gxjaucgvvhbs", 90, "Giqpxpk", "Wholesaler" );
INSERT INTO Customer VALUES ( "Hesswwl10", "Iorewb5916", "Ugkvhfegxiwzbboi, Vcsdmkpmxow123", "010-1065-541", "M", "Uhmmaoukwmlzoy X Mgg", 85, "Fqfvvmngwuiubm", "Wholesaler" );
INSERT INTO Customer VALUES ( "Wmiehl8", "Ujh1562", "Xpdxnratriz, Yderfknzvdsffnaxg908", "010-277-119", "M", "Nvmygfzbfdka F Xdcoucna", 68, "Jda", "Wholesaler" );


INSERT INTO Shipper VALUES ( "SH754", "Mustang Express", 1, 2000 );
INSERT INTO Shipper VALUES ( "SH755", "gate box", 2, 3000 );
INSERT INTO Shipper VALUES ( "SH756", "yellow coif", 7, 5000 );


INSERT INTO Item VALUES ( "W864-5313", "bag", "CRUSH 32", 0, "joe", 1, 5, 128000, "B3036", "C1022304" );
INSERT INTO Item VALUES ( "W864-9595", "bag", "Lewis Hippos 4", 0, "EA", 1, 4, 29000, "B3065", "C1022304" );
INSERT INTO Item VALUES ( "W843-8704", "bag", "Line 30", 0, "EA", 1, 3, 145000, "B3053", "C1022304" );
INSERT INTO Item VALUES ( "W848-9197", "backpack", "Holly backpack (public) 25L Green", 0, "EA", 1, 5, 68000, "B3049", "C1022304" );
INSERT INTO Item VALUES ( "W846-5753", "Walking", "Light Cool Public", 0, "joe", 1, 3, 189000, "B3036", "C1022305" );
INSERT INTO Item VALUES ( "W833-0439", "Walking", "Leah (250) Black", 0, "joe", 1, 5, 99000, "B3036", "C1022305" );
INSERT INTO Item VALUES ( "W864-8541", "Walking", "Illinois (280) Black", 0, "joe", 1, 7, 209000, "B3036", "C1022305" );
INSERT INTO Item VALUES ( "W864-9993", "Walking", "Bordeaux for men (275) Brown", 0, "joe", 1, 10, 199000, "B3065", "C1022305" );
INSERT INTO Item VALUES ( "W843-9961", "mat", "2 square mattress (FREE) Khaki", 0, "joe", 1, 7, 36000, "B3036", "C1022306" );
INSERT INTO Item VALUES ( "W864-5456", "sleeping bag", "Ball padded sleeping bag (FREE) NAVY", 0, "EA", 1, 8, 119000, "B3036", "C1022306" );
INSERT INTO Item VALUES ( "W864-5304", "tent", "Non-nested double", 0, "EA", 1, 8, 189000, "B3036", "C1022306" );
INSERT INTO Item VALUES ( "W864-8897", "tent", "Caties 2IN1 Beige", 0, "EA", 1, 10, 159000, "B3065", "C1022306" );
INSERT INTO Item VALUES ( "W864-4697", "Chinese boots", "260", 0, "joe", 1, 12, 33900, "B3045", "C1022307" );
INSERT INTO Item VALUES ( "W899-2442", "Fashion Boots", "265 brown / male", 0, "joe", 1, 8, 16200, "B3071", "C1022307" );
INSERT INTO Item VALUES ( "W849-9635", "Winterization", "K2-51 (260) Black", 0, "joe", 1, 65, 84000, "B3035", "C1022307" );
INSERT INTO Item VALUES ( "W850-4788", "Winter boots", "# 81 (250) Black / Male - Peninsula Type", 0, "joe", 1, 35, 14400, "B3071", "C1022307" );
INSERT INTO Item VALUES ( "W847-4821", "Safety fire", "Brown", 0, "joe", 50, 41, 610, "B3035", "C1022308" );
INSERT INTO Item VALUES ( "W845-0900", "Insole for safety", "265", 0, "Article", 10, 48, 1520, "B3050", "C1022308" );
INSERT INTO Item VALUES ( "W863-0250", "Air insole", "260", 0, "Article", 10, 32, 1390, "B3040", "C1022308" );
INSERT INTO Item VALUES ( "W863-0278", "Air insole", "270", 0, "Article", 10, 45, 1390, "B3040", "C1022308" );
INSERT INTO Item VALUES ( "W113-8133", "Fashion boots", "SRB-01 (270)", 0, "joe", 1, 8, 7420, "B3042", "C1022309" );
INSERT INTO Item VALUES ( "W888-1818", "Fashion boots", "Shinto (General Type) 270", 0, "joe", 1, 6, 10700, "B3042", "C1022309" );
INSERT INTO Item VALUES ( "W850-0029", "Yodo Stable Boots", "270", 0, "joe", 1, 4, 32200, "B3045", "C1022309" );
INSERT INTO Item VALUES ( "W846-2808", "Yodo Stable Boots", "(PS-01) 265", 0, "joe", 1, 5, 29600, "B3055", "C1022309" );
INSERT INTO Item VALUES ( "W879-0303", "Incandescent bulb", "300W transparent light", 0, "EA", 20, 7, 2240, "B3037", "C1022298" );
INSERT INTO Item VALUES ( "W879-0011", "Fluorescent lamp", "High frequency (1st grade) 32EX-D", 0, "EA", 25, 70, 2050, "B3037", "C1022298" );
INSERT INTO Item VALUES ( "W113-7921", "LED lighting fixtures", "SM-LF30W (Daylight / 30W) - Date light", 0, "EA", 1, 48, 9800, "B3038", "C1022298" );
INSERT INTO Item VALUES ( "W113-7949", "LED bulb", "SM-LP8W (Daylight / 8W)", 0, "EA", 1, 97, 2800, "B3038", "C1022298" );
INSERT INTO Item VALUES ( "W140-1862", "Working lights-LED", "KE-15 (Rechargeable)", 0, "EA", 1, 88, 76000, "B3070", "C1022299" );
INSERT INTO Item VALUES ( "W105-3373", "Bellows, etc.", "SHT-WK0603 (LED-magnet type)", 0, "EA", 1, 25, 23000, "B3041", "C1022299" );
INSERT INTO Item VALUES ( "W875-7238", "Rechargeable work lights", "SL601-9L", 0, "EA", 1, 100, 25500, "B3056", "C1022299" );
INSERT INTO Item VALUES ( "W102-4584", "A general lantern", "SML-302-2L (LED)", 0, "EA", 1, 74, 7200, "B3039", "C1022299" );
INSERT INTO Item VALUES ( "W879-4017", "Slip emitter", "SF-50FLS (= DI-SY-LED50W alternative)", 0, "EA", 1, 21, 42900, "B3063", "C1022300" );
INSERT INTO Item VALUES ( "W144-4371", "Floodlight-LED", "BS-WTL 20-2 (= BS-WNL 20-2)", 0, "EA", 1, 16, 93700, "B3066", "C1022300" );
INSERT INTO Item VALUES ( "W144-3123", "LED Floodlight (Rechargeable)", "BS-HCL20", 0, "EA", 1, 5, 67900, "B3066", "C1022300" );
INSERT INTO Item VALUES ( "W879-3841", "LED electronic signal bar", "40x260mm", 0, "EA", 1, 37, 5850, "B3037", "C1022300" );
INSERT INTO Item VALUES ( "W868-0559", "silicon", "909S Gray 270ml", 0, "EA", 25, 25, 2440, "B3048", "C1022301" );
INSERT INTO Item VALUES ( "W868-0699", "silicon", "OS transparent 270ml", 0, "EA", 25, 45, 2410, "B3064", "C1022301" );
INSERT INTO Item VALUES ( "W868-0680", "silicon", "OS Gray 270ml", 0, "EA", 25, 59, 2150, "B3064", "C1022301" );
INSERT INTO Item VALUES ( "W868-0945", "silicon", "OS translucent 270ml", 0, "EA", 25, 63, 2410, "B3064", "C1022301" );
INSERT INTO Item VALUES ( "W828-0019", "Grease (high temperature)", "1LB (400G) # 41160", 0, "EA", 1, 72, 18300, "B3057", "C1022302" );
INSERT INTO Item VALUES ( "W828-0064", "Grease (tube)", "85G (21030)", 0, "EA", 1, 81, 7310, "B3057", "C1022302" );
INSERT INTO Item VALUES ( "W818-2911", "Root water grease", "MG-610 420ml", 0, "EA", 1, 95, 2890, "B3043", "C1022302" );
INSERT INTO Item VALUES ( "W818-0542", "Grease (liquid)", "G-LUB 10M 420ml", 0, "EA", 1, 107, 11200, "B3043", "C1022302" );
INSERT INTO Item VALUES ( "W819-0026", "Spray (lacquer)", "silver", 0, "EA", 40, 56, 1690, "B3047", "C1022303" );
INSERT INTO Item VALUES ( "W819-0035", "Spray (lacquer)", "Red", 0, "EA", 40, 39, 1690, "B3047", "C1022303" );
INSERT INTO Item VALUES ( "W820-0475", "Spray (lacquer)", "Rusty", 0, "EA", 40, 28, 2450, "B3068", "C1022303" );
INSERT INTO Item VALUES ( "W820-0022", "Spray (lacquer)", "silver", 0, "EA", 40, 29, 1860, "B3068", "C1022303" );
INSERT INTO Item VALUES ( "C132-1061", "Stick", "HS-MS503", 0, "EA", 10, 100, 7260, "B3073", "C1022313" );
INSERT INTO Item VALUES ( "C132-1070", "Each", "HS-GS501", 0, "EA", 10, 6, 7260, "B3073", "C1022313" );
INSERT INTO Item VALUES ( "C132-2848", "sickle", "HS-CSS301 (Chosun Sang)", 0, "EA", 10, 7, 4440, "B3072", "C1022313" );
INSERT INTO Item VALUES ( "C270-2661", "sickle", "S-18", 0, "EA", 10, 0, 4730, "B3051", "C1022313" );
INSERT INTO Item VALUES ( "C177-1406", "Each quarter", "SM-AS1524 (Soso)", 0, "EA", 300, 13, 110, "B3059", "C1022314" );
INSERT INTO Item VALUES ( "C177-1424", "Each quarter", "SM-AS3024 (Of)", 0, "EA", 200, 25, 180, "B3059", "C1022314" );
INSERT INTO Item VALUES ( "C177-0805", "Angular iron (stainless steel)", "Soso (15 * 24)", 0, "EA", 300, 64, 120, "B3044", "C1022314" );
INSERT INTO Item VALUES ( "C166-0915", "Door pedestal (horseshoe)", "DHS-101 (Small)", 0, "EA", 30, 37, 1580, "B3046", "C1022314" );
INSERT INTO Item VALUES ( "C100-2102", "Cold hammer", "Cold hammer", 0, "EA", 1, 12, 6570, "B3067", "C1022315" );
INSERT INTO Item VALUES ( "C131-0092", "Welding hammer (versatile)", "versus", 0, "EA", 1, 5, 12400, "B3067", "C1022315" );
INSERT INTO Item VALUES ( "C100-2111", "Misunderstanding (fiber)", "3LBS", 0, "EA", 1, 6, 8720, "B3062", "C1022315" );
INSERT INTO Item VALUES ( "C100-1811", "Ball hammer", "4OZ", 0, "EA", 1, 3, 3610, "B3062", "C1022315" );
INSERT INTO Item VALUES ( "C142-0034", "Battery (alkaline)", "LR6 (AA) (1 plate = 2EA)", 0, "Edition", 20, 6, 1000, "B3052", "C1022310" );
INSERT INTO Item VALUES ( "C142-0016", "Battery (alkaline)", "LR03 (AAA) (1 plate = 2EA)", 0, "Edition", 20, 6, 1000, "B3052", "C1022310" );
INSERT INTO Item VALUES ( "C401-0111", "Battery (alkaline)", "LR03 (AAA) (1 plate = 2EA)", 0, "Edition", 30, 23, 650, "B3054", "C1022310" );
INSERT INTO Item VALUES ( "C401-0148", "Battery (manganese)", "R20 (D) (1 plate = 2EA)", 0, "edition", 12, 35, 1100, "B3054", "C1022310" );
INSERT INTO Item VALUES ( "C101-5601", "Cutting scissors", "SM-260 GOLD", 0, "EA", 1, 28, 16000, "B3060", "C1022311" );
INSERT INTO Item VALUES ( "C101-5610", "Cutting scissors", "SM-280 GOLD", 0, "EA", 1, 19, 20000, "B3060", "C1022311" );
INSERT INTO Item VALUES ( "C100-4119", "Scissors (office)", "SM-OS8", 0, "EA", 10, 53, 2520, "B3058", "C1022311" );
INSERT INTO Item VALUES ( "C100-4128", "Scissors", "SM-OS9", 0, "EA", 10, 72, 2670, "B3058", "C1022311" );
INSERT INTO Item VALUES ( "C102-3071", "Paper cup", "1000PCS", 0, "BOX", 1, 13, 16800, "B3061", "C1022312" );
INSERT INTO Item VALUES ( "C171-5516", "Smart hanger", "Slim 3P", 0, "SET", 1, 26, 4770, "B3069", "C1022312" );
INSERT INTO Item VALUES ( "C171-5589", "Wave Bathroom Supplies", "chair", 0, "EA", 1, 28, 6670, "B3069", "C1022312" );
INSERT INTO Item VALUES ( "C171-6065", "Flip strong absorption", "Multi-purpose hook", 0, "SET", 1, 22, 3600, "B3069", "C1022312" );


INSERT INTO ShoppingBasket VALUES ( "Wmxze1026358", 0, "Gfxchra16" );
INSERT INTO ShoppingBasket VALUES ( "Rbk1026365", 0, "Gnkuyfkipu8" );
INSERT INTO ShoppingBasket VALUES ( "Kz1026372", 0, "Eethnvwungrz6" );
INSERT INTO ShoppingBasket VALUES ( "Accnlv1026379", 0, "Thuao14" );
INSERT INTO ShoppingBasket VALUES ( "Cnhse1026386", 0, "Cdbw7" );
INSERT INTO ShoppingBasket VALUES ( "Ao1026393", 0, "Dgaiyvmmfyiansenj4" );
INSERT INTO ShoppingBasket VALUES ( "Ji1026400", 0, "Upea11" );
INSERT INTO ShoppingBasket VALUES ( "Eomv1026407", 0, "Tnscgoyjlknztlivw7" );
INSERT INTO ShoppingBasket VALUES ( "Fpar1026414", 0, "Cpvodrdsqccxzbq7" );
INSERT INTO ShoppingBasket VALUES ( "Jkfdb1026421", 0, "Baximezcdf8" );
INSERT INTO ShoppingBasket VALUES ( "Ewwv1026428", 0, "Rwrqcroqyqklyerq17" );
INSERT INTO ShoppingBasket VALUES ( "Germbw1026435", 0, "Ebl14" );
INSERT INTO ShoppingBasket VALUES ( "Gwkhw1026442", 0, "Tvgztj6" );
INSERT INTO ShoppingBasket VALUES ( "Fsjiua1026449", 0, "Jdikrp16" );
INSERT INTO ShoppingBasket VALUES ( "Aespj1026456", 0, "Wjwpjahzxjfoxydb11" );
INSERT INTO ShoppingBasket VALUES ( "Asyx1026463", 0, "Lwijwyyu3" );
INSERT INTO ShoppingBasket VALUES ( "Tnpvgf1026470", 0, "Bxfu6" );
INSERT INTO ShoppingBasket VALUES ( "Bqvezu1026477", 0, "Xxtnmochhxx4" );
INSERT INTO ShoppingBasket VALUES ( "Wmy1026484", 0, "Tevfeipnr6" );
INSERT INTO ShoppingBasket VALUES ( "Rny1026491", 0, "Oeowyxew11" );
INSERT INTO ShoppingBasket VALUES ( "Yuk1026498", 0, "Slyvprfertwxlnu15" );
INSERT INTO ShoppingBasket VALUES ( "Xmjda1026505", 0, "Qndkmwcykacqbb7" );
INSERT INTO ShoppingBasket VALUES ( "Ydewm1026512", 0, "Gwirzupnd13" );
INSERT INTO ShoppingBasket VALUES ( "Oap1026519", 0, "Xfijpgmzb15" );
INSERT INTO ShoppingBasket VALUES ( "Igxv1026526", 0, "Crannb16" );
INSERT INTO ShoppingBasket VALUES ( "Qnzhp1026533", 0, "Efcpngb9" );
INSERT INTO ShoppingBasket VALUES ( "Oaxmrx1026540", 0, "Hchhxzpagkqfrfpzs3" );
INSERT INTO ShoppingBasket VALUES ( "Ag1026547", 0, "Wfdfib9" );
INSERT INTO ShoppingBasket VALUES ( "Lrna1026554", 0, "Nzuuuyyiiu11" );
INSERT INTO ShoppingBasket VALUES ( "Rxhbx1026561", 0, "Ybljlzshzvqg12" );
INSERT INTO ShoppingBasket VALUES ( "Ot1026568", 0, "Wtpfelmnifh7" );
INSERT INTO ShoppingBasket VALUES ( "Eis1026575", 0, "Hbmrfzv7" );
INSERT INTO ShoppingBasket VALUES ( "Bv1026582", 0, "Zrsmnefncgxk16" );
INSERT INTO ShoppingBasket VALUES ( "Whzfbn1026589", 0, "Iuda8" );
INSERT INTO ShoppingBasket VALUES ( "St1026596", 0, "Sng7" );
INSERT INTO ShoppingBasket VALUES ( "Zqvtd1026603", 0, "Vhvmwnekgzpxbbpyv14" );
INSERT INTO ShoppingBasket VALUES ( "Jrzti1026610", 0, "Saskjmyeqvhrly9" );
INSERT INTO ShoppingBasket VALUES ( "Gecqvc1026617", 0, "Eprfd17" );
INSERT INTO ShoppingBasket VALUES ( "Ru1026624", 0, "Igxidnjzsbihlwum12" );
INSERT INTO ShoppingBasket VALUES ( "Ywodn1026631", 0, "Xqtmqznemcwf17" );
INSERT INTO ShoppingBasket VALUES ( "Enbsie1026638", 0, "Yuvhfcqbhffpe17" );
INSERT INTO ShoppingBasket VALUES ( "Lsy1026645", 0, "Yfgzwxcfmuwda5" );
INSERT INTO ShoppingBasket VALUES ( "Xpwxq1026652", 0, "Woqhafsuqlmnxc12" );
INSERT INTO ShoppingBasket VALUES ( "Pkds1026659", 0, "Zse5" );
INSERT INTO ShoppingBasket VALUES ( "Matb1026666", 0, "Blbucsifrwhmv16" );
INSERT INTO ShoppingBasket VALUES ( "Kvu1026673", 0, "Ctcehxbcxqbgegfz10" );
INSERT INTO ShoppingBasket VALUES ( "Oo1026680", 0, "Akxhnkabvpbq5" );
INSERT INTO ShoppingBasket VALUES ( "Bohmx1026687", 0, "Qbiiygky13" );
INSERT INTO ShoppingBasket VALUES ( "Nyuhia1026694", 0, "Bvnq15" );
INSERT INTO ShoppingBasket VALUES ( "Pfbj1026701", 0, "Sxrjrpolzje17" );
INSERT INTO ShoppingBasket VALUES ( "Wdja1026708", 0, "Norugcb8" );
INSERT INTO ShoppingBasket VALUES ( "Bt1026715", 0, "Ivxrrbjokdlgnjta6" );
INSERT INTO ShoppingBasket VALUES ( "Foqb1026722", 0, "Exsp11" );
INSERT INTO ShoppingBasket VALUES ( "Bbkniy1026729", 0, "Gyntiiwyzpj14" );
INSERT INTO ShoppingBasket VALUES ( "Qx1026736", 0, "Sapgsgys12" );
INSERT INTO ShoppingBasket VALUES ( "Zfiixx1026743", 0, "Svsvrklogzwzvi15" );
INSERT INTO ShoppingBasket VALUES ( "Puk1026750", 0, "Utxfxsccncgzwkgkx17" );
INSERT INTO ShoppingBasket VALUES ( "Qjq1026757", 0, "Qjitjjmh14" );
INSERT INTO ShoppingBasket VALUES ( "Yy1026764", 0, "Hesswwl10" );
INSERT INTO ShoppingBasket VALUES ( "Ic1026771", 0, "Wmiehl8" );


INSERT INTO ShippingLocation VALUES ( "SL613", "Valntxmahfpm", "Thuwz", "Mountains and Islands", "SH756", "Gfxchra16" );
INSERT INTO ShippingLocation VALUES ( "SL614", "Hmpgxv", "Dixnoacwwhc", "Seoul and Gyeonggi", "SH754", "Gnkuyfkipu8" );
INSERT INTO ShippingLocation VALUES ( "SL615", "Uppey", "Fespjt", "Seoul and Gyeonggi", "SH754", "Eethnvwungrz6" );
INSERT INTO ShippingLocation VALUES ( "SL616", "Uzpoo", "Smhzoopv", "Seoul and Gyeonggi", "SH754", "Thuao14" );
INSERT INTO ShippingLocation VALUES ( "SL617", "Orxzjuf", "Hzfzczdkzdz", "Seoul and Gyeonggi", "SH754", "Cdbw7" );
INSERT INTO ShippingLocation VALUES ( "SL618", "Ymaucaqogbkgoge", "Dwvr", "Mountains and Islands", "SH756", "Dgaiyvmmfyiansenj4" );
INSERT INTO ShippingLocation VALUES ( "SL619", "Jon", "Ptvtfqzyjwv", "Provinces", "SH755", "Upea11" );
INSERT INTO ShippingLocation VALUES ( "SL620", "Irecllclpyh", "Wpxhsmeftqc", "Mountains and Islands", "SH756", "Tnscgoyjlknztlivw7" );
INSERT INTO ShippingLocation VALUES ( "SL621", "Jotenvoxesotf", "Vhhkuvpemfobrpzy", "Mountains and Islands", "SH756", "Cpvodrdsqccxzbq7" );
INSERT INTO ShippingLocation VALUES ( "SL622", "Tyfrlnuj", "Nnjrqmvyv", "Provinces", "SH755", "Baximezcdf8" );
INSERT INTO ShippingLocation VALUES ( "SL623", "Vnseirxzklcmdfe", "Qgutctasrapydlfmm", "Provinces", "SH755", "Rwrqcroqyqklyerq17" );
INSERT INTO ShippingLocation VALUES ( "SL624", "Tlebkl", "Mmqvgirvoixwsbmj", "Seoul and Gyeonggi", "SH754", "Ebl14" );
INSERT INTO ShippingLocation VALUES ( "SL625", "Nkhnygwjdmpqrlz", "Pvjvgyzdqgyhxsrei", "Seoul and Gyeonggi", "SH754", "Tvgztj6" );
INSERT INTO ShippingLocation VALUES ( "SL626", "Vwamqvsoypdbrkk", "Abaqpzajtwfyiybct", "Mountains and Islands", "SH756", "Jdikrp16" );
INSERT INTO ShippingLocation VALUES ( "SL627", "Owkp", "Umgq", "Mountains and Islands", "SH756", "Wjwpjahzxjfoxydb11" );
INSERT INTO ShippingLocation VALUES ( "SL628", "Kthljhga", "Guxxcvihyqnv", "Provinces", "SH755", "Lwijwyyu3" );
INSERT INTO ShippingLocation VALUES ( "SL629", "Ojx", "Exzoxjc", "Mountains and Islands", "SH756", "Bxfu6" );
INSERT INTO ShippingLocation VALUES ( "SL630", "Sicdfn", "Zuikfstqbdivhpzt", "Seoul and Gyeonggi", "SH754", "Xxtnmochhxx4" );
INSERT INTO ShippingLocation VALUES ( "SL631", "Veebjalp", "Ivzoazoblnylmu", "Seoul and Gyeonggi", "SH754", "Tevfeipnr6" );
INSERT INTO ShippingLocation VALUES ( "SL632", "Balqyvh", "Tfgfpeiridjlxwl", "Mountains and Islands", "SH756", "Oeowyxew11" );
INSERT INTO ShippingLocation VALUES ( "SL633", "Sccupukeidvpyg", "Yrbhnztbhgvdqfbmx", "Mountains and Islands", "SH756", "Slyvprfertwxlnu15" );
INSERT INTO ShippingLocation VALUES ( "SL634", "Ftafxts", "Vqqxdlnudqicimwrf", "Seoul and Gyeonggi", "SH754", "Qndkmwcykacqbb7" );
INSERT INTO ShippingLocation VALUES ( "SL635", "Ihtcl", "Trzjcdrnofskhj", "Provinces", "SH755", "Gwirzupnd13" );
INSERT INTO ShippingLocation VALUES ( "SL636", "Nywbmnrnklsrsrnrb", "Sacrjrlxxip", "Mountains and Islands", "SH756", "Xfijpgmzb15" );
INSERT INTO ShippingLocation VALUES ( "SL637", "Rkyu", "Qsslnhmouaneeb", "Seoul and Gyeonggi", "SH754", "Crannb16" );
INSERT INTO ShippingLocation VALUES ( "SL638", "Dsqjmchn", "Bbsussusg", "Seoul and Gyeonggi", "SH754", "Efcpngb9" );
INSERT INTO ShippingLocation VALUES ( "SL639", "Idips", "Xqdhocbtyoeti", "Seoul and Gyeonggi", "SH754", "Hchhxzpagkqfrfpzs3" );
INSERT INTO ShippingLocation VALUES ( "SL640", "Fsizsrel", "Aosztygmf", "Mountains and Islands", "SH756", "Wfdfib9" );
INSERT INTO ShippingLocation VALUES ( "SL641", "Wcholcwoxseai", "Rmdjrailgfwmllk", "Mountains and Islands", "SH756", "Nzuuuyyiiu11" );
INSERT INTO ShippingLocation VALUES ( "SL642", "Gbgvwqhbfvxz", "Mqwclus", "Provinces", "SH755", "Ybljlzshzvqg12" );
INSERT INTO ShippingLocation VALUES ( "SL643", "Lvutvtgmqkxe", "Iwbdqhxfgjqp", "Seoul and Gyeonggi", "SH754", "Wtpfelmnifh7" );
INSERT INTO ShippingLocation VALUES ( "SL644", "Ayuvyqcsaofncwudw", "Mfxeft", "Mountains and Islands", "SH756", "Hbmrfzv7" );
INSERT INTO ShippingLocation VALUES ( "SL645", "Bppjvr", "Tnbwyqcsy", "Mountains and Islands", "SH756", "Zrsmnefncgxk16" );
INSERT INTO ShippingLocation VALUES ( "SL646", "Tqrjmfkgeymva", "Hnzslzwmfgsrth", "Mountains and Islands", "SH756", "Iuda8" );
INSERT INTO ShippingLocation VALUES ( "SL647", "Lyvx", "Hqpkjvfosdrnmh", "Provinces", "SH755", "Sng7" );
INSERT INTO ShippingLocation VALUES ( "SL648", "Xuzi", "Xspewsufoz", "Mountains and Islands", "SH756", "Vhvmwnekgzpxbbpyv14" );
INSERT INTO ShippingLocation VALUES ( "SL649", "Tzarxeqkgefx", "Rlrblks", "Mountains and Islands", "SH756", "Saskjmyeqvhrly9" );
INSERT INTO ShippingLocation VALUES ( "SL650", "Qodp", "Cbumhelt", "Provinces", "SH755", "Eprfd17" );
INSERT INTO ShippingLocation VALUES ( "SL651", "Nukm", "Dxkr", "Mountains and Islands", "SH756", "Igxidnjzsbihlwum12" );
INSERT INTO ShippingLocation VALUES ( "SL652", "Gbszgpedkjlkw", "Btfgsyvzane", "Provinces", "SH755", "Xqtmqznemcwf17" );
INSERT INTO ShippingLocation VALUES ( "SL653", "Kcqxovnrhfcvkb", "Xsenvoqipjaywdun", "Provinces", "SH755", "Yuvhfcqbhffpe17" );
INSERT INTO ShippingLocation VALUES ( "SL654", "Jmqmli", "Vyvfmogxpewowwhaa", "Seoul and Gyeonggi", "SH754", "Yfgzwxcfmuwda5" );
INSERT INTO ShippingLocation VALUES ( "SL655", "Njdixkpwxnpfo", "Bcsssxykahkyg", "Provinces", "SH755", "Woqhafsuqlmnxc12" );
INSERT INTO ShippingLocation VALUES ( "SL656", "Ewiljybvwjnchfvj", "Ejwzgxymzzgaxon", "Seoul and Gyeonggi", "SH754", "Zse5" );
INSERT INTO ShippingLocation VALUES ( "SL657", "Aqurul", "Ilnoovsdj", "Seoul and Gyeonggi", "SH754", "Blbucsifrwhmv16" );
INSERT INTO ShippingLocation VALUES ( "SL658", "Ijgfygaeyoplodx", "Edefoczsvf", "Seoul and Gyeonggi", "SH754", "Ctcehxbcxqbgegfz10" );
INSERT INTO ShippingLocation VALUES ( "SL659", "Fdiam", "Zngcdfi", "Seoul and Gyeonggi", "SH754", "Akxhnkabvpbq5" );
INSERT INTO ShippingLocation VALUES ( "SL660", "Svtaigvfnsrjey", "Gpygpmp", "Provinces", "SH755", "Qbiiygky13" );
INSERT INTO ShippingLocation VALUES ( "SL661", "Jhjgasqmbzttm", "Nmqkcx", "Mountains and Islands", "SH756", "Bvnq15" );
INSERT INTO ShippingLocation VALUES ( "SL662", "Wmwuyidciibpjdmn", "Odbyjjsuhn", "Mountains and Islands", "SH756", "Sxrjrpolzje17" );
INSERT INTO ShippingLocation VALUES ( "SL663", "Tpqblx", "Asfxjeho", "Mountains and Islands", "SH756", "Norugcb8" );
INSERT INTO ShippingLocation VALUES ( "SL664", "Jccyqiiexa", "Vitu", "Provinces", "SH755", "Ivxrrbjokdlgnjta6" );
INSERT INTO ShippingLocation VALUES ( "SL665", "Fmzslbxthdambyu", "Qeiix", "Mountains and Islands", "SH756", "Exsp11" );
INSERT INTO ShippingLocation VALUES ( "SL666", "Togqvlcwmoygnrnb", "Quuxztrqxbqlyv", "Provinces", "SH755", "Gyntiiwyzpj14" );
INSERT INTO ShippingLocation VALUES ( "SL667", "Xvfzjik", "Cfilcjyjxupga", "Seoul and Gyeonggi", "SH754", "Sapgsgys12" );
INSERT INTO ShippingLocation VALUES ( "SL668", "Rmemoglnolbq", "Fgv", "Seoul and Gyeonggi", "SH754", "Svsvrklogzwzvi15" );
INSERT INTO ShippingLocation VALUES ( "SL669", "Ozaeka", "Xtmvanihibddsnm", "Provinces", "SH755", "Utxfxsccncgzwkgkx17" );
INSERT INTO ShippingLocation VALUES ( "SL670", "Dagqufkgrqevgiw", "Ohxyerzcoby", "Provinces", "SH755", "Qjitjjmh14" );
INSERT INTO ShippingLocation VALUES ( "SL671", "Efchdqt", "Olrhnykuvxbmbsaft", "Seoul and Gyeonggi", "SH754", "Hesswwl10" );
INSERT INTO ShippingLocation VALUES ( "SL672", "Gtysycu", "Uauacogxb", "Seoul and Gyeonggi", "SH754", "Wmiehl8" );


INSERT INTO ItemOrder VALUES ( "IO-Qy1027358", 0, "2001-10-2", "Confirm payment", "Ybljlzshzvqg12", "SL642", "SH755" );
INSERT INTO ItemOrder VALUES ( "IO-Mfu1027375", 0, "2015-9-18", "recived", "Hesswwl10", "SL671", "SH754" );
INSERT INTO ItemOrder VALUES ( "IO-E1027392", 0, "2003-12-10", "shipping", "Rwrqcroqyqklyerq17", "SL623", "SH755" );
INSERT INTO ItemOrder VALUES ( "IO-D1027409", 0, "2016-8-7", "Confirm payment", "Exsp11", "SL665", "SH756" );
INSERT INTO ItemOrder VALUES ( "IO-G1027426", 0, "2013-9-11", "shipping", "Crannb16", "SL637", "SH754" );
INSERT INTO ItemOrder VALUES ( "IO-Qfvi1027443", 0, "2009-11-10", "Confirm payment", "Xqtmqznemcwf17", "SL652", "SH755" );
INSERT INTO ItemOrder VALUES ( "IO-V1027460", 0, "2005-5-26", "Confirm payment", "Gfxchra16", "SL613", "SH756" );
INSERT INTO ItemOrder VALUES ( "IO-Kmsa1027477", 0, "2013-9-2", "Confirm payment", "Crannb16", "SL637", "SH754" );
INSERT INTO ItemOrder VALUES ( "IO-Ypt1027494", 0, "2017-9-15", "Confirm payment", "Ybljlzshzvqg12", "SL642", "SH755" );
INSERT INTO ItemOrder VALUES ( "IO-M1027511", 0, "2017-6-26", "recived", "Eprfd17", "SL650", "SH755" );
INSERT INTO ItemOrder VALUES ( "IO-Q1027528", 0, "2013-4-28", "Confirm payment", "Eprfd17", "SL650", "SH755" );
INSERT INTO ItemOrder VALUES ( "IO-Ozcy1027545", 0, "2011-4-18", "recived", "Saskjmyeqvhrly9", "SL649", "SH756" );
INSERT INTO ItemOrder VALUES ( "IO-B1027562", 0, "2011-2-25", "Confirm payment", "Zrsmnefncgxk16", "SL645", "SH756" );
INSERT INTO ItemOrder VALUES ( "IO-S1027579", 0, "2005-11-14", "shipping", "Efcpngb9", "SL638", "SH754" );
INSERT INTO ItemOrder VALUES ( "IO-Uuo1027596", 0, "2000-1-9", "Confirm payment", "Norugcb8", "SL663", "SH756" );
INSERT INTO ItemOrder VALUES ( "IO-Kjt1027613", 0, "2012-1-18", "Confirm payment", "Wtpfelmnifh7", "SL643", "SH754" );
INSERT INTO ItemOrder VALUES ( "IO-D1027630", 0, "2000-1-17", "shipping", "Cdbw7", "SL617", "SH754" );
INSERT INTO ItemOrder VALUES ( "IO-Prbh1027647", 0, "2013-7-4", "Confirm payment", "Xqtmqznemcwf17", "SL652", "SH755" );
INSERT INTO ItemOrder VALUES ( "IO-X1027664", 0, "2001-2-26", "recived", "Qbiiygky13", "SL660", "SH755" );
INSERT INTO ItemOrder VALUES ( "IO-Is1027681", 0, "2011-4-17", "shipping", "Saskjmyeqvhrly9", "SL649", "SH756" );
INSERT INTO ItemOrder VALUES ( "IO-N1027698", 0, "2012-5-18", "recived", "Qjitjjmh14", "SL670", "SH755" );
INSERT INTO ItemOrder VALUES ( "IO-Su1027715", 0, "2006-7-26", "recived", "Blbucsifrwhmv16", "SL657", "SH754" );
INSERT INTO ItemOrder VALUES ( "IO-Bqxe1027732", 0, "2012-3-14", "Waiting for payment", "Igxidnjzsbihlwum12", "SL651", "SH756" );
INSERT INTO ItemOrder VALUES ( "IO-W1027749", 0, "2010-2-19", "shipping", "Qjitjjmh14", "SL670", "SH755" );
INSERT INTO ItemOrder VALUES ( "IO-H1027766", 0, "2002-5-6", "shipping", "Tnscgoyjlknztlivw7", "SL620", "SH756" );
INSERT INTO ItemOrder VALUES ( "IO-T1027783", 0, "2008-8-8", "shipping", "Igxidnjzsbihlwum12", "SL651", "SH756" );
INSERT INTO ItemOrder VALUES ( "IO-I1027800", 0, "2016-8-26", "recived", "Lwijwyyu3", "SL628", "SH755" );
INSERT INTO ItemOrder VALUES ( "IO-F1027817", 0, "2001-12-9", "Waiting for payment", "Ctcehxbcxqbgegfz10", "SL658", "SH754" );
INSERT INTO ItemOrder VALUES ( "IO-Sv1027834", 0, "2015-10-27", "Confirm payment", "Sxrjrpolzje17", "SL662", "SH756" );
INSERT INTO ItemOrder VALUES ( "IO-C1027851", 0, "2014-12-14", "recived", "Blbucsifrwhmv16", "SL657", "SH754" );
INSERT INTO ItemOrder VALUES ( "IO-K1027868", 0, "2014-12-2", "Waiting for payment", "Rwrqcroqyqklyerq17", "SL623", "SH755" );
INSERT INTO ItemOrder VALUES ( "IO-H1027885", 0, "2015-9-16", "Confirm payment", "Xqtmqznemcwf17", "SL652", "SH755" );
INSERT INTO ItemOrder VALUES ( "IO-C1027902", 0, "2015-8-17", "shipping", "Tnscgoyjlknztlivw7", "SL620", "SH756" );
INSERT INTO ItemOrder VALUES ( "IO-R1027919", 0, "2012-3-5", "Waiting for payment", "Slyvprfertwxlnu15", "SL633", "SH756" );
INSERT INTO ItemOrder VALUES ( "IO-R1027936", 0, "2013-11-1", "shipping", "Wjwpjahzxjfoxydb11", "SL627", "SH756" );
INSERT INTO ItemOrder VALUES ( "IO-Kflt1027953", 0, "2013-11-21", "Confirm payment", "Zse5", "SL656", "SH754" );
INSERT INTO ItemOrder VALUES ( "IO-U1027970", 0, "2011-10-27", "Waiting for payment", "Gwirzupnd13", "SL635", "SH755" );
INSERT INTO ItemOrder VALUES ( "IO-Bgc1027987", 0, "2002-10-9", "Waiting for payment", "Upea11", "SL619", "SH755" );
INSERT INTO ItemOrder VALUES ( "IO-Ivob1028004", 0, "2010-7-4", "shipping", "Efcpngb9", "SL638", "SH754" );
INSERT INTO ItemOrder VALUES ( "IO-Lt1028021", 0, "2001-12-24", "Waiting for payment", "Yuvhfcqbhffpe17", "SL653", "SH755" );
INSERT INTO ItemOrder VALUES ( "IO-K1028038", 0, "2011-2-15", "recived", "Ebl14", "SL624", "SH754" );
INSERT INTO ItemOrder VALUES ( "IO-F1028055", 0, "2009-5-7", "Confirm payment", "Blbucsifrwhmv16", "SL657", "SH754" );
INSERT INTO ItemOrder VALUES ( "IO-Mz1028072", 0, "2011-5-1", "Confirm payment", "Thuao14", "SL616", "SH754" );
INSERT INTO ItemOrder VALUES ( "IO-Uoxk1028089", 0, "2003-10-6", "Confirm payment", "Tnscgoyjlknztlivw7", "SL620", "SH756" );
INSERT INTO ItemOrder VALUES ( "IO-Xo1028106", 0, "2014-4-18", "recived", "Nzuuuyyiiu11", "SL641", "SH756" );
INSERT INTO ItemOrder VALUES ( "IO-Xhf1028123", 0, "2013-12-8", "Confirm payment", "Sng7", "SL647", "SH755" );
INSERT INTO ItemOrder VALUES ( "IO-Ttvx1028140", 0, "2008-5-3", "recived", "Saskjmyeqvhrly9", "SL649", "SH756" );
INSERT INTO ItemOrder VALUES ( "IO-Wg1028157", 0, "2017-10-7", "recived", "Xqtmqznemcwf17", "SL652", "SH755" );
INSERT INTO ItemOrder VALUES ( "IO-Lnn1028174", 0, "2015-10-28", "Confirm payment", "Norugcb8", "SL663", "SH756" );
INSERT INTO ItemOrder VALUES ( "IO-Ufl1028191", 0, "2003-4-28", "recived", "Slyvprfertwxlnu15", "SL633", "SH756" );
INSERT INTO ItemOrder VALUES ( "IO-Hts1028208", 0, "2006-12-25", "Waiting for payment", "Qjitjjmh14", "SL670", "SH755" );
INSERT INTO ItemOrder VALUES ( "IO-Tar1028225", 0, "2015-12-13", "recived", "Eprfd17", "SL650", "SH755" );
INSERT INTO ItemOrder VALUES ( "IO-Qvvp1028242", 0, "2010-4-10", "recived", "Tevfeipnr6", "SL631", "SH754" );
INSERT INTO ItemOrder VALUES ( "IO-Zoa1028259", 0, "2007-3-13", "Confirm payment", "Hesswwl10", "SL671", "SH754" );
INSERT INTO ItemOrder VALUES ( "IO-G1028276", 0, "2002-8-18", "recived", "Gfxchra16", "SL613", "SH756" );
INSERT INTO ItemOrder VALUES ( "IO-Vkt1028293", 0, "2016-10-22", "recived", "Eethnvwungrz6", "SL615", "SH754" );
INSERT INTO ItemOrder VALUES ( "IO-I1028310", 0, "2008-8-10", "Confirm payment", "Thuao14", "SL616", "SH754" );
INSERT INTO ItemOrder VALUES ( "IO-P1028327", 0, "2003-11-13", "recived", "Eethnvwungrz6", "SL615", "SH754" );
INSERT INTO ItemOrder VALUES ( "IO-U1028344", 0, "2004-4-27", "recived", "Baximezcdf8", "SL622", "SH755" );
INSERT INTO ItemOrder VALUES ( "IO-P1028361", 0, "2005-11-14", "shipping", "Xfijpgmzb15", "SL636", "SH756" );
INSERT INTO ItemOrder VALUES ( "IO-Hvzu1028378", 0, "2015-7-6", "Waiting for payment", "Baximezcdf8", "SL622", "SH755" );
INSERT INTO ItemOrder VALUES ( "IO-J1028395", 0, "2002-4-20", "Confirm payment", "Nzuuuyyiiu11", "SL641", "SH756" );
INSERT INTO ItemOrder VALUES ( "IO-Osp1028412", 0, "2014-2-12", "recived", "Sxrjrpolzje17", "SL662", "SH756" );
INSERT INTO ItemOrder VALUES ( "IO-Ik1028429", 0, "2010-7-5", "shipping", "Igxidnjzsbihlwum12", "SL651", "SH756" );
INSERT INTO ItemOrder VALUES ( "IO-D1028446", 0, "2016-11-4", "Waiting for payment", "Exsp11", "SL665", "SH756" );
INSERT INTO ItemOrder VALUES ( "IO-Ip1028463", 0, "2010-10-25", "Confirm payment", "Oeowyxew11", "SL632", "SH756" );
INSERT INTO ItemOrder VALUES ( "IO-P1028480", 0, "2012-7-26", "Waiting for payment", "Zse5", "SL656", "SH754" );
INSERT INTO ItemOrder VALUES ( "IO-P1028497", 0, "2010-10-19", "recived", "Slyvprfertwxlnu15", "SL633", "SH756" );
INSERT INTO ItemOrder VALUES ( "IO-Zmd1028514", 0, "2005-4-20", "shipping", "Ctcehxbcxqbgegfz10", "SL658", "SH754" );
INSERT INTO ItemOrder VALUES ( "IO-Lcuj1028531", 0, "2008-4-7", "recived", "Upea11", "SL619", "SH755" );
INSERT INTO ItemOrder VALUES ( "IO-V1028548", 0, "2004-7-7", "Waiting for payment", "Yfgzwxcfmuwda5", "SL654", "SH754" );
INSERT INTO ItemOrder VALUES ( "IO-Ohaz1028565", 0, "2007-6-11", "recived", "Xfijpgmzb15", "SL636", "SH756" );
INSERT INTO ItemOrder VALUES ( "IO-C1028582", 0, "2017-11-10", "Waiting for payment", "Xxtnmochhxx4", "SL630", "SH754" );
INSERT INTO ItemOrder VALUES ( "IO-Rpp1028599", 0, "2011-12-14", "shipping", "Qjitjjmh14", "SL670", "SH755" );
INSERT INTO ItemOrder VALUES ( "IO-Tkpi1028616", 0, "2004-12-18", "Waiting for payment", "Igxidnjzsbihlwum12", "SL651", "SH756" );
INSERT INTO ItemOrder VALUES ( "IO-S1028633", 0, "2008-9-9", "Confirm payment", "Rwrqcroqyqklyerq17", "SL623", "SH755" );
INSERT INTO ItemOrder VALUES ( "IO-Oun1028650", 0, "2004-10-4", "shipping", "Nzuuuyyiiu11", "SL641", "SH756" );
INSERT INTO ItemOrder VALUES ( "IO-Boc1028667", 0, "2010-9-7", "recived", "Igxidnjzsbihlwum12", "SL651", "SH756" );
INSERT INTO ItemOrder VALUES ( "IO-Qzhy1028684", 0, "2015-10-18", "Confirm payment", "Bvnq15", "SL661", "SH756" );
INSERT INTO ItemOrder VALUES ( "IO-N1028701", 0, "2004-3-15", "recived", "Thuao14", "SL616", "SH754" );
INSERT INTO ItemOrder VALUES ( "IO-Zo1028718", 0, "2012-8-3", "Waiting for payment", "Qjitjjmh14", "SL670", "SH755" );
INSERT INTO ItemOrder VALUES ( "IO-E1028735", 0, "2009-11-19", "shipping", "Tnscgoyjlknztlivw7", "SL620", "SH756" );
INSERT INTO ItemOrder VALUES ( "IO-Tccz1028752", 0, "2002-9-10", "recived", "Hbmrfzv7", "SL644", "SH756" );
INSERT INTO ItemOrder VALUES ( "IO-M1028769", 0, "2011-8-1", "shipping", "Ybljlzshzvqg12", "SL642", "SH755" );
INSERT INTO ItemOrder VALUES ( "IO-K1028786", 0, "2009-4-5", "Confirm payment", "Akxhnkabvpbq5", "SL659", "SH754" );
INSERT INTO ItemOrder VALUES ( "IO-Y1028803", 0, "2004-11-18", "Confirm payment", "Akxhnkabvpbq5", "SL659", "SH754" );
INSERT INTO ItemOrder VALUES ( "IO-I1028820", 0, "2010-11-15", "Confirm payment", "Xfijpgmzb15", "SL636", "SH756" );
INSERT INTO ItemOrder VALUES ( "IO-Orv1028837", 0, "2011-12-19", "Waiting for payment", "Hchhxzpagkqfrfpzs3", "SL639", "SH754" );
INSERT INTO ItemOrder VALUES ( "IO-Vqlu1028854", 0, "2007-3-8", "shipping", "Gfxchra16", "SL613", "SH756" );
INSERT INTO ItemOrder VALUES ( "IO-Mca1028871", 0, "2007-10-21", "Waiting for payment", "Akxhnkabvpbq5", "SL659", "SH754" );
INSERT INTO ItemOrder VALUES ( "IO-Gcg1028888", 0, "2011-4-21", "recived", "Upea11", "SL619", "SH755" );
INSERT INTO ItemOrder VALUES ( "IO-Wsb1028905", 0, "2006-4-12", "recived", "Oeowyxew11", "SL632", "SH756" );
INSERT INTO ItemOrder VALUES ( "IO-Hyk1028922", 0, "2016-9-9", "shipping", "Utxfxsccncgzwkgkx17", "SL669", "SH755" );
INSERT INTO ItemOrder VALUES ( "IO-Z1028939", 0, "2016-10-27", "Waiting for payment", "Ebl14", "SL624", "SH754" );
INSERT INTO ItemOrder VALUES ( "IO-E1028956", 0, "2013-12-17", "Confirm payment", "Blbucsifrwhmv16", "SL657", "SH754" );
INSERT INTO ItemOrder VALUES ( "IO-E1028973", 0, "2013-7-13", "recived", "Tevfeipnr6", "SL631", "SH754" );
INSERT INTO ItemOrder VALUES ( "IO-Xv1028990", 0, "2004-11-8", "recived", "Blbucsifrwhmv16", "SL657", "SH754" );
INSERT INTO ItemOrder VALUES ( "IO-Dak1029007", 0, "2012-12-15", "Waiting for payment", "Exsp11", "SL665", "SH756" );
INSERT INTO ItemOrder VALUES ( "IO-C1029024", 0, "2000-5-23", "shipping", "Norugcb8", "SL663", "SH756" );
INSERT INTO ItemOrder VALUES ( "IO-Rp1029041", 0, "2006-5-8", "Waiting for payment", "Xqtmqznemcwf17", "SL652", "SH755" );
INSERT INTO ItemOrder VALUES ( "IO-Aqjp1029058", 0, "2008-5-23", "Waiting for payment", "Wmiehl8", "SL672", "SH754" );
INSERT INTO ItemOrder VALUES ( "IO-Pyw1029075", 0, "2001-6-2", "shipping", "Baximezcdf8", "SL622", "SH755" );
INSERT INTO ItemOrder VALUES ( "IO-B1029092", 0, "2011-3-5", "recived", "Eprfd17", "SL650", "SH755" );
INSERT INTO ItemOrder VALUES ( "IO-Eq1029109", 0, "2006-7-26", "recived", "Efcpngb9", "SL638", "SH754" );
INSERT INTO ItemOrder VALUES ( "IO-Ir1029126", 0, "2015-2-16", "Waiting for payment", "Ebl14", "SL624", "SH754" );
INSERT INTO ItemOrder VALUES ( "IO-L1029143", 0, "2006-11-2", "recived", "Hesswwl10", "SL671", "SH754" );
INSERT INTO ItemOrder VALUES ( "IO-Xpie1029160", 0, "2011-8-2", "Waiting for payment", "Qbiiygky13", "SL660", "SH755" );
INSERT INTO ItemOrder VALUES ( "IO-Bwz1029177", 0, "2013-5-15", "shipping", "Yfgzwxcfmuwda5", "SL654", "SH754" );
INSERT INTO ItemOrder VALUES ( "IO-Y1029194", 0, "2004-3-13", "Waiting for payment", "Iuda8", "SL646", "SH756" );
INSERT INTO ItemOrder VALUES ( "IO-J1029211", 0, "2004-5-27", "Waiting for payment", "Gyntiiwyzpj14", "SL666", "SH755" );
INSERT INTO ItemOrder VALUES ( "IO-Rokv1029228", 0, "2008-5-20", "recived", "Xfijpgmzb15", "SL636", "SH756" );
INSERT INTO ItemOrder VALUES ( "IO-G1029245", 0, "2007-5-21", "Waiting for payment", "Baximezcdf8", "SL622", "SH755" );
INSERT INTO ItemOrder VALUES ( "IO-Y1029262", 0, "2015-3-6", "Waiting for payment", "Crannb16", "SL637", "SH754" );
INSERT INTO ItemOrder VALUES ( "IO-Le1029279", 0, "2003-2-9", "Confirm payment", "Norugcb8", "SL663", "SH756" );
INSERT INTO ItemOrder VALUES ( "IO-Vlx1029296", 0, "2014-7-8", "recived", "Ebl14", "SL624", "SH754" );
INSERT INTO ItemOrder VALUES ( "IO-U1029313", 0, "2008-1-17", "Confirm payment", "Baximezcdf8", "SL622", "SH755" );
INSERT INTO ItemOrder VALUES ( "IO-G1029330", 0, "2001-12-16", "recived", "Bvnq15", "SL661", "SH756" );
INSERT INTO ItemOrder VALUES ( "IO-Dr1029347", 0, "2015-4-20", "Confirm payment", "Eprfd17", "SL650", "SH755" );
INSERT INTO ItemOrder VALUES ( "IO-Xy1029364", 0, "2012-5-24", "Confirm payment", "Sng7", "SL647", "SH755" );
INSERT INTO ItemOrder VALUES ( "IO-Jc1029381", 0, "2002-5-21", "Confirm payment", "Cdbw7", "SL617", "SH754" );
INSERT INTO ItemOrder VALUES ( "IO-S1029398", 0, "2000-9-4", "shipping", "Xxtnmochhxx4", "SL630", "SH754" );
INSERT INTO ItemOrder VALUES ( "IO-Qd1029415", 0, "2007-10-25", "Confirm payment", "Rwrqcroqyqklyerq17", "SL623", "SH755" );
INSERT INTO ItemOrder VALUES ( "IO-U1029432", 0, "2004-5-2", "Confirm payment", "Blbucsifrwhmv16", "SL657", "SH754" );
INSERT INTO ItemOrder VALUES ( "IO-Lpii1029449", 0, "2005-3-16", "Waiting for payment", "Hesswwl10", "SL671", "SH754" );
INSERT INTO ItemOrder VALUES ( "IO-Chmq1029466", 0, "2010-7-18", "shipping", "Gfxchra16", "SL613", "SH756" );
INSERT INTO ItemOrder VALUES ( "IO-Lins1029483", 0, "2002-6-5", "recived", "Slyvprfertwxlnu15", "SL633", "SH756" );
INSERT INTO ItemOrder VALUES ( "IO-Pg1029500", 0, "2017-11-14", "recived", "Gnkuyfkipu8", "SL614", "SH754" );
INSERT INTO ItemOrder VALUES ( "IO-Yc1029517", 0, "2015-1-17", "Confirm payment", "Svsvrklogzwzvi15", "SL668", "SH754" );
INSERT INTO ItemOrder VALUES ( "IO-W1029534", 0, "2011-5-24", "Waiting for payment", "Exsp11", "SL665", "SH756" );
INSERT INTO ItemOrder VALUES ( "IO-W1029551", 0, "2015-5-18", "shipping", "Woqhafsuqlmnxc12", "SL655", "SH755" );
INSERT INTO ItemOrder VALUES ( "IO-D1029568", 0, "2003-2-2", "shipping", "Tevfeipnr6", "SL631", "SH754" );
INSERT INTO ItemOrder VALUES ( "IO-Qsim1029585", 0, "2013-6-27", "recived", "Utxfxsccncgzwkgkx17", "SL669", "SH755" );
INSERT INTO ItemOrder VALUES ( "IO-J1029602", 0, "2017-9-23", "Waiting for payment", "Gfxchra16", "SL613", "SH756" );
INSERT INTO ItemOrder VALUES ( "IO-Xag1029619", 0, "2017-2-7", "recived", "Tnscgoyjlknztlivw7", "SL620", "SH756" );
INSERT INTO ItemOrder VALUES ( "IO-G1029636", 0, "2007-10-24", "shipping", "Ebl14", "SL624", "SH754" );
INSERT INTO ItemOrder VALUES ( "IO-Yzub1029653", 0, "2008-5-7", "Confirm payment", "Gfxchra16", "SL613", "SH756" );
INSERT INTO ItemOrder VALUES ( "IO-Fq1029670", 0, "2004-2-17", "shipping", "Wtpfelmnifh7", "SL643", "SH754" );
INSERT INTO ItemOrder VALUES ( "IO-Ux1029687", 0, "2002-7-27", "recived", "Igxidnjzsbihlwum12", "SL651", "SH756" );
INSERT INTO ItemOrder VALUES ( "IO-Grc1029704", 0, "2017-3-23", "Confirm payment", "Hchhxzpagkqfrfpzs3", "SL639", "SH754" );
INSERT INTO ItemOrder VALUES ( "IO-Oxff1029721", 0, "2001-12-18", "shipping", "Oeowyxew11", "SL632", "SH756" );
INSERT INTO ItemOrder VALUES ( "IO-Ktf1029738", 0, "2002-8-16", "Confirm payment", "Igxidnjzsbihlwum12", "SL651", "SH756" );
INSERT INTO ItemOrder VALUES ( "IO-Lnc1029755", 0, "2002-9-20", "recived", "Igxidnjzsbihlwum12", "SL651", "SH756" );
INSERT INTO ItemOrder VALUES ( "IO-Mqhj1029772", 0, "2015-10-21", "recived", "Wmiehl8", "SL672", "SH754" );
INSERT INTO ItemOrder VALUES ( "IO-Ybyx1029789", 0, "2000-3-4", "shipping", "Gyntiiwyzpj14", "SL666", "SH755" );
INSERT INTO ItemOrder VALUES ( "IO-I1029806", 0, "2001-12-3", "shipping", "Wtpfelmnifh7", "SL643", "SH754" );
INSERT INTO ItemOrder VALUES ( "IO-Jysi1029823", 0, "2004-11-28", "Confirm payment", "Exsp11", "SL665", "SH756" );
INSERT INTO ItemOrder VALUES ( "IO-X1029840", 0, "2006-11-23", "Confirm payment", "Sxrjrpolzje17", "SL662", "SH756" );
INSERT INTO ItemOrder VALUES ( "IO-Lzsu1029857", 0, "2001-5-14", "shipping", "Tvgztj6", "SL625", "SH754" );
INSERT INTO ItemOrder VALUES ( "IO-A1029874", 0, "2005-10-27", "shipping", "Gnkuyfkipu8", "SL614", "SH754" );
INSERT INTO ItemOrder VALUES ( "IO-I1029891", 0, "2014-10-15", "shipping", "Wjwpjahzxjfoxydb11", "SL627", "SH756" );
INSERT INTO ItemOrder VALUES ( "IO-Ej1029908", 0, "2016-3-10", "Confirm payment", "Hchhxzpagkqfrfpzs3", "SL639", "SH754" );
INSERT INTO ItemOrder VALUES ( "IO-B1029925", 0, "2013-2-28", "Waiting for payment", "Tvgztj6", "SL625", "SH754" );
INSERT INTO ItemOrder VALUES ( "IO-F1029942", 0, "2002-12-2", "Waiting for payment", "Xfijpgmzb15", "SL636", "SH756" );
INSERT INTO ItemOrder VALUES ( "IO-Yrmt1029959", 0, "2001-4-23", "Waiting for payment", "Utxfxsccncgzwkgkx17", "SL669", "SH755" );
INSERT INTO ItemOrder VALUES ( "IO-Zqz1029976", 0, "2013-3-5", "recived", "Xxtnmochhxx4", "SL630", "SH754" );
INSERT INTO ItemOrder VALUES ( "IO-Ealu1029993", 0, "2003-12-23", "Waiting for payment", "Gyntiiwyzpj14", "SL666", "SH755" );
INSERT INTO ItemOrder VALUES ( "IO-S1030010", 0, "2001-10-20", "Confirm payment", "Ivxrrbjokdlgnjta6", "SL664", "SH755" );
INSERT INTO ItemOrder VALUES ( "IO-Jgy1030027", 0, "2004-4-17", "shipping", "Hesswwl10", "SL671", "SH754" );
INSERT INTO ItemOrder VALUES ( "IO-Ur1030044", 0, "2013-11-6", "shipping", "Zse5", "SL656", "SH754" );
INSERT INTO ItemOrder VALUES ( "IO-Gl1030061", 0, "2017-11-16", "Waiting for payment", "Wtpfelmnifh7", "SL643", "SH754" );
INSERT INTO ItemOrder VALUES ( "IO-Owsd1030078", 0, "2008-2-8", "recived", "Norugcb8", "SL663", "SH756" );
INSERT INTO ItemOrder VALUES ( "IO-Txyw1030095", 0, "2000-5-3", "shipping", "Hchhxzpagkqfrfpzs3", "SL639", "SH754" );
INSERT INTO ItemOrder VALUES ( "IO-L1030112", 0, "2009-7-16", "Confirm payment", "Igxidnjzsbihlwum12", "SL651", "SH756" );
INSERT INTO ItemOrder VALUES ( "IO-Jhq1030129", 0, "2003-1-11", "Waiting for payment", "Tvgztj6", "SL625", "SH754" );
INSERT INTO ItemOrder VALUES ( "IO-Msw1030146", 0, "2002-4-12", "Waiting for payment", "Bvnq15", "SL661", "SH756" );
INSERT INTO ItemOrder VALUES ( "IO-Q1030163", 0, "2015-4-22", "Waiting for payment", "Zse5", "SL656", "SH754" );
INSERT INTO ItemOrder VALUES ( "IO-X1030180", 0, "2017-4-21", "recived", "Bvnq15", "SL661", "SH756" );
INSERT INTO ItemOrder VALUES ( "IO-G1030197", 0, "2014-7-20", "shipping", "Xfijpgmzb15", "SL636", "SH756" );
INSERT INTO ItemOrder VALUES ( "IO-Omhk1030214", 0, "2000-9-15", "recived", "Utxfxsccncgzwkgkx17", "SL669", "SH755" );
INSERT INTO ItemOrder VALUES ( "IO-C1030231", 0, "2011-8-14", "recived", "Ctcehxbcxqbgegfz10", "SL658", "SH754" );
INSERT INTO ItemOrder VALUES ( "IO-X1030248", 0, "2014-1-18", "Waiting for payment", "Jdikrp16", "SL626", "SH756" );
INSERT INTO ItemOrder VALUES ( "IO-Tcg1030265", 0, "2010-6-16", "shipping", "Zse5", "SL656", "SH754" );
INSERT INTO ItemOrder VALUES ( "IO-L1030282", 0, "2008-10-23", "Waiting for payment", "Ctcehxbcxqbgegfz10", "SL658", "SH754" );
INSERT INTO ItemOrder VALUES ( "IO-Fcts1030299", 0, "2004-10-25", "Waiting for payment", "Sxrjrpolzje17", "SL662", "SH756" );
INSERT INTO ItemOrder VALUES ( "IO-Gfvi1030316", 0, "2007-10-8", "recived", "Hesswwl10", "SL671", "SH754" );
INSERT INTO ItemOrder VALUES ( "IO-Vy1030333", 0, "2001-1-8", "Waiting for payment", "Ivxrrbjokdlgnjta6", "SL664", "SH755" );
INSERT INTO ItemOrder VALUES ( "IO-Gly1030350", 0, "2014-10-4", "Waiting for payment", "Xxtnmochhxx4", "SL630", "SH754" );
INSERT INTO ItemOrder VALUES ( "IO-X1030367", 0, "2009-6-20", "shipping", "Rwrqcroqyqklyerq17", "SL623", "SH755" );
INSERT INTO ItemOrder VALUES ( "IO-Aroe1030384", 0, "2013-4-10", "shipping", "Crannb16", "SL637", "SH754" );
INSERT INTO ItemOrder VALUES ( "IO-Iagd1030401", 0, "2000-2-28", "Confirm payment", "Lwijwyyu3", "SL628", "SH755" );
INSERT INTO ItemOrder VALUES ( "IO-Auc1030418", 0, "2001-10-20", "shipping", "Iuda8", "SL646", "SH756" );
INSERT INTO ItemOrder VALUES ( "IO-Gi1030435", 0, "2017-5-14", "shipping", "Nzuuuyyiiu11", "SL641", "SH756" );
INSERT INTO ItemOrder VALUES ( "IO-Y1030452", 0, "2015-1-22", "Confirm payment", "Ivxrrbjokdlgnjta6", "SL664", "SH755" );
INSERT INTO ItemOrder VALUES ( "IO-Eei1030469", 0, "2004-7-17", "recived", "Efcpngb9", "SL638", "SH754" );
INSERT INTO ItemOrder VALUES ( "IO-S1030486", 0, "2005-4-6", "Confirm payment", "Tevfeipnr6", "SL631", "SH754" );
INSERT INTO ItemOrder VALUES ( "IO-S1030503", 0, "2006-3-6", "Waiting for payment", "Xqtmqznemcwf17", "SL652", "SH755" );
INSERT INTO ItemOrder VALUES ( "IO-Xs1030520", 0, "2010-2-23", "shipping", "Sxrjrpolzje17", "SL662", "SH756" );
INSERT INTO ItemOrder VALUES ( "IO-R1030537", 0, "2010-12-10", "Waiting for payment", "Xqtmqznemcwf17", "SL652", "SH755" );
INSERT INTO ItemOrder VALUES ( "IO-F1030554", 0, "2000-4-26", "Confirm payment", "Slyvprfertwxlnu15", "SL633", "SH756" );
INSERT INTO ItemOrder VALUES ( "IO-N1030571", 0, "2007-2-14", "Confirm payment", "Crannb16", "SL637", "SH754" );
INSERT INTO ItemOrder VALUES ( "IO-Lm1030588", 0, "2003-11-5", "Confirm payment", "Akxhnkabvpbq5", "SL659", "SH754" );
INSERT INTO ItemOrder VALUES ( "IO-Z1030605", 0, "2017-11-28", "Confirm payment", "Tvgztj6", "SL625", "SH754" );
INSERT INTO ItemOrder VALUES ( "IO-Wy1030622", 0, "2007-12-25", "Confirm payment", "Thuao14", "SL616", "SH754" );
INSERT INTO ItemOrder VALUES ( "IO-H1030639", 0, "2003-4-27", "Confirm payment", "Tevfeipnr6", "SL631", "SH754" );
INSERT INTO ItemOrder VALUES ( "IO-F1030656", 0, "2010-12-8", "Confirm payment", "Bxfu6", "SL629", "SH756" );
INSERT INTO ItemOrder VALUES ( "IO-Z1030673", 0, "2004-12-25", "Waiting for payment", "Bxfu6", "SL629", "SH756" );
INSERT INTO ItemOrder VALUES ( "IO-Lmk1030690", 0, "2017-11-1", "recived", "Sng7", "SL647", "SH755" );
INSERT INTO ItemOrder VALUES ( "IO-A1030707", 0, "2007-8-16", "recived", "Xqtmqznemcwf17", "SL652", "SH755" );
INSERT INTO ItemOrder VALUES ( "IO-Vlro1030724", 0, "2014-1-16", "shipping", "Gfxchra16", "SL613", "SH756" );
INSERT INTO ItemOrder VALUES ( "IO-Rxa1030741", 0, "2005-1-15", "shipping", "Rwrqcroqyqklyerq17", "SL623", "SH755" );


INSERT INTO BasketContains VALUES ( "Ctcehxbcxqbgegfz10", "Kvu1026673", "C131-0092", 31 );
INSERT INTO BasketContains VALUES ( "Wfdfib9", "Ag1026547", "W144-3123", 36 );
INSERT INTO BasketContains VALUES ( "Eethnvwungrz6", "Kz1026372", "W863-0250", 46 );
INSERT INTO BasketContains VALUES ( "Iuda8", "Whzfbn1026589", "C132-2848", 24 );
INSERT INTO BasketContains VALUES ( "Gwirzupnd13", "Ydewm1026512", "W868-0945", 12 );
INSERT INTO BasketContains VALUES ( "Dgaiyvmmfyiansenj4", "Ao1026393", "W879-0303", 4 );
INSERT INTO BasketContains VALUES ( "Nzuuuyyiiu11", "Lrna1026554", "C177-0805", 49 );
INSERT INTO BasketContains VALUES ( "Xxtnmochhxx4", "Bqvezu1026477", "W846-2808", 41 );
INSERT INTO BasketContains VALUES ( "Akxhnkabvpbq5", "Oo1026680", "W868-0680", 10 );
INSERT INTO BasketContains VALUES ( "Oeowyxew11", "Rny1026491", "W820-0022", 38 );
INSERT INTO BasketContains VALUES ( "Zse5", "Pkds1026659", "W105-3373", 32 );
INSERT INTO BasketContains VALUES ( "Vhvmwnekgzpxbbpyv14", "Zqvtd1026603", "W848-9197", 9 );
INSERT INTO BasketContains VALUES ( "Gnkuyfkipu8", "Rbk1026365", "W828-0019", 30 );
INSERT INTO BasketContains VALUES ( "Nzuuuyyiiu11", "Lrna1026554", "W863-0278", 48 );
INSERT INTO BasketContains VALUES ( "Baximezcdf8", "Jkfdb1026421", "W879-4017", 18 );
INSERT INTO BasketContains VALUES ( "Qbiiygky13", "Bohmx1026687", "W879-0011", 4 );
INSERT INTO BasketContains VALUES ( "Bxfu6", "Tnpvgf1026470", "C401-0111", 25 );
INSERT INTO BasketContains VALUES ( "Cdbw7", "Cnhse1026386", "W864-5313", 13 );
INSERT INTO BasketContains VALUES ( "Sapgsgys12", "Qx1026736", "W113-8133", 29 );
INSERT INTO BasketContains VALUES ( "Iuda8", "Whzfbn1026589", "C101-5601", 18 );
INSERT INTO BasketContains VALUES ( "Xfijpgmzb15", "Oap1026519", "W899-2442", 6 );
INSERT INTO BasketContains VALUES ( "Ivxrrbjokdlgnjta6", "Bt1026715", "W113-7949", 6 );
INSERT INTO BasketContains VALUES ( "Hesswwl10", "Yy1026764", "W144-4371", 5 );
INSERT INTO BasketContains VALUES ( "Wmiehl8", "Ic1026771", "C401-0148", 1 );
INSERT INTO BasketContains VALUES ( "Hesswwl10", "Yy1026764", "W864-5304", 18 );
INSERT INTO BasketContains VALUES ( "Eethnvwungrz6", "Kz1026372", "C171-5516", 21 );
INSERT INTO BasketContains VALUES ( "Rwrqcroqyqklyerq17", "Ewwv1026428", "W864-4697", 36 );
INSERT INTO BasketContains VALUES ( "Iuda8", "Whzfbn1026589", "W899-2442", 6 );
INSERT INTO BasketContains VALUES ( "Upea11", "Ji1026400", "W864-5313", 46 );
INSERT INTO BasketContains VALUES ( "Jdikrp16", "Fsjiua1026449", "W863-0278", 18 );
INSERT INTO BasketContains VALUES ( "Akxhnkabvpbq5", "Oo1026680", "C132-1061", 11 );
INSERT INTO BasketContains VALUES ( "Gyntiiwyzpj14", "Bbkniy1026729", "C270-2661", 3 );
INSERT INTO BasketContains VALUES ( "Tevfeipnr6", "Wmy1026484", "C101-5601", 37 );
INSERT INTO BasketContains VALUES ( "Iuda8", "Whzfbn1026589", "C142-0034", 38 );
INSERT INTO BasketContains VALUES ( "Gnkuyfkipu8", "Rbk1026365", "W828-0064", 30 );
INSERT INTO BasketContains VALUES ( "Zrsmnefncgxk16", "Bv1026582", "W868-0699", 40 );
INSERT INTO BasketContains VALUES ( "Sapgsgys12", "Qx1026736", "W843-9961", 25 );
INSERT INTO BasketContains VALUES ( "Crannb16", "Igxv1026526", "W843-8704", 24 );
INSERT INTO BasketContains VALUES ( "Yuvhfcqbhffpe17", "Enbsie1026638", "C100-4119", 47 );
INSERT INTO BasketContains VALUES ( "Bvnq15", "Nyuhia1026694", "W864-8541", 30 );
INSERT INTO BasketContains VALUES ( "Vhvmwnekgzpxbbpyv14", "Zqvtd1026603", "W846-2808", 36 );
INSERT INTO BasketContains VALUES ( "Gnkuyfkipu8", "Rbk1026365", "W879-3841", 26 );
INSERT INTO BasketContains VALUES ( "Yuvhfcqbhffpe17", "Enbsie1026638", "W847-4821", 3 );
INSERT INTO BasketContains VALUES ( "Norugcb8", "Wdja1026708", "W864-8897", 39 );
INSERT INTO BasketContains VALUES ( "Gfxchra16", "Wmxze1026358", "W828-0019", 6 );
INSERT INTO BasketContains VALUES ( "Gfxchra16", "Wmxze1026358", "C131-0092", 25 );
INSERT INTO BasketContains VALUES ( "Wmiehl8", "Ic1026771", "W850-0029", 19 );
INSERT INTO BasketContains VALUES ( "Igxidnjzsbihlwum12", "Ru1026624", "C100-2111", 6 );
INSERT INTO BasketContains VALUES ( "Vhvmwnekgzpxbbpyv14", "Zqvtd1026603", "W833-0439", 49 );
INSERT INTO BasketContains VALUES ( "Upea11", "Ji1026400", "W828-0064", 22 );
INSERT INTO BasketContains VALUES ( "Hesswwl10", "Yy1026764", "W879-0011", 35 );
INSERT INTO BasketContains VALUES ( "Yfgzwxcfmuwda5", "Lsy1026645", "C102-3071", 10 );
INSERT INTO BasketContains VALUES ( "Ebl14", "Germbw1026435", "W850-0029", 26 );
INSERT INTO BasketContains VALUES ( "Jdikrp16", "Fsjiua1026449", "W843-9961", 5 );
INSERT INTO BasketContains VALUES ( "Qjitjjmh14", "Qjq1026757", "W102-4584", 20 );
INSERT INTO BasketContains VALUES ( "Hesswwl10", "Yy1026764", "W847-4821", 24 );
INSERT INTO BasketContains VALUES ( "Iuda8", "Whzfbn1026589", "C100-2111", 47 );
INSERT INTO BasketContains VALUES ( "Zse5", "Pkds1026659", "W846-5753", 12 );
INSERT INTO BasketContains VALUES ( "Hesswwl10", "Yy1026764", "W899-2442", 14 );
INSERT INTO BasketContains VALUES ( "Efcpngb9", "Qnzhp1026533", "C101-5610", 44 );
INSERT INTO BasketContains VALUES ( "Sxrjrpolzje17", "Pfbj1026701", "C171-6065", 43 );
INSERT INTO BasketContains VALUES ( "Utxfxsccncgzwkgkx17", "Puk1026750", "W879-0011", 13 );
INSERT INTO BasketContains VALUES ( "Jdikrp16", "Fsjiua1026449", "W102-4584", 5 );
INSERT INTO BasketContains VALUES ( "Blbucsifrwhmv16", "Matb1026666", "W113-7921", 16 );
INSERT INTO BasketContains VALUES ( "Upea11", "Ji1026400", "W833-0439", 27 );
INSERT INTO BasketContains VALUES ( "Ctcehxbcxqbgegfz10", "Kvu1026673", "C100-2111", 9 );
INSERT INTO BasketContains VALUES ( "Bvnq15", "Nyuhia1026694", "C142-0034", 48 );
INSERT INTO BasketContains VALUES ( "Tnscgoyjlknztlivw7", "Eomv1026407", "W843-9961", 33 );
INSERT INTO BasketContains VALUES ( "Efcpngb9", "Qnzhp1026533", "W850-4788", 26 );
INSERT INTO BasketContains VALUES ( "Ebl14", "Germbw1026435", "W863-0250", 33 );
INSERT INTO BasketContains VALUES ( "Qbiiygky13", "Bohmx1026687", "W828-0019", 22 );
INSERT INTO BasketContains VALUES ( "Wjwpjahzxjfoxydb11", "Aespj1026456", "W879-4017", 36 );
INSERT INTO BasketContains VALUES ( "Rwrqcroqyqklyerq17", "Ewwv1026428", "W113-8133", 30 );
INSERT INTO BasketContains VALUES ( "Slyvprfertwxlnu15", "Yuk1026498", "W144-3123", 40 );
INSERT INTO BasketContains VALUES ( "Upea11", "Ji1026400", "W819-0026", 21 );
INSERT INTO BasketContains VALUES ( "Bxfu6", "Tnpvgf1026470", "C132-1070", 40 );
INSERT INTO BasketContains VALUES ( "Ivxrrbjokdlgnjta6", "Bt1026715", "C100-4128", 48 );
INSERT INTO BasketContains VALUES ( "Nzuuuyyiiu11", "Lrna1026554", "C177-1424", 43 );
INSERT INTO BasketContains VALUES ( "Hesswwl10", "Yy1026764", "W113-7949", 39 );
INSERT INTO BasketContains VALUES ( "Eethnvwungrz6", "Kz1026372", "W819-0035", 25 );
INSERT INTO BasketContains VALUES ( "Wtpfelmnifh7", "Ot1026568", "C401-0111", 23 );
INSERT INTO BasketContains VALUES ( "Svsvrklogzwzvi15", "Zfiixx1026743", "W864-5304", 11 );
INSERT INTO BasketContains VALUES ( "Jdikrp16", "Fsjiua1026449", "W102-4584", 18 );
INSERT INTO BasketContains VALUES ( "Xxtnmochhxx4", "Bqvezu1026477", "W846-5753", 5 );
INSERT INTO BasketContains VALUES ( "Wtpfelmnifh7", "Ot1026568", "W845-0900", 1 );
INSERT INTO BasketContains VALUES ( "Jdikrp16", "Fsjiua1026449", "C101-5610", 21 );
INSERT INTO BasketContains VALUES ( "Qndkmwcykacqbb7", "Xmjda1026505", "C102-3071", 7 );
INSERT INTO BasketContains VALUES ( "Dgaiyvmmfyiansenj4", "Ao1026393", "C101-5601", 42 );
INSERT INTO BasketContains VALUES ( "Iuda8", "Whzfbn1026589", "W113-7949", 25 );
INSERT INTO BasketContains VALUES ( "Igxidnjzsbihlwum12", "Ru1026624", "C101-5610", 6 );
INSERT INTO BasketContains VALUES ( "Tnscgoyjlknztlivw7", "Eomv1026407", "W818-0542", 42 );
INSERT INTO BasketContains VALUES ( "Xqtmqznemcwf17", "Ywodn1026631", "C401-0148", 9 );
INSERT INTO BasketContains VALUES ( "Oeowyxew11", "Rny1026491", "C177-1406", 26 );
INSERT INTO BasketContains VALUES ( "Ivxrrbjokdlgnjta6", "Bt1026715", "W864-9595", 11 );
INSERT INTO BasketContains VALUES ( "Jdikrp16", "Fsjiua1026449", "W113-7921", 47 );
INSERT INTO BasketContains VALUES ( "Crannb16", "Igxv1026526", "C142-0016", 23 );
INSERT INTO BasketContains VALUES ( "Eethnvwungrz6", "Kz1026372", "W879-4017", 32 );
INSERT INTO BasketContains VALUES ( "Xxtnmochhxx4", "Bqvezu1026477", "C102-3071", 45 );
INSERT INTO BasketContains VALUES ( "Xxtnmochhxx4", "Bqvezu1026477", "C100-2111", 41 );
INSERT INTO BasketContains VALUES ( "Tevfeipnr6", "Wmy1026484", "W818-2911", 4 );
INSERT INTO BasketContains VALUES ( "Dgaiyvmmfyiansenj4", "Ao1026393", "W848-9197", 38 );
INSERT INTO BasketContains VALUES ( "Eprfd17", "Gecqvc1026617", "W863-0250", 29 );
INSERT INTO BasketContains VALUES ( "Xqtmqznemcwf17", "Ywodn1026631", "W828-0064", 25 );
INSERT INTO BasketContains VALUES ( "Tnscgoyjlknztlivw7", "Eomv1026407", "C142-0034", 16 );
INSERT INTO BasketContains VALUES ( "Gwirzupnd13", "Ydewm1026512", "W820-0475", 29 );
INSERT INTO BasketContains VALUES ( "Oeowyxew11", "Rny1026491", "W868-0559", 18 );
INSERT INTO BasketContains VALUES ( "Ctcehxbcxqbgegfz10", "Kvu1026673", "W863-0250", 3 );
INSERT INTO BasketContains VALUES ( "Bxfu6", "Tnpvgf1026470", "W850-0029", 31 );
INSERT INTO BasketContains VALUES ( "Thuao14", "Accnlv1026379", "C131-0092", 36 );
INSERT INTO BasketContains VALUES ( "Blbucsifrwhmv16", "Matb1026666", "W849-9635", 31 );
INSERT INTO BasketContains VALUES ( "Crannb16", "Igxv1026526", "W863-0250", 23 );
INSERT INTO BasketContains VALUES ( "Crannb16", "Igxv1026526", "W879-0303", 29 );
INSERT INTO BasketContains VALUES ( "Saskjmyeqvhrly9", "Jrzti1026610", "C132-1070", 47 );
INSERT INTO BasketContains VALUES ( "Akxhnkabvpbq5", "Oo1026680", "W846-5753", 6 );
INSERT INTO BasketContains VALUES ( "Eethnvwungrz6", "Kz1026372", "C142-0034", 30 );
INSERT INTO BasketContains VALUES ( "Dgaiyvmmfyiansenj4", "Ao1026393", "W850-4788", 35 );
INSERT INTO BasketContains VALUES ( "Rwrqcroqyqklyerq17", "Ewwv1026428", "W846-5753", 48 );
INSERT INTO BasketContains VALUES ( "Wtpfelmnifh7", "Ot1026568", "C177-0805", 6 );
INSERT INTO BasketContains VALUES ( "Ivxrrbjokdlgnjta6", "Bt1026715", "W820-0022", 18 );
INSERT INTO BasketContains VALUES ( "Hchhxzpagkqfrfpzs3", "Oaxmrx1026540", "W846-2808", 18 );
INSERT INTO BasketContains VALUES ( "Xqtmqznemcwf17", "Ywodn1026631", "W848-9197", 46 );
INSERT INTO BasketContains VALUES ( "Cdbw7", "Cnhse1026386", "W105-3373", 23 );
INSERT INTO BasketContains VALUES ( "Baximezcdf8", "Jkfdb1026421", "C171-6065", 46 );
INSERT INTO BasketContains VALUES ( "Vhvmwnekgzpxbbpyv14", "Zqvtd1026603", "W864-9993", 21 );
INSERT INTO BasketContains VALUES ( "Wtpfelmnifh7", "Ot1026568", "W843-9961", 13 );
INSERT INTO BasketContains VALUES ( "Xxtnmochhxx4", "Bqvezu1026477", "C132-2848", 32 );
INSERT INTO BasketContains VALUES ( "Cdbw7", "Cnhse1026386", "W863-0250", 3 );
INSERT INTO BasketContains VALUES ( "Dgaiyvmmfyiansenj4", "Ao1026393", "W875-7238", 17 );
INSERT INTO BasketContains VALUES ( "Yfgzwxcfmuwda5", "Lsy1026645", "W864-9595", 28 );
INSERT INTO BasketContains VALUES ( "Norugcb8", "Wdja1026708", "W113-7949", 17 );
INSERT INTO BasketContains VALUES ( "Qndkmwcykacqbb7", "Xmjda1026505", "W113-8133", 21 );
INSERT INTO BasketContains VALUES ( "Sxrjrpolzje17", "Pfbj1026701", "W864-4697", 49 );
INSERT INTO BasketContains VALUES ( "Blbucsifrwhmv16", "Matb1026666", "W846-5753", 43 );
INSERT INTO BasketContains VALUES ( "Wmiehl8", "Ic1026771", "C101-5610", 36 );
INSERT INTO BasketContains VALUES ( "Gnkuyfkipu8", "Rbk1026365", "W899-2442", 37 );
INSERT INTO BasketContains VALUES ( "Wfdfib9", "Ag1026547", "W113-8133", 45 );
INSERT INTO BasketContains VALUES ( "Qbiiygky13", "Bohmx1026687", "C100-4128", 2 );
INSERT INTO BasketContains VALUES ( "Oeowyxew11", "Rny1026491", "C401-0148", 40 );
INSERT INTO BasketContains VALUES ( "Zrsmnefncgxk16", "Bv1026582", "W845-0900", 39 );
INSERT INTO BasketContains VALUES ( "Upea11", "Ji1026400", "W846-2808", 47 );
INSERT INTO BasketContains VALUES ( "Blbucsifrwhmv16", "Matb1026666", "W879-0011", 13 );
INSERT INTO BasketContains VALUES ( "Ivxrrbjokdlgnjta6", "Bt1026715", "C142-0016", 41 );
INSERT INTO BasketContains VALUES ( "Igxidnjzsbihlwum12", "Ru1026624", "W864-9595", 3 );
INSERT INTO BasketContains VALUES ( "Sng7", "St1026596", "W818-0542", 17 );
INSERT INTO BasketContains VALUES ( "Norugcb8", "Wdja1026708", "W849-9635", 5 );
INSERT INTO BasketContains VALUES ( "Saskjmyeqvhrly9", "Jrzti1026610", "W105-3373", 4 );
INSERT INTO BasketContains VALUES ( "Xqtmqznemcwf17", "Ywodn1026631", "C131-0092", 8 );
INSERT INTO BasketContains VALUES ( "Jdikrp16", "Fsjiua1026449", "W820-0475", 13 );
INSERT INTO BasketContains VALUES ( "Gyntiiwyzpj14", "Bbkniy1026729", "W828-0019", 32 );
INSERT INTO BasketContains VALUES ( "Saskjmyeqvhrly9", "Jrzti1026610", "C177-1424", 2 );
INSERT INTO BasketContains VALUES ( "Ivxrrbjokdlgnjta6", "Bt1026715", "W828-0064", 38 );
INSERT INTO BasketContains VALUES ( "Xfijpgmzb15", "Oap1026519", "W819-0035", 4 );
INSERT INTO BasketContains VALUES ( "Woqhafsuqlmnxc12", "Xpwxq1026652", "W846-5753", 48 );
INSERT INTO BasketContains VALUES ( "Utxfxsccncgzwkgkx17", "Puk1026750", "W850-0029", 4 );
INSERT INTO BasketContains VALUES ( "Bxfu6", "Tnpvgf1026470", "C132-1061", 8 );
INSERT INTO BasketContains VALUES ( "Zrsmnefncgxk16", "Bv1026582", "W879-0011", 27 );
INSERT INTO BasketContains VALUES ( "Gwirzupnd13", "Ydewm1026512", "W846-5753", 10 );
INSERT INTO BasketContains VALUES ( "Wfdfib9", "Ag1026547", "W864-4697", 47 );
INSERT INTO BasketContains VALUES ( "Wmiehl8", "Ic1026771", "W850-0029", 39 );
INSERT INTO BasketContains VALUES ( "Ebl14", "Germbw1026435", "W113-7949", 37 );
INSERT INTO BasketContains VALUES ( "Oeowyxew11", "Rny1026491", "W828-0019", 1 );
INSERT INTO BasketContains VALUES ( "Hchhxzpagkqfrfpzs3", "Oaxmrx1026540", "C401-0111", 31 );
INSERT INTO BasketContains VALUES ( "Hbmrfzv7", "Eis1026575", "C131-0092", 34 );
INSERT INTO BasketContains VALUES ( "Tvgztj6", "Gwkhw1026442", "C401-0111", 48 );
INSERT INTO BasketContains VALUES ( "Dgaiyvmmfyiansenj4", "Ao1026393", "C100-2111", 37 );
INSERT INTO BasketContains VALUES ( "Utxfxsccncgzwkgkx17", "Puk1026750", "W868-0945", 0 );
INSERT INTO BasketContains VALUES ( "Utxfxsccncgzwkgkx17", "Puk1026750", "W863-0278", 20 );
INSERT INTO BasketContains VALUES ( "Akxhnkabvpbq5", "Oo1026680", "C401-0111", 30 );
INSERT INTO BasketContains VALUES ( "Hesswwl10", "Yy1026764", "C142-0034", 43 );
INSERT INTO BasketContains VALUES ( "Blbucsifrwhmv16", "Matb1026666", "W819-0035", 10 );
INSERT INTO BasketContains VALUES ( "Utxfxsccncgzwkgkx17", "Puk1026750", "W843-8704", 33 );
INSERT INTO BasketContains VALUES ( "Rwrqcroqyqklyerq17", "Ewwv1026428", "W864-9993", 39 );
INSERT INTO BasketContains VALUES ( "Cpvodrdsqccxzbq7", "Fpar1026414", "W888-1818", 2 );
INSERT INTO BasketContains VALUES ( "Ctcehxbcxqbgegfz10", "Kvu1026673", "W864-9595", 36 );
INSERT INTO BasketContains VALUES ( "Blbucsifrwhmv16", "Matb1026666", "W845-0900", 48 );
INSERT INTO BasketContains VALUES ( "Wtpfelmnifh7", "Ot1026568", "C101-5601", 35 );
INSERT INTO BasketContains VALUES ( "Vhvmwnekgzpxbbpyv14", "Zqvtd1026603", "W864-8541", 39 );
INSERT INTO BasketContains VALUES ( "Exsp11", "Foqb1026722", "W879-4017", 9 );
INSERT INTO BasketContains VALUES ( "Sapgsgys12", "Qx1026736", "W819-0035", 43 );
INSERT INTO BasketContains VALUES ( "Sxrjrpolzje17", "Pfbj1026701", "W864-5456", 35 );
INSERT INTO BasketContains VALUES ( "Svsvrklogzwzvi15", "Zfiixx1026743", "W849-9635", 46 );
INSERT INTO BasketContains VALUES ( "Iuda8", "Whzfbn1026589", "W847-4821", 13 );
INSERT INTO BasketContains VALUES ( "Blbucsifrwhmv16", "Matb1026666", "W864-5304", 44 );
INSERT INTO BasketContains VALUES ( "Oeowyxew11", "Rny1026491", "W879-0011", 44 );
INSERT INTO BasketContains VALUES ( "Rwrqcroqyqklyerq17", "Ewwv1026428", "W868-0559", 48 );
INSERT INTO BasketContains VALUES ( "Wfdfib9", "Ag1026547", "C171-5589", 29 );
INSERT INTO BasketContains VALUES ( "Tvgztj6", "Gwkhw1026442", "C171-6065", 9 );
INSERT INTO BasketContains VALUES ( "Exsp11", "Foqb1026722", "W819-0035", 47 );
INSERT INTO BasketContains VALUES ( "Efcpngb9", "Qnzhp1026533", "W868-0680", 36 );
INSERT INTO BasketContains VALUES ( "Exsp11", "Foqb1026722", "C166-0915", 22 );
INSERT INTO BasketContains VALUES ( "Eethnvwungrz6", "Kz1026372", "W850-4788", 26 );
INSERT INTO BasketContains VALUES ( "Eethnvwungrz6", "Kz1026372", "C177-1424", 4 );
INSERT INTO BasketContains VALUES ( "Cdbw7", "Cnhse1026386", "W819-0035", 37 );
INSERT INTO BasketContains VALUES ( "Gnkuyfkipu8", "Rbk1026365", "W868-0699", 24 );
INSERT INTO BasketContains VALUES ( "Xxtnmochhxx4", "Bqvezu1026477", "W863-0250", 1 );
INSERT INTO BasketContains VALUES ( "Slyvprfertwxlnu15", "Yuk1026498", "W879-0303", 14 );
INSERT INTO BasketContains VALUES ( "Ctcehxbcxqbgegfz10", "Kvu1026673", "W899-2442", 39 );
INSERT INTO BasketContains VALUES ( "Hesswwl10", "Yy1026764", "W140-1862", 11 );
INSERT INTO BasketContains VALUES ( "Sapgsgys12", "Qx1026736", "C142-0034", 11 );
INSERT INTO BasketContains VALUES ( "Tvgztj6", "Gwkhw1026442", "W863-0278", 7 );


INSERT INTO OrderContains VALUES ( "C270-2661", "IO-Qy1027358", 0, 18 );
INSERT INTO OrderContains VALUES ( "W818-0542", "IO-Mfu1027375", 0, 46 );
INSERT INTO OrderContains VALUES ( "W113-7949", "IO-E1027392", 0, 42 );
INSERT INTO OrderContains VALUES ( "W850-0029", "IO-D1027409", 0, 17 );
INSERT INTO OrderContains VALUES ( "W833-0439", "IO-G1027426", 0, 5 );
INSERT INTO OrderContains VALUES ( "W113-8133", "IO-Qfvi1027443", 0, 23 );
INSERT INTO OrderContains VALUES ( "W864-8897", "IO-V1027460", 0, 26 );
INSERT INTO OrderContains VALUES ( "W899-2442", "IO-Kmsa1027477", 0, 22 );
INSERT INTO OrderContains VALUES ( "C100-1811", "IO-Ypt1027494", 0, 38 );
INSERT INTO OrderContains VALUES ( "W864-5313", "IO-M1027511", 0, 46 );
INSERT INTO OrderContains VALUES ( "W850-4788", "IO-Q1027528", 0, 1 );
INSERT INTO OrderContains VALUES ( "C177-0805", "IO-Ozcy1027545", 0, 8 );
INSERT INTO OrderContains VALUES ( "W818-2911", "IO-B1027562", 0, 9 );
INSERT INTO OrderContains VALUES ( "C100-4128", "IO-S1027579", 0, 24 );
INSERT INTO OrderContains VALUES ( "W868-0699", "IO-Uuo1027596", 0, 23 );
INSERT INTO OrderContains VALUES ( "W863-0278", "IO-Kjt1027613", 0, 20 );
INSERT INTO OrderContains VALUES ( "W140-1862", "IO-D1027630", 0, 10 );
INSERT INTO OrderContains VALUES ( "W864-5456", "IO-Prbh1027647", 0, 5 );
INSERT INTO OrderContains VALUES ( "W113-7921", "IO-X1027664", 0, 10 );
INSERT INTO OrderContains VALUES ( "W864-8541", "IO-Is1027681", 0, 27 );
INSERT INTO OrderContains VALUES ( "C177-1406", "IO-N1027698", 0, 40 );
INSERT INTO OrderContains VALUES ( "W879-4017", "IO-Su1027715", 0, 5 );
INSERT INTO OrderContains VALUES ( "W819-0026", "IO-Bqxe1027732", 0, 34 );
INSERT INTO OrderContains VALUES ( "W864-5456", "IO-W1027749", 0, 38 );
INSERT INTO OrderContains VALUES ( "W833-0439", "IO-H1027766", 0, 9 );
INSERT INTO OrderContains VALUES ( "W863-0250", "IO-T1027783", 0, 14 );
INSERT INTO OrderContains VALUES ( "W868-0945", "IO-I1027800", 0, 44 );
INSERT INTO OrderContains VALUES ( "W820-0022", "IO-F1027817", 0, 0 );
INSERT INTO OrderContains VALUES ( "W863-0278", "IO-Sv1027834", 0, 10 );
INSERT INTO OrderContains VALUES ( "W113-8133", "IO-C1027851", 0, 40 );
INSERT INTO OrderContains VALUES ( "W864-9595", "IO-K1027868", 0, 22 );
INSERT INTO OrderContains VALUES ( "C132-1061", "IO-H1027885", 0, 49 );
INSERT INTO OrderContains VALUES ( "W846-2808", "IO-C1027902", 0, 26 );
INSERT INTO OrderContains VALUES ( "W828-0064", "IO-R1027919", 0, 30 );
INSERT INTO OrderContains VALUES ( "C401-0111", "IO-R1027936", 0, 17 );
INSERT INTO OrderContains VALUES ( "W845-0900", "IO-Kflt1027953", 0, 14 );
INSERT INTO OrderContains VALUES ( "W828-0019", "IO-U1027970", 0, 40 );
INSERT INTO OrderContains VALUES ( "W879-4017", "IO-Bgc1027987", 0, 4 );
INSERT INTO OrderContains VALUES ( "W864-4697", "IO-Ivob1028004", 0, 32 );
INSERT INTO OrderContains VALUES ( "W144-4371", "IO-Lt1028021", 0, 4 );
INSERT INTO OrderContains VALUES ( "W888-1818", "IO-K1028038", 0, 38 );
INSERT INTO OrderContains VALUES ( "W879-0011", "IO-F1028055", 0, 16 );
INSERT INTO OrderContains VALUES ( "W864-9993", "IO-Mz1028072", 0, 8 );
INSERT INTO OrderContains VALUES ( "W850-0029", "IO-Uoxk1028089", 0, 24 );
INSERT INTO OrderContains VALUES ( "W819-0026", "IO-Xo1028106", 0, 49 );
INSERT INTO OrderContains VALUES ( "W846-5753", "IO-Xhf1028123", 0, 3 );
INSERT INTO OrderContains VALUES ( "W820-0475", "IO-Ttvx1028140", 0, 25 );
INSERT INTO OrderContains VALUES ( "W875-7238", "IO-Wg1028157", 0, 15 );
INSERT INTO OrderContains VALUES ( "W849-9635", "IO-Lnn1028174", 0, 11 );
INSERT INTO OrderContains VALUES ( "W863-0250", "IO-Ufl1028191", 0, 11 );
INSERT INTO OrderContains VALUES ( "W899-2442", "IO-Hts1028208", 0, 30 );
INSERT INTO OrderContains VALUES ( "C171-5589", "IO-Tar1028225", 0, 6 );
INSERT INTO OrderContains VALUES ( "W879-0303", "IO-Qvvp1028242", 0, 48 );
INSERT INTO OrderContains VALUES ( "W818-2911", "IO-Zoa1028259", 0, 6 );
INSERT INTO OrderContains VALUES ( "C101-5610", "IO-G1028276", 0, 18 );
INSERT INTO OrderContains VALUES ( "C401-0111", "IO-Vkt1028293", 0, 38 );
INSERT INTO OrderContains VALUES ( "C142-0034", "IO-I1028310", 0, 19 );
INSERT INTO OrderContains VALUES ( "C401-0111", "IO-P1028327", 0, 16 );
INSERT INTO OrderContains VALUES ( "W868-0945", "IO-U1028344", 0, 49 );
INSERT INTO OrderContains VALUES ( "W863-0278", "IO-P1028361", 0, 26 );
INSERT INTO OrderContains VALUES ( "W868-0680", "IO-Hvzu1028378", 0, 2 );
INSERT INTO OrderContains VALUES ( "W113-7949", "IO-J1028395", 0, 7 );
INSERT INTO OrderContains VALUES ( "C171-5589", "IO-Osp1028412", 0, 14 );
INSERT INTO OrderContains VALUES ( "W113-7949", "IO-Ik1028429", 0, 42 );
INSERT INTO OrderContains VALUES ( "W864-5313", "IO-D1028446", 0, 1 );
INSERT INTO OrderContains VALUES ( "C142-0016", "IO-Ip1028463", 0, 18 );
INSERT INTO OrderContains VALUES ( "C100-2102", "IO-P1028480", 0, 40 );
INSERT INTO OrderContains VALUES ( "W819-0035", "IO-P1028497", 0, 45 );
INSERT INTO OrderContains VALUES ( "W850-0029", "IO-Zmd1028514", 0, 4 );
INSERT INTO OrderContains VALUES ( "C101-5601", "IO-Lcuj1028531", 0, 35 );
INSERT INTO OrderContains VALUES ( "W113-8133", "IO-V1028548", 0, 35 );
INSERT INTO OrderContains VALUES ( "W820-0022", "IO-Ohaz1028565", 0, 16 );
INSERT INTO OrderContains VALUES ( "W818-2911", "IO-C1028582", 0, 14 );
INSERT INTO OrderContains VALUES ( "W828-0019", "IO-Rpp1028599", 0, 27 );
INSERT INTO OrderContains VALUES ( "W864-9993", "IO-Tkpi1028616", 0, 44 );
INSERT INTO OrderContains VALUES ( "W820-0475", "IO-S1028633", 0, 44 );
INSERT INTO OrderContains VALUES ( "W879-0011", "IO-Oun1028650", 0, 49 );
INSERT INTO OrderContains VALUES ( "C100-4119", "IO-Boc1028667", 0, 16 );
INSERT INTO OrderContains VALUES ( "C171-6065", "IO-Qzhy1028684", 0, 17 );
INSERT INTO OrderContains VALUES ( "W113-7921", "IO-N1028701", 0, 18 );
INSERT INTO OrderContains VALUES ( "W868-0559", "IO-Zo1028718", 0, 22 );
INSERT INTO OrderContains VALUES ( "W879-0011", "IO-E1028735", 0, 23 );
INSERT INTO OrderContains VALUES ( "C171-5589", "IO-Tccz1028752", 0, 30 );
INSERT INTO OrderContains VALUES ( "W868-0680", "IO-M1028769", 0, 23 );
INSERT INTO OrderContains VALUES ( "C101-5601", "IO-K1028786", 0, 2 );
INSERT INTO OrderContains VALUES ( "W818-2911", "IO-Y1028803", 0, 41 );
INSERT INTO OrderContains VALUES ( "W868-0699", "IO-I1028820", 0, 11 );
INSERT INTO OrderContains VALUES ( "C102-3071", "IO-Orv1028837", 0, 6 );
INSERT INTO OrderContains VALUES ( "W864-9993", "IO-Vqlu1028854", 0, 13 );
INSERT INTO OrderContains VALUES ( "W820-0022", "IO-Mca1028871", 0, 25 );
INSERT INTO OrderContains VALUES ( "W868-0945", "IO-Gcg1028888", 0, 29 );
INSERT INTO OrderContains VALUES ( "W879-4017", "IO-Wsb1028905", 0, 24 );
INSERT INTO OrderContains VALUES ( "W888-1818", "IO-Hyk1028922", 0, 35 );
INSERT INTO OrderContains VALUES ( "W828-0019", "IO-Z1028939", 0, 6 );
INSERT INTO OrderContains VALUES ( "W144-4371", "IO-E1028956", 0, 35 );
INSERT INTO OrderContains VALUES ( "C101-5601", "IO-E1028973", 0, 31 );
INSERT INTO OrderContains VALUES ( "C100-4128", "IO-Xv1028990", 0, 8 );
INSERT INTO OrderContains VALUES ( "W864-8541", "IO-Dak1029007", 0, 11 );
INSERT INTO OrderContains VALUES ( "W828-0064", "IO-C1029024", 0, 7 );
INSERT INTO OrderContains VALUES ( "W113-7921", "IO-Rp1029041", 0, 32 );
INSERT INTO OrderContains VALUES ( "C166-0915", "IO-Aqjp1029058", 0, 45 );
INSERT INTO OrderContains VALUES ( "C171-5589", "IO-Pyw1029075", 0, 12 );
INSERT INTO OrderContains VALUES ( "W140-1862", "IO-B1029092", 0, 18 );
INSERT INTO OrderContains VALUES ( "W864-8541", "IO-Eq1029109", 0, 30 );
INSERT INTO OrderContains VALUES ( "W818-2911", "IO-Ir1029126", 0, 43 );
INSERT INTO OrderContains VALUES ( "C177-1406", "IO-L1029143", 0, 37 );
INSERT INTO OrderContains VALUES ( "W850-0029", "IO-Xpie1029160", 0, 0 );
INSERT INTO OrderContains VALUES ( "W820-0022", "IO-Bwz1029177", 0, 37 );
INSERT INTO OrderContains VALUES ( "C131-0092", "IO-Y1029194", 0, 2 );
INSERT INTO OrderContains VALUES ( "W868-0699", "IO-J1029211", 0, 23 );
INSERT INTO OrderContains VALUES ( "C401-0111", "IO-Rokv1029228", 0, 26 );
INSERT INTO OrderContains VALUES ( "C166-0915", "IO-G1029245", 0, 15 );
INSERT INTO OrderContains VALUES ( "W888-1818", "IO-Y1029262", 0, 30 );
INSERT INTO OrderContains VALUES ( "C177-1406", "IO-Le1029279", 0, 16 );
INSERT INTO OrderContains VALUES ( "W850-4788", "IO-Vlx1029296", 0, 2 );
INSERT INTO OrderContains VALUES ( "W847-4821", "IO-U1029313", 0, 28 );
INSERT INTO OrderContains VALUES ( "W818-0542", "IO-G1029330", 0, 8 );
INSERT INTO OrderContains VALUES ( "W850-0029", "IO-Dr1029347", 0, 48 );
INSERT INTO OrderContains VALUES ( "W845-0900", "IO-Xy1029364", 0, 48 );
INSERT INTO OrderContains VALUES ( "C177-1406", "IO-Jc1029381", 0, 39 );
INSERT INTO OrderContains VALUES ( "W819-0035", "IO-S1029398", 0, 24 );
INSERT INTO OrderContains VALUES ( "W868-0680", "IO-Qd1029415", 0, 10 );
INSERT INTO OrderContains VALUES ( "W105-3373", "IO-U1029432", 0, 20 );
INSERT INTO OrderContains VALUES ( "W864-8541", "IO-Lpii1029449", 0, 40 );
INSERT INTO OrderContains VALUES ( "W849-9635", "IO-Chmq1029466", 0, 9 );
INSERT INTO OrderContains VALUES ( "W863-0250", "IO-Lins1029483", 0, 39 );
INSERT INTO OrderContains VALUES ( "C177-1424", "IO-Pg1029500", 0, 37 );
INSERT INTO OrderContains VALUES ( "C171-5589", "IO-Yc1029517", 0, 23 );
INSERT INTO OrderContains VALUES ( "W864-5304", "IO-W1029534", 0, 25 );
INSERT INTO OrderContains VALUES ( "W113-8133", "IO-W1029551", 0, 41 );
INSERT INTO OrderContains VALUES ( "C131-0092", "IO-D1029568", 0, 34 );
INSERT INTO OrderContains VALUES ( "W828-0064", "IO-Qsim1029585", 0, 0 );
INSERT INTO OrderContains VALUES ( "W846-5753", "IO-J1029602", 0, 25 );
INSERT INTO OrderContains VALUES ( "W818-2911", "IO-Xag1029619", 0, 1 );
INSERT INTO OrderContains VALUES ( "C100-4128", "IO-G1029636", 0, 6 );
INSERT INTO OrderContains VALUES ( "W820-0475", "IO-Yzub1029653", 0, 34 );
INSERT INTO OrderContains VALUES ( "W868-0680", "IO-Fq1029670", 0, 1 );
INSERT INTO OrderContains VALUES ( "W850-0029", "IO-Ux1029687", 0, 46 );
INSERT INTO OrderContains VALUES ( "W113-8133", "IO-Grc1029704", 0, 2 );
INSERT INTO OrderContains VALUES ( "W864-5304", "IO-Oxff1029721", 0, 21 );
INSERT INTO OrderContains VALUES ( "W113-8133", "IO-Ktf1029738", 0, 15 );
INSERT INTO OrderContains VALUES ( "C177-0805", "IO-Lnc1029755", 0, 0 );
INSERT INTO OrderContains VALUES ( "C171-5516", "IO-Mqhj1029772", 0, 24 );
INSERT INTO OrderContains VALUES ( "C142-0016", "IO-Ybyx1029789", 0, 5 );
INSERT INTO OrderContains VALUES ( "W879-0011", "IO-I1029806", 0, 44 );
INSERT INTO OrderContains VALUES ( "W899-2442", "IO-Jysi1029823", 0, 33 );
INSERT INTO OrderContains VALUES ( "C171-6065", "IO-X1029840", 0, 33 );
INSERT INTO OrderContains VALUES ( "W848-9197", "IO-Lzsu1029857", 0, 2 );
INSERT INTO OrderContains VALUES ( "W845-0900", "IO-A1029874", 0, 3 );
INSERT INTO OrderContains VALUES ( "W879-4017", "IO-I1029891", 0, 18 );
INSERT INTO OrderContains VALUES ( "W864-8897", "IO-Ej1029908", 0, 0 );
INSERT INTO OrderContains VALUES ( "W819-0035", "IO-B1029925", 0, 1 );
INSERT INTO OrderContains VALUES ( "W849-9635", "IO-F1029942", 0, 24 );
INSERT INTO OrderContains VALUES ( "W818-2911", "IO-Yrmt1029959", 0, 25 );
INSERT INTO OrderContains VALUES ( "W879-3841", "IO-Zqz1029976", 0, 25 );
INSERT INTO OrderContains VALUES ( "W105-3373", "IO-Ealu1029993", 0, 19 );
INSERT INTO OrderContains VALUES ( "W818-0542", "IO-S1030010", 0, 9 );
INSERT INTO OrderContains VALUES ( "W879-0011", "IO-Jgy1030027", 0, 43 );
INSERT INTO OrderContains VALUES ( "W850-4788", "IO-Ur1030044", 0, 35 );
INSERT INTO OrderContains VALUES ( "W868-0699", "IO-Gl1030061", 0, 10 );
INSERT INTO OrderContains VALUES ( "C102-3071", "IO-Owsd1030078", 0, 4 );
INSERT INTO OrderContains VALUES ( "W850-4788", "IO-Txyw1030095", 0, 24 );
INSERT INTO OrderContains VALUES ( "W864-9595", "IO-L1030112", 0, 0 );
INSERT INTO OrderContains VALUES ( "C101-5601", "IO-Jhq1030129", 0, 5 );
INSERT INTO OrderContains VALUES ( "C102-3071", "IO-Msw1030146", 0, 24 );
INSERT INTO OrderContains VALUES ( "C100-4119", "IO-Q1030163", 0, 49 );
INSERT INTO OrderContains VALUES ( "C131-0092", "IO-X1030180", 0, 12 );
INSERT INTO OrderContains VALUES ( "C101-5601", "IO-G1030197", 0, 19 );
INSERT INTO OrderContains VALUES ( "W864-4697", "IO-Omhk1030214", 0, 34 );
INSERT INTO OrderContains VALUES ( "W140-1862", "IO-C1030231", 0, 31 );
INSERT INTO OrderContains VALUES ( "W113-7921", "IO-X1030248", 0, 28 );
INSERT INTO OrderContains VALUES ( "W864-8541", "IO-Tcg1030265", 0, 34 );
INSERT INTO OrderContains VALUES ( "C100-4128", "IO-L1030282", 0, 30 );
INSERT INTO OrderContains VALUES ( "W868-0559", "IO-Fcts1030299", 0, 8 );
INSERT INTO OrderContains VALUES ( "W818-0542", "IO-Gfvi1030316", 0, 4 );
INSERT INTO OrderContains VALUES ( "W819-0035", "IO-Vy1030333", 0, 5 );
INSERT INTO OrderContains VALUES ( "C101-5610", "IO-Gly1030350", 0, 37 );
INSERT INTO OrderContains VALUES ( "W113-7949", "IO-X1030367", 0, 30 );
INSERT INTO OrderContains VALUES ( "C166-0915", "IO-Aroe1030384", 0, 28 );
INSERT INTO OrderContains VALUES ( "W828-0019", "IO-Iagd1030401", 0, 12 );
INSERT INTO OrderContains VALUES ( "W863-0278", "IO-Auc1030418", 0, 41 );
INSERT INTO OrderContains VALUES ( "W850-4788", "IO-Gi1030435", 0, 6 );
INSERT INTO OrderContains VALUES ( "C171-5516", "IO-Y1030452", 0, 1 );
INSERT INTO OrderContains VALUES ( "C401-0148", "IO-Eei1030469", 0, 4 );
INSERT INTO OrderContains VALUES ( "W144-3123", "IO-S1030486", 0, 30 );
INSERT INTO OrderContains VALUES ( "C100-1811", "IO-S1030503", 0, 40 );
INSERT INTO OrderContains VALUES ( "W828-0019", "IO-Xs1030520", 0, 43 );
INSERT INTO OrderContains VALUES ( "W850-0029", "IO-R1030537", 0, 38 );
INSERT INTO OrderContains VALUES ( "W846-5753", "IO-F1030554", 0, 33 );
INSERT INTO OrderContains VALUES ( "W850-0029", "IO-N1030571", 0, 33 );
INSERT INTO OrderContains VALUES ( "W864-5313", "IO-Lm1030588", 0, 43 );
INSERT INTO OrderContains VALUES ( "W833-0439", "IO-Z1030605", 0, 36 );
INSERT INTO OrderContains VALUES ( "W845-0900", "IO-Wy1030622", 0, 23 );
INSERT INTO OrderContains VALUES ( "W864-5313", "IO-H1030639", 0, 12 );
INSERT INTO OrderContains VALUES ( "W879-4017", "IO-F1030656", 0, 2 );
INSERT INTO OrderContains VALUES ( "C131-0092", "IO-Z1030673", 0, 5 );
INSERT INTO OrderContains VALUES ( "W846-2808", "IO-Lmk1030690", 0, 20 );
INSERT INTO OrderContains VALUES ( "C101-5601", "IO-A1030707", 0, 3 );
INSERT INTO OrderContains VALUES ( "W868-0680", "IO-Vlro1030724", 0, 47 );
INSERT INTO OrderContains VALUES ( "C132-2848", "IO-Rxa1030741", 0, 4 );
INSERT INTO OrderContains VALUES ( "C177-0805", "IO-Mfu1027375", 0, 34 );
INSERT INTO OrderContains VALUES ( "C166-0915", "IO-Z1030605", 0, 4 );
INSERT INTO OrderContains VALUES ( "W864-4697", "IO-Z1030673", 0, 15 );
INSERT INTO OrderContains VALUES ( "C171-6065", "IO-W1027749", 0, 40 );
INSERT INTO OrderContains VALUES ( "C132-1061", "IO-Ealu1029993", 0, 16 );
INSERT INTO OrderContains VALUES ( "C131-0092", "IO-J1029602", 0, 31 );
INSERT INTO OrderContains VALUES ( "C401-0111", "IO-D1027630", 0, 41 );
INSERT INTO OrderContains VALUES ( "W863-0278", "IO-Lcuj1028531", 0, 20 );
INSERT INTO OrderContains VALUES ( "W102-4584", "IO-W1029534", 0, 46 );
INSERT INTO OrderContains VALUES ( "C100-4119", "IO-Ej1029908", 0, 23 );
INSERT INTO OrderContains VALUES ( "W863-0250", "IO-Jhq1030129", 0, 28 );
INSERT INTO OrderContains VALUES ( "W879-4017", "IO-Xs1030520", 0, 27 );
INSERT INTO OrderContains VALUES ( "W888-1818", "IO-M1027511", 0, 0 );
INSERT INTO OrderContains VALUES ( "C100-1811", "IO-Rxa1030741", 0, 49 );
INSERT INTO OrderContains VALUES ( "W864-9993", "IO-Le1029279", 0, 15 );
INSERT INTO OrderContains VALUES ( "W868-0945", "IO-Ik1028429", 0, 27 );
INSERT INTO OrderContains VALUES ( "W828-0064", "IO-Prbh1027647", 0, 29 );
INSERT INTO OrderContains VALUES ( "W888-1818", "IO-Xy1029364", 0, 4 );
INSERT INTO OrderContains VALUES ( "C177-1406", "IO-N1030571", 0, 33 );
INSERT INTO OrderContains VALUES ( "W864-5313", "IO-Ozcy1027545", 0, 27 );
INSERT INTO OrderContains VALUES ( "W848-9197", "IO-Ur1030044", 0, 0 );
INSERT INTO OrderContains VALUES ( "W863-0278", "IO-Msw1030146", 0, 46 );
INSERT INTO OrderContains VALUES ( "W144-4371", "IO-Xo1028106", 0, 1 );
INSERT INTO OrderContains VALUES ( "C171-6065", "IO-Hts1028208", 0, 40 );
INSERT INTO OrderContains VALUES ( "C100-4119", "IO-Mfu1027375", 0, 15 );
INSERT INTO OrderContains VALUES ( "C401-0111", "IO-Hvzu1028378", 0, 0 );
INSERT INTO OrderContains VALUES ( "C132-1061", "IO-Wsb1028905", 0, 4 );
INSERT INTO OrderContains VALUES ( "W847-4821", "IO-Uuo1027596", 0, 31 );
INSERT INTO OrderContains VALUES ( "C270-2661", "IO-Xs1030520", 0, 38 );
INSERT INTO OrderContains VALUES ( "C100-2102", "IO-G1029245", 0, 33 );
INSERT INTO OrderContains VALUES ( "C142-0016", "IO-Ur1030044", 0, 42 );
INSERT INTO OrderContains VALUES ( "W105-3373", "IO-Gl1030061", 0, 7 );
INSERT INTO OrderContains VALUES ( "W819-0026", "IO-F1029942", 0, 8 );
INSERT INTO OrderContains VALUES ( "W848-9197", "IO-L1029143", 0, 7 );
INSERT INTO OrderContains VALUES ( "W848-9197", "IO-Xpie1029160", 0, 30 );
INSERT INTO OrderContains VALUES ( "C401-0111", "IO-Uuo1027596", 0, 17 );
INSERT INTO OrderContains VALUES ( "W879-0011", "IO-Wy1030622", 0, 42 );
INSERT INTO OrderContains VALUES ( "W879-3841", "IO-Gi1030435", 0, 49 );
INSERT INTO OrderContains VALUES ( "W864-5313", "IO-J1028395", 0, 10 );
INSERT INTO OrderContains VALUES ( "C131-0092", "IO-G1030197", 0, 0 );
INSERT INTO OrderContains VALUES ( "W820-0022", "IO-Ktf1029738", 0, 3 );
INSERT INTO OrderContains VALUES ( "C101-5610", "IO-Orv1028837", 0, 37 );
INSERT INTO OrderContains VALUES ( "W864-8897", "IO-Z1028939", 0, 44 );
INSERT INTO OrderContains VALUES ( "W843-8704", "IO-K1028038", 0, 30 );
INSERT INTO OrderContains VALUES ( "C171-5589", "IO-Rokv1029228", 0, 22 );
INSERT INTO OrderContains VALUES ( "W113-7921", "IO-F1027817", 0, 25 );
INSERT INTO OrderContains VALUES ( "W864-4697", "IO-Uuo1027596", 0, 26 );
INSERT INTO OrderContains VALUES ( "C142-0034", "IO-Xo1028106", 0, 12 );
INSERT INTO OrderContains VALUES ( "C100-1811", "IO-Gi1030435", 0, 8 );
INSERT INTO OrderContains VALUES ( "C166-0915", "IO-Ypt1027494", 0, 42 );
INSERT INTO OrderContains VALUES ( "W846-5753", "IO-R1027919", 0, 1 );
INSERT INTO OrderContains VALUES ( "C101-5610", "IO-Ktf1029738", 0, 0 );
INSERT INTO OrderContains VALUES ( "W849-9635", "IO-Owsd1030078", 0, 48 );
INSERT INTO OrderContains VALUES ( "W868-0680", "IO-D1027409", 0, 25 );
INSERT INTO OrderContains VALUES ( "W102-4584", "IO-Ip1028463", 0, 37 );
INSERT INTO OrderContains VALUES ( "W820-0022", "IO-Kmsa1027477", 0, 46 );
INSERT INTO OrderContains VALUES ( "W879-0303", "IO-Txyw1030095", 0, 6 );
INSERT INTO OrderContains VALUES ( "C100-2111", "IO-Ux1029687", 0, 13 );
INSERT INTO OrderContains VALUES ( "W864-8541", "IO-F1029942", 0, 42 );
INSERT INTO OrderContains VALUES ( "W863-0278", "IO-Le1029279", 0, 7 );
INSERT INTO OrderContains VALUES ( "C101-5610", "IO-Lmk1030690", 0, 22 );
INSERT INTO OrderContains VALUES ( "C171-6065", "IO-Tar1028225", 0, 5 );
INSERT INTO OrderContains VALUES ( "W843-9961", "IO-F1030656", 0, 0 );
INSERT INTO OrderContains VALUES ( "C270-2661", "IO-X1027664", 0, 25 );
INSERT INTO OrderContains VALUES ( "W864-5313", "IO-C1027902", 0, 49 );
INSERT INTO OrderContains VALUES ( "W879-0303", "IO-T1027783", 0, 26 );
INSERT INTO OrderContains VALUES ( "W879-3841", "IO-Vy1030333", 0, 6 );
INSERT INTO OrderContains VALUES ( "W850-4788", "IO-Ybyx1029789", 0, 29 );
INSERT INTO OrderContains VALUES ( "W848-9197", "IO-Oun1028650", 0, 16 );
INSERT INTO OrderContains VALUES ( "C177-1424", "IO-Lnn1028174", 0, 1 );
INSERT INTO OrderContains VALUES ( "W820-0022", "IO-B1029925", 0, 49 );
INSERT INTO OrderContains VALUES ( "W828-0019", "IO-K1027868", 0, 18 );
INSERT INTO OrderContains VALUES ( "W864-9595", "IO-G1029636", 0, 30 );
INSERT INTO OrderContains VALUES ( "W864-9993", "IO-Lcuj1028531", 0, 49 );
INSERT INTO OrderContains VALUES ( "W848-9197", "IO-Hts1028208", 0, 18 );
INSERT INTO OrderContains VALUES ( "W113-8133", "IO-N1030571", 0, 40 );
INSERT INTO OrderContains VALUES ( "W849-9635", "IO-Rpp1028599", 0, 37 );
INSERT INTO OrderContains VALUES ( "W850-0029", "IO-Fcts1030299", 0, 22 );
INSERT INTO OrderContains VALUES ( "W819-0026", "IO-W1027749", 0, 5 );
INSERT INTO OrderContains VALUES ( "W864-5313", "IO-Uoxk1028089", 0, 5 );
INSERT INTO OrderContains VALUES ( "W868-0680", "IO-I1028820", 0, 4 );
INSERT INTO OrderContains VALUES ( "W875-7238", "IO-Xhf1028123", 0, 47 );
INSERT INTO OrderContains VALUES ( "W818-2911", "IO-Bqxe1027732", 0, 2 );
INSERT INTO OrderContains VALUES ( "C401-0148", "IO-Iagd1030401", 0, 49 );
INSERT INTO OrderContains VALUES ( "C142-0016", "IO-Pyw1029075", 0, 31 );
INSERT INTO OrderContains VALUES ( "W833-0439", "IO-Z1030605", 0, 44 );
INSERT INTO OrderContains VALUES ( "C102-3071", "IO-W1027749", 0, 0 );
INSERT INTO OrderContains VALUES ( "W879-3841", "IO-Gi1030435", 0, 22 );
INSERT INTO OrderContains VALUES ( "C177-1424", "IO-Ealu1029993", 0, 11 );
INSERT INTO OrderContains VALUES ( "W879-4017", "IO-Qfvi1027443", 0, 39 );
INSERT INTO OrderContains VALUES ( "W849-9635", "IO-B1027562", 0, 31 );
INSERT INTO OrderContains VALUES ( "W864-5304", "IO-Orv1028837", 0, 38 );
INSERT INTO OrderContains VALUES ( "C100-2102", "IO-Xy1029364", 0, 36 );
INSERT INTO OrderContains VALUES ( "W820-0022", "IO-Uoxk1028089", 0, 22 );
INSERT INTO OrderContains VALUES ( "C101-5610", "IO-Qvvp1028242", 0, 33 );
INSERT INTO OrderContains VALUES ( "C100-4128", "IO-Aqjp1029058", 0, 44 );
INSERT INTO OrderContains VALUES ( "W879-0011", "IO-B1029925", 0, 34 );
INSERT INTO OrderContains VALUES ( "C401-0111", "IO-G1030197", 0, 44 );
INSERT INTO OrderContains VALUES ( "W140-1862", "IO-U1029432", 0, 2 );
INSERT INTO OrderContains VALUES ( "W818-2911", "IO-Gcg1028888", 0, 12 );
INSERT INTO OrderContains VALUES ( "C171-5516", "IO-Zo1028718", 0, 40 );
INSERT INTO OrderContains VALUES ( "W864-8541", "IO-M1028769", 0, 20 );
INSERT INTO OrderContains VALUES ( "C101-5610", "IO-G1028276", 0, 40 );
INSERT INTO OrderContains VALUES ( "C100-2102", "IO-Yrmt1029959", 0, 33 );
INSERT INTO OrderContains VALUES ( "C171-6065", "IO-Qzhy1028684", 0, 21 );
INSERT INTO OrderContains VALUES ( "W819-0026", "IO-Osp1028412", 0, 43 );
INSERT INTO OrderContains VALUES ( "W843-8704", "IO-D1027409", 0, 9 );
INSERT INTO OrderContains VALUES ( "W864-8541", "IO-X1030248", 0, 19 );
INSERT INTO OrderContains VALUES ( "C142-0034", "IO-W1029551", 0, 11 );
INSERT INTO OrderContains VALUES ( "C101-5601", "IO-G1030197", 0, 30 );
INSERT INTO OrderContains VALUES ( "W899-2442", "IO-H1030639", 0, 39 );
INSERT INTO OrderContains VALUES ( "C270-2661", "IO-B1029092", 0, 43 );
INSERT INTO OrderContains VALUES ( "C100-2111", "IO-L1030112", 0, 48 );
INSERT INTO OrderContains VALUES ( "C131-0092", "IO-F1027817", 0, 16 );
INSERT INTO OrderContains VALUES ( "C142-0034", "IO-Qvvp1028242", 0, 24 );
INSERT INTO OrderContains VALUES ( "W140-1862", "IO-Xv1028990", 0, 21 );
INSERT INTO OrderContains VALUES ( "W847-4821", "IO-S1027579", 0, 7 );
INSERT INTO OrderContains VALUES ( "C401-0148", "IO-K1028038", 0, 42 );
INSERT INTO OrderContains VALUES ( "C101-5610", "IO-Lcuj1028531", 0, 24 );
INSERT INTO OrderContains VALUES ( "C142-0016", "IO-J1029602", 0, 49 );
INSERT INTO OrderContains VALUES ( "C132-2848", "IO-W1027749", 0, 48 );
INSERT INTO OrderContains VALUES ( "C131-0092", "IO-R1027936", 0, 24 );
INSERT INTO OrderContains VALUES ( "W864-5304", "IO-Eq1029109", 0, 10 );
INSERT INTO OrderContains VALUES ( "W899-2442", "IO-X1030367", 0, 21 );
INSERT INTO OrderContains VALUES ( "C100-2111", "IO-Txyw1030095", 0, 30 );
INSERT INTO OrderContains VALUES ( "W847-4821", "IO-Jgy1030027", 0, 28 );
INSERT INTO OrderContains VALUES ( "W879-4017", "IO-N1030571", 0, 25 );
INSERT INTO OrderContains VALUES ( "W846-2808", "IO-S1030010", 0, 9 );
INSERT INTO OrderContains VALUES ( "W850-4788", "IO-Lm1030588", 0, 19 );
INSERT INTO OrderContains VALUES ( "W140-1862", "IO-Auc1030418", 0, 3 );
INSERT INTO OrderContains VALUES ( "C177-0805", "IO-Xs1030520", 0, 17 );
INSERT INTO OrderContains VALUES ( "W850-0029", "IO-G1029245", 0, 15 );
INSERT INTO OrderContains VALUES ( "W843-9961", "IO-L1030112", 0, 18 );
INSERT INTO OrderContains VALUES ( "C401-0148", "IO-Txyw1030095", 0, 32 );
INSERT INTO OrderContains VALUES ( "W820-0022", "IO-Tkpi1028616", 0, 15 );
INSERT INTO OrderContains VALUES ( "C131-0092", "IO-T1027783", 0, 0 );
INSERT INTO OrderContains VALUES ( "W879-4017", "IO-Xhf1028123", 0, 46 );
INSERT INTO OrderContains VALUES ( "W846-2808", "IO-Oun1028650", 0, 30 );
INSERT INTO OrderContains VALUES ( "W879-4017", "IO-Kmsa1027477", 0, 34 );
INSERT INTO OrderContains VALUES ( "W843-9961", "IO-H1027885", 0, 16 );
INSERT INTO OrderContains VALUES ( "C100-2102", "IO-X1030180", 0, 6 );
INSERT INTO OrderContains VALUES ( "C171-6065", "IO-P1028327", 0, 47 );
INSERT INTO OrderContains VALUES ( "C166-0915", "IO-Ej1029908", 0, 49 );
INSERT INTO OrderContains VALUES ( "C171-5516", "IO-Tar1028225", 0, 17 );
INSERT INTO OrderContains VALUES ( "C132-1061", "IO-Lzsu1029857", 0, 4 );
INSERT INTO OrderContains VALUES ( "C132-1061", "IO-S1030010", 0, 1 );
INSERT INTO OrderContains VALUES ( "W140-1862", "IO-Zmd1028514", 0, 39 );
INSERT INTO OrderContains VALUES ( "W820-0022", "IO-Tcg1030265", 0, 37 );
INSERT INTO OrderContains VALUES ( "C171-6065", "IO-F1029942", 0, 16 );
INSERT INTO OrderContains VALUES ( "C102-3071", "IO-Eei1030469", 0, 47 );
INSERT INTO OrderContains VALUES ( "C401-0111", "IO-Wsb1028905", 0, 9 );
INSERT INTO OrderContains VALUES ( "W864-8897", "IO-B1027562", 0, 43 );
INSERT INTO OrderContains VALUES ( "W899-2442", "IO-Gfvi1030316", 0, 25 );
INSERT INTO OrderContains VALUES ( "W113-8133", "IO-C1027902", 0, 23 );
INSERT INTO OrderContains VALUES ( "W879-4017", "IO-E1027392", 0, 36 );
INSERT INTO OrderContains VALUES ( "W105-3373", "IO-Ohaz1028565", 0, 37 );
INSERT INTO OrderContains VALUES ( "W864-9993", "IO-Pg1029500", 0, 42 );
INSERT INTO OrderContains VALUES ( "W864-8897", "IO-Is1027681", 0, 21 );
INSERT INTO OrderContains VALUES ( "W833-0439", "IO-C1027851", 0, 36 );
INSERT INTO OrderContains VALUES ( "W875-7238", "IO-G1027426", 0, 38 );
INSERT INTO OrderContains VALUES ( "W863-0250", "IO-Ttvx1028140", 0, 4 );
INSERT INTO OrderContains VALUES ( "W848-9197", "IO-Eei1030469", 0, 19 );
INSERT INTO OrderContains VALUES ( "W843-9961", "IO-S1030486", 0, 49 );
INSERT INTO OrderContains VALUES ( "W888-1818", "IO-Qzhy1028684", 0, 6 );
INSERT INTO OrderContains VALUES ( "W843-8704", "IO-Oun1028650", 0, 21 );
INSERT INTO OrderContains VALUES ( "W102-4584", "IO-Lt1028021", 0, 0 );
INSERT INTO OrderContains VALUES ( "W879-0011", "IO-M1027511", 0, 47 );
INSERT INTO OrderContains VALUES ( "W863-0278", "IO-Rxa1030741", 0, 42 );
INSERT INTO OrderContains VALUES ( "C102-3071", "IO-Ufl1028191", 0, 36 );
INSERT INTO OrderContains VALUES ( "W847-4821", "IO-Eei1030469", 0, 26 );
INSERT INTO OrderContains VALUES ( "W846-5753", "IO-H1027885", 0, 9 );
INSERT INTO OrderContains VALUES ( "W144-3123", "IO-J1029602", 0, 25 );
INSERT INTO OrderContains VALUES ( "W863-0250", "IO-W1029534", 0, 43 );
INSERT INTO OrderContains VALUES ( "C177-1406", "IO-M1027511", 0, 43 );
INSERT INTO OrderContains VALUES ( "C177-1406", "IO-Ej1029908", 0, 11 );
INSERT INTO OrderContains VALUES ( "W820-0022", "IO-Ealu1029993", 0, 32 );
INSERT INTO OrderContains VALUES ( "W850-4788", "IO-Jc1029381", 0, 44 );
INSERT INTO OrderContains VALUES ( "W819-0026", "IO-Ohaz1028565", 0, 47 );
INSERT INTO OrderContains VALUES ( "C132-1061", "IO-Vlro1030724", 0, 12 );
INSERT INTO OrderContains VALUES ( "W879-4017", "IO-Z1030673", 0, 45 );
INSERT INTO OrderContains VALUES ( "W818-0542", "IO-Vlro1030724", 0, 7 );
INSERT INTO OrderContains VALUES ( "C142-0016", "IO-Ktf1029738", 0, 28 );
INSERT INTO OrderContains VALUES ( "C270-2661", "IO-Bwz1029177", 0, 45 );
INSERT INTO OrderContains VALUES ( "W846-2808", "IO-G1027426", 0, 15 );
INSERT INTO OrderContains VALUES ( "C132-1061", "IO-Pg1029500", 0, 47 );
INSERT INTO OrderContains VALUES ( "C132-2848", "IO-Fcts1030299", 0, 32 );
INSERT INTO OrderContains VALUES ( "C101-5610", "IO-Lcuj1028531", 0, 38 );
INSERT INTO OrderContains VALUES ( "W879-0303", "IO-C1030231", 0, 29 );
INSERT INTO OrderContains VALUES ( "W899-2442", "IO-Kflt1027953", 0, 9 );
INSERT INTO OrderContains VALUES ( "W843-9961", "IO-Lnc1029755", 0, 29 );
INSERT INTO OrderContains VALUES ( "W102-4584", "IO-Wsb1028905", 0, 41 );
INSERT INTO OrderContains VALUES ( "C401-0148", "IO-X1027664", 0, 7 );
INSERT INTO OrderContains VALUES ( "W848-9197", "IO-Uuo1027596", 0, 33 );
INSERT INTO OrderContains VALUES ( "W113-7949", "IO-Omhk1030214", 0, 47 );
INSERT INTO OrderContains VALUES ( "W864-4697", "IO-Is1027681", 0, 2 );
INSERT INTO OrderContains VALUES ( "W850-0029", "IO-B1029092", 0, 0 );
INSERT INTO OrderContains VALUES ( "C171-5516", "IO-Lmk1030690", 0, 47 );
INSERT INTO OrderContains VALUES ( "W850-4788", "IO-H1027885", 0, 14 );
INSERT INTO OrderContains VALUES ( "W820-0022", "IO-K1027868", 0, 7 );
INSERT INTO OrderContains VALUES ( "W849-9635", "IO-F1029942", 0, 46 );


