INSERT INTO ITEM VALUES ( 'W864-5313', '가방', 'CRUSH 32', 0, '조', 1, 5, 128000, 'K2 코리아', '안전용품', '레져용품', '가방' );
INSERT INTO ITEM VALUES ( 'W864-9595', '가방', '루이스 힙색 4', 0, 'EA', 1, 4, 29000, '아이더', '안전용품', '레져용품', '가방' );
INSERT INTO ITEM VALUES ( 'W843-8704 ', '가방', '라인30', 0, 'EA', 1, 3, 145000, '블랙야크', '안전용품', '레져용품', '가방' );
INSERT INTO ITEM VALUES ( 'W848-9197', '배낭', '홀릭배낭(공용) 25L 그린', 0, 'EA', 1, 5, 68000, '레저타임', '안전용품', '레져용품', '가방' );
INSERT INTO ITEM VALUES ( 'W846-5753', '워킹화', '라이트 쿨 공용', 0, '조', 1, 3, 189000, 'K2 코리아', '안전용품', '레져용품', '워킹화' );
INSERT INTO ITEM VALUES ( 'W833-0439', '워킹화', '레아 (250) 블랙', 0, '조', 1, 5, 99000, 'K2 코리아', '안전용품', '레져용품', '워킹화' );
INSERT INTO ITEM VALUES ( 'W864-8541 ', '워킹화', '일리노이 (280) 블랙', 0, '조', 1, 7, 209000, 'K2 코리아', '안전용품', '레져용품', '워킹화' );
INSERT INTO ITEM VALUES ( 'W864-9993', '워킹화', '보르도 남성용 (275) 브라운', 0, '조', 1, 10, 199000, '아이더', '안전용품', '레져용품', '워킹화' );
INSERT INTO ITEM VALUES ( 'W843-9961', '매트', '2인 사각매트리스(FREE) 카키', 0, '조', 1, 7, 36000, 'K2 코리아', '안전용품', '레져용품', '캠핑용품' );
INSERT INTO ITEM VALUES ( 'W864-5456', '침낭', '볼패딩 침낭 (FREE) NAVY', 0, 'EA', 1, 8, 119000, 'K2 코리아', '안전용품', '레져용품', '캠핑용품' );
INSERT INTO ITEM VALUES ( 'W864-5304', '텐트', '비-네스트 더블', 0, 'EA', 1, 8, 189000, 'K2 코리아', '안전용품', '레져용품', '캠핑용품' );
INSERT INTO ITEM VALUES ( 'W864-8897', '텐트', '카티즈 2IN1 베이지', 0, 'EA', 1, 10, 159000, '아이더', '안전용품', '레져용품', '캠핑용품' );
INSERT INTO ITEM VALUES ( 'W864-4697', '중화장화', '260', 0, '조', 1, 12, 33900, '대신인더스', '안전용품', '안전화', '방한화' );
INSERT INTO ITEM VALUES ( 'W899-2442', '패션방한장화', '265 밤색/남성', 0, '조', 1, 8, 16200, '파인웰', '안전용품', '안전화', '방한화' );
INSERT INTO ITEM VALUES ( 'W849-9635', '방한화', 'K2-51 (260) 블랙', 0, '조', 1, 65, 84000, 'K2 안전화', '안전용품', '안전화', '방한화' );
INSERT INTO ITEM VALUES ( 'W850-4788', '방한부츠', '#81 (250)흑색/남성-반도형', 0, '조', 1, 35, 14400, '파인웰', '안전용품', '안전화', '방한화' );
INSERT INTO ITEM VALUES ( 'W847-4821', '안전화끈', '브라운', 0, '조', 50, 41, 610, 'K2 안전화', '안전용품', '안전화', '안전화액세서리' );
INSERT INTO ITEM VALUES ( 'W845-0900 ', '안전화깔창', '265', 0, '조', 10, 48, 1520, '르까프', '안전용품', '안전화', '안전화액세서리' );
INSERT INTO ITEM VALUES ( 'W863-0250', '에어깔창', '260', 0, '조', 10, 32, 1390, 'SMATO 안전화', '안전용품', '안전화', '안전화액세서리' );
INSERT INTO ITEM VALUES ( 'W863-0278', '에어깔창', '270', 0, '조', 10, 45, 1390, 'SMATO 안전화', '안전용품', '안전화', '안전화액세서리' );
INSERT INTO ITEM VALUES ( 'W113-8133', '패션장화', 'SRB-01(270)', 0, '조', 1, 8, 7420, 'SMATO 장화 ', '안전용품', '안전화', '장화' );
INSERT INTO ITEM VALUES ( 'W888-1818', '패션장화', '신사(일반형) 270', 0, '조', 1, 6, 10700, 'SMATO 장화 ', '안전용품', '안전화', '장화' );
INSERT INTO ITEM VALUES ( 'W850-0029', '요딩안정장화', '270', 0, '조', 1, 4, 32200, '대신인더스', '안전용품', '안전화', '장화' );
INSERT INTO ITEM VALUES ( 'W846-2808', '요딩안정장화', '(PS-01) 265', 0, '조', 1, 5, 29600, '빅토스', '안전용품', '안전화', '장화' );
INSERT INTO ITEM VALUES ( 'W879-0303', '백열전구', '300W투명신광', 0, 'EA', 20, 7, 2240, 'SK로즈바', '산업용품', '조명', '램프,LED램프' );
INSERT INTO ITEM VALUES ( 'W879-0011', '형광등', '고주파(1등급)32EX-D', 0, 'EA', 25, 70, 2050, 'SK로즈바', '산업용품', '조명', '램프,LED램프' );
INSERT INTO ITEM VALUES ( 'W113-7921', 'LED등기구', 'SM-LF30W(주광/30W)-일자등', 0, 'EA', 1, 48, 9800, 'SMATO LED조명', '산업용품', '조명', '램프,LED램프' );
INSERT INTO ITEM VALUES ( 'W113-7949', 'LED전구', 'SM-LP8W(주광/8W)', 0, 'EA', 1, 97, 2800, 'SMATO LED조명', '산업용품', '조명', '램프,LED램프' );
INSERT INTO ITEM VALUES ( 'W140-1862', '작업등-LED', 'KE-15(충전식)', 0, 'EA', 1, 88, 76000, '코리아전기조명', '산업용품', '조명', '작업등' );
INSERT INTO ITEM VALUES ( 'W105-3373', '자바라등', 'SHT-WK0603(LED-자석자타입)', 0, 'EA', 1, 25, 23000, 'SMATO 작업등', '산업용품', '조명', '작업등' );
INSERT INTO ITEM VALUES ( 'W875-7238', '충전식작업등', 'SL601-9L', 0, 'EA', 1, 100, 25500, '성삼', '산업용품', '조명', '작업등' );
INSERT INTO ITEM VALUES ( 'W102-4584', '일반랜턴', 'SML-302-2L (LED)', 0, 'EA', 1, 74, 7200, 'SMATO 랜턴', '산업용품', '조명', '작업등' );
INSERT INTO ITEM VALUES ( 'W879-4017', '슬립투광기', 'SF-50FLS(=DI-SY-LED50W대체품)', 0, 'EA', 1, 21, 42900, '스타라이트', '산업용품', '조명', '투광기' );
INSERT INTO ITEM VALUES ( 'W144-4371', '투광기-LED', 'BS-WTL20-2 (=BS-WNL20-2)', 0, 'EA', 1, 16, 93700, '엔와이코리아', '산업용품', '조명', '투광기' );
INSERT INTO ITEM VALUES ( 'W144-3123', 'LED투광기(충전식)', 'BS-HCL20', 0, 'EA', 1, 5, 67900, '엔와이코리아', '산업용품', '조명', '투광기' );
INSERT INTO ITEM VALUES ( 'W879-3841', 'LED 전자신호봉', '40x260mm', 0, 'EA', 1, 37, 5850, 'SK로즈바', '산업용품', '조명', '투광기' );
INSERT INTO ITEM VALUES ( 'W868-0559', '실리콘', '909S 회색 270ml', 0, 'EA', 25, 25, 2440, '럭키실리콘', '산업용품', '화학·윤활제품', '건축용실란트' );
INSERT INTO ITEM VALUES ( 'W868-0699', '실리콘', 'OS투명 270ml', 0, 'EA', 25, 45, 2410, '신에츠', '산업용품', '화학·윤활제품', '건축용실란트' );
INSERT INTO ITEM VALUES ( 'W868-0680', '실리콘', 'OS회색 270ml', 0, 'EA', 25, 59, 2150, '신에츠', '산업용품', '화학·윤활제품', '건축용실란트' );
INSERT INTO ITEM VALUES ( 'W868-0945', '실리콘', 'OS반투명 270ml', 0, 'EA', 25, 63, 2410, '신에츠', '산업용품', '화학·윤활제품', '건축용실란트' );
INSERT INTO ITEM VALUES ( 'W828-0019', '구리스(고온)', '1LB(400G)#41160', 0, 'EA', 1, 72, 18300, '슈퍼루브', '산업용품', '화학·윤활제품', '구리스' );
INSERT INTO ITEM VALUES ( 'W828-0064', '구리스(튜브)', '85G (21030)', 0, 'EA', 1, 81, 7310, '슈퍼루브', '산업용품', '화학·윤활제품', '구리스' );
INSERT INTO ITEM VALUES ( 'W818-2911', '뿌리는물그리스', 'MG-610 420ml', 0, 'EA', 1, 95, 2890, '나바켐', '산업용품', '화학·윤활제품', '구리스' );
INSERT INTO ITEM VALUES ( 'W818-0542', '구리스(액체)', 'G-LUB 10M 420ml', 0, 'EA', 1, 107, 11200, '나바켐', '산업용품', '화학·윤활제품', '구리스' );
INSERT INTO ITEM VALUES ( 'W819-0026', '스프레이(락카)', '은색', 0, 'EA', 40, 56, 1690, '럭키산업', '산업용품', '화학·윤활제품', '방청제/코팅제' );
INSERT INTO ITEM VALUES ( 'W819-0035', '스프레이(락카)', '적색', 0, 'EA', 40, 39, 1690, '럭키산업', '산업용품', '화학·윤활제품', '방청제/코팅제' );
INSERT INTO ITEM VALUES ( 'W820-0475', '스프레이(락카)', '사비', 0, 'EA', 40, 28, 2450, '일신', '산업용품', '화학·윤활제품', '방청제/코팅제' );
INSERT INTO ITEM VALUES ( 'W820-0022', '스프레이(락카)', '은색', 0, 'EA', 40, 29, 1860, '일신', '산업용품', '화학·윤활제품', '방청제/코팅제' );
INSERT INTO ITEM VALUES ( ' C132-1061', '막삽', 'HS-MS503', 0, 'EA', 10, 100, 7260, '한신삽', '철물·원예·사무용품', '철물', '낫,곡괭이,삽' );
INSERT INTO ITEM VALUES ( 'C132-1070', '각삽', 'HS-GS501', 0, 'EA', 10, 6, 7260, '한신삽', '철물·원예·사무용품', '철물', '낫,곡괭이,삽' );
INSERT INTO ITEM VALUES ( 'C132-2848', '낫', 'HS-CSS301(조선낫)', 0, 'EA', 10, 7, 4440, '한신망치', '철물·원예·사무용품', '철물', '낫,곡괭이,삽' );
INSERT INTO ITEM VALUES ( 'C270-2661', '낫', 'S-18', 0, 'EA', 10, 0, 4730, '백마', '철물·원예·사무용품', '철물', '낫,곡괭이,삽' );
INSERT INTO ITEM VALUES ( 'C177-1406', '각철', 'SM-AS1524(소소)', 0, 'EA', 300, 13, 110, '스마토 대명', '철물·원예·사무용품', '철물', '도어록,경첩,도어클로저' );
INSERT INTO ITEM VALUES ( 'C177-1424', '각철', 'SM-AS3024(중)', 0, 'EA', 200, 25, 180, '스마토 대명', '철물·원예·사무용품', '철물', '도어록,경첩,도어클로저' );
INSERT INTO ITEM VALUES ( 'C177-0805', '각철(스테인리스)', '소소(15*24)', 0, 'EA', 300, 64, 120, '대명산업', '철물·원예·사무용품', '철물', '도어록,경첩,도어클로저' );
INSERT INTO ITEM VALUES ( 'C166-0915', '문받침대(말굽)', 'DHS-101(소)', 0, 'EA', 30, 37, 1580, '대흥메탈', '철물·원예·사무용품', '철물', '도어록,경첩,도어클로저' );
INSERT INTO ITEM VALUES ( 'C100-2102', '냉가망치', '냉가망치', 0, 'EA', 1, 12, 6570, '영창', '철물·원예·사무용품', '철물', '망치,빠루' );
INSERT INTO ITEM VALUES ( 'C131-0092', '용접망치(다용도)', '대', 0, 'EA', 1, 5, 12400, '영창', '철물·원예·사무용품', '철물', '망치,빠루' );
INSERT INTO ITEM VALUES ( 'C100-2111', '오해머(화이버)', '3LBS', 0, 'EA', 1, 6, 8720, '스마토망치', '철물·원예·사무용품', '철물', '망치,빠루' );
INSERT INTO ITEM VALUES ( 'C100-1811', '볼망치', '4OZ', 0, 'EA', 1, 3, 3610, '스마토망치', '철물·원예·사무용품', '철물', '망치,빠루' );
INSERT INTO ITEM VALUES ( 'C142-0034', '건전지(알카라인)', 'LR6(AA)(1판=2EA)', 0, '판', 20, 6, 1000, '벡셀', '철물·원예·사무용품', '생활,청소용품', '건전지' );
INSERT INTO ITEM VALUES ( 'C142-0016', '건전지(알카라인)', 'LR03(AAA)(1판=2EA)', 0, '판', 20, 6, 1000, '벡셀', '철물·원예·사무용품', '생활,청소용품', '건전지' );
INSERT INTO ITEM VALUES ( 'C401-0111', '건전지(알카라인)', 'LR03(AAA)(1판=2EA)', 0, '판', 30, 23, 650, '블루텍건전지', '철물·원예·사무용품', '생활,청소용품', '건전지' );
INSERT INTO ITEM VALUES ( 'C401-0148', '건전지(망간)', 'R20(D)(1판=2EA)', 0, '판', 12, 35, 1100, '블루텍건전지', '철물·원예·사무용품', '생활,청소용품', '건전지' );
INSERT INTO ITEM VALUES ( 'C101-5601', '재단용가위', 'SM-260 GOLD', 0, 'EA', 1, 28, 16000, '스마토 재단가위', '철물·원예·사무용품', '생활,청소용품', '과도,식도,주방가위' );
INSERT INTO ITEM VALUES ( 'C101-5610', '재단용가위', 'SM-280 GOLD', 0, 'EA', 1, 19, 20000, '스마토 재단가위', '철물·원예·사무용품', '생활,청소용품', '과도,식도,주방가위' );
INSERT INTO ITEM VALUES ( 'C100-4119', '가위(사무용)', 'SM-OS8', 0, 'EA', 10, 53, 2520, '스마토 가위', '철물·원예·사무용품', '생활,청소용품', '과도,식도,주방가위' );
INSERT INTO ITEM VALUES ( 'C100-4128', '가위', 'SM-OS9', 0, 'EA', 10, 72, 2670, '스마토 가위', '철물·원예·사무용품', '생활,청소용품', '과도,식도,주방가위' );
INSERT INTO ITEM VALUES ( 'C102-3071', '종이컵', '1000PCS', 0, 'BOX', 1, 13, 16800, '스마토 종이컵', '철물·원예·사무용품', '생활,청소용품', '생활용품' );
INSERT INTO ITEM VALUES ( 'C171-5516', '스마트옷걸이', '슬림 3P', 0, 'SET', 1, 26, 4770, '창신', '철물·원예·사무용품', '생활,청소용품', '생활용품' );
INSERT INTO ITEM VALUES ( 'C171-5589', '웨이브욕실용품', '의자', 0, 'EA', 1, 28, 6670, '창신', '철물·원예·사무용품', '생활,청소용품', '생활용품' );
INSERT INTO ITEM VALUES ( 'C171-6065', '플립강력흡착', '다용도걸이', 0, 'SET', 1, 22, 3600, '창신', '철물·원예·사무용품', '생활,청소용품', '생활용품' );


INSERT INTO BRAND VALUES ( 'K2안전화', 0, '케이투' );
INSERT INTO BRAND VALUES ( 'K2코리아', 0, '케이투' );
INSERT INTO BRAND VALUES ( 'SK로즈바', 0, '백마' );
INSERT INTO BRAND VALUES ( 'SMATO LED 조명', 0, '스마이토' );
INSERT INTO BRAND VALUES ( 'SMATO 랜턴', 0, '스마이토' );
INSERT INTO BRAND VALUES ( 'SMATO 안전화', 0, 'Blackcow' );
INSERT INTO BRAND VALUES ( 'SMATO 작업등', 0, '스마이토' );
INSERT INTO BRAND VALUES ( 'SMATO 장화', 0, 'Blackcow' );
INSERT INTO BRAND VALUES ( '나바켐', 0, '백마' );
INSERT INTO BRAND VALUES ( '대명산업', 0, '백마' );
INSERT INTO BRAND VALUES ( '대신인더스', 0, '엑셀' );
INSERT INTO BRAND VALUES ( '대흥메탈', 0, 'LGT화학' );
INSERT INTO BRAND VALUES ( '럭키산업', 0, 'LGT화학' );
INSERT INTO BRAND VALUES ( '럭키실리콘', 0, 'LGT화학' );
INSERT INTO BRAND VALUES ( '레저타임', 0, '케이투' );
INSERT INTO BRAND VALUES ( '르까프', 0, 'Blackcow' );
INSERT INTO BRAND VALUES ( '백마', 0, '백마' );
INSERT INTO BRAND VALUES ( '벡셀', 0, '백마' );
INSERT INTO BRAND VALUES ( '블랙야크', 0, 'Blackcow' );
INSERT INTO BRAND VALUES ( '블루텍건전지', 0, '백마' );
INSERT INTO BRAND VALUES ( '빅토스', 0, '영창화학' );
INSERT INTO BRAND VALUES ( '성삼', 0, '백마' );
INSERT INTO BRAND VALUES ( '슈퍼루브', 0, '엑셀' );
INSERT INTO BRAND VALUES ( '스마토가위', 0, '엑셀' );
INSERT INTO BRAND VALUES ( '스마토대명', 0, '엑셀' );
INSERT INTO BRAND VALUES ( '스마토 재단가위', 0, '엑셀' );
INSERT INTO BRAND VALUES ( '스마토 종이컵', 0, '스마이토' );
INSERT INTO BRAND VALUES ( '스마토망치', 0, '스마이토' );
INSERT INTO BRAND VALUES ( '스타라이트', 0, '영창화학' );
INSERT INTO BRAND VALUES ( '신에츠', 0, 'LGT화학' );
INSERT INTO BRAND VALUES ( '아이더', 0, 'Blackcow' );
INSERT INTO BRAND VALUES ( '엔와이코리아', 0, '케이투' );
INSERT INTO BRAND VALUES ( '영창', 0, '영창화학' );
INSERT INTO BRAND VALUES ( '일신', 0, 'LGT화학' );
INSERT INTO BRAND VALUES ( '창신', 0, '영창화학' );
INSERT INTO BRAND VALUES ( '코리아전기조명', 0, '영창화학' );
INSERT INTO BRAND VALUES ( '파인웰', 0, '케이투' );
INSERT INTO BRAND VALUES ( '한신망치', 0, '엑셀' );
INSERT INTO BRAND VALUES ( '한신삽', 0, '엑셀' );


INSERT INTO SUPPLIER VALUES ( '케이투', '김일두', '032-0158-1111', 'oneheadk2@knu.ac.kr' );
INSERT INTO SUPPLIER VALUES ( 'Blackcow', '흑운장', '031-2549-7777', 'blackcowMan@knu.ac.kr' );
INSERT INTO SUPPLIER VALUES ( 'LGT화학', '김기림', '053-156-888', 'rising@knu.ac.kr' );
INSERT INTO SUPPLIER VALUES ( '영창화학', '김영창', '02-568-1111', 'brig@knu.ac.kr' );
INSERT INTO SUPPLIER VALUES ( '스마이토', '강타', '031-5498-7777', 'smite@knu.ac.kr' );
INSERT INTO SUPPLIER VALUES ( '엑셀', '최제일', '051-1597-7777', 'excell@knu.ac.kr' );
INSERT INTO SUPPLIER VALUES ( '백마', '백종언', '053-7894-7777', 'unicon@knu.ac.kr' );


INSERT INTO CATEGORY VALUES ( '산업용품', '조명', '램프,LED램프', 0 );
INSERT INTO CATEGORY VALUES ( '산업용품', '조명', '작업등', 0 );
INSERT INTO CATEGORY VALUES ( '산업용품', '조명', '투광기', 0 );
INSERT INTO CATEGORY VALUES ( '산업용품', '화학·윤활제품', '건축용실란트', 0 );
INSERT INTO CATEGORY VALUES ( '산업용품', '화학·윤활제품', '구리스', 0 );
INSERT INTO CATEGORY VALUES ( '산업용품', '화학·윤활제품', '방청제/코팅제', 0 );
INSERT INTO CATEGORY VALUES ( '안전용품', '레져용품', '가방', 0 );
INSERT INTO CATEGORY VALUES ( '안전용품', '레져용품', '워킹화', 0 );
INSERT INTO CATEGORY VALUES ( '안전용품', '레져용품', '캠핑용품', 0 );
INSERT INTO CATEGORY VALUES ( '안전용품', '안전화', '방한화', 0 );
INSERT INTO CATEGORY VALUES ( '안전용품', '안전화', '안전화액세서리', 0 );
INSERT INTO CATEGORY VALUES ( '안전용품', '안전화', '장화', 0 );
INSERT INTO CATEGORY VALUES ( '철물·원예·사무용품', '생활,청소용품', '건전지', 0 );
INSERT INTO CATEGORY VALUES ( '철물·원예·사무용품', '생활,청소용품', '과도,식도,주방가위', 0 );
INSERT INTO CATEGORY VALUES ( '철물·원예·사무용품', '생활,청소용품', '생활용품', 0 );
INSERT INTO CATEGORY VALUES ( '철물·원예·사무용품', '철물', '낫,곡괭이,삽', 0 );
INSERT INTO CATEGORY VALUES ( '철물·원예·사무용품', '철물', '도어록,경첩,도어클로저', 0 );
INSERT INTO CATEGORY VALUES ( '철물·원예·사무용품', '철물', '망치,빠루', 0 );


INSERT INTO SHOPPINGBASKET VALUES ( 'Jh1020770', 0, 'Sslcjcn12' );
INSERT INTO SHOPPINGBASKET VALUES ( 'Ini1020777', 0, 'Rdqedfljb3' );
INSERT INTO SHOPPINGBASKET VALUES ( 'Hp1020784', 0, 'Bcynfhfnqvzfwsgrk14' );
INSERT INTO SHOPPINGBASKET VALUES ( 'Xjchqs1020791', 0, 'Chbmhupzzeubodi11' );
INSERT INTO SHOPPINGBASKET VALUES ( 'Yywc1020798', 0, 'Yrnjcwetiqk13' );
INSERT INTO SHOPPINGBASKET VALUES ( 'Ycinbn1020805', 0, 'Wmqmowcejuqlf5' );
INSERT INTO SHOPPINGBASKET VALUES ( 'Iw1020812', 0, 'Sslcjcn12' );
INSERT INTO SHOPPINGBASKET VALUES ( 'Rl1020819', 0, 'Mtb13' );
INSERT INTO SHOPPINGBASKET VALUES ( 'Ik1020826', 0, 'Catybzdoiwldypf6' );
INSERT INTO SHOPPINGBASKET VALUES ( 'Yot1020833', 0, 'Ikihrvgtoj4' );
INSERT INTO SHOPPINGBASKET VALUES ( 'Bt1020840', 0, 'Bqpgt17' );
INSERT INTO SHOPPINGBASKET VALUES ( 'Kzc1020847', 0, 'Bsiitxjlzvpfz15' );
INSERT INTO SHOPPINGBASKET VALUES ( 'Bbjcxo1020854', 0, 'Wmqmowcejuqlf5' );
INSERT INTO SHOPPINGBASKET VALUES ( 'Si1020861', 0, 'Xwpalqleajvdnfn8' );
INSERT INTO SHOPPINGBASKET VALUES ( 'Plxm1020868', 0, 'Uyqjjmm5' );
INSERT INTO SHOPPINGBASKET VALUES ( 'Asmgh1020875', 0, 'Aznbmoqb6' );
INSERT INTO SHOPPINGBASKET VALUES ( 'Ytcav1020882', 0, 'Bcynfhfnqvzfwsgrk14' );
INSERT INTO SHOPPINGBASKET VALUES ( 'Wchcf1020889', 0, 'Swzqoonpzxrcemjb5' );
INSERT INTO SHOPPINGBASKET VALUES ( 'Wensio1020896', 0, 'Yqdxknun5' );
INSERT INTO SHOPPINGBASKET VALUES ( 'Iic1020903', 0, 'Qezsktaeqdnfcbvk11' );
INSERT INTO SHOPPINGBASKET VALUES ( 'Ul1020910', 0, 'Gezccwkezifeemqy5' );
INSERT INTO SHOPPINGBASKET VALUES ( 'Tl1020917', 0, 'Qic6' );
INSERT INTO SHOPPINGBASKET VALUES ( 'Woh1020924', 0, 'Sfsdyboowhygzrmov5' );
INSERT INTO SHOPPINGBASKET VALUES ( 'Uwuwi1020931', 0, 'Ikihrvgtoj4' );
INSERT INTO SHOPPINGBASKET VALUES ( 'Dian1020938', 0, 'Icqqqv11' );
INSERT INTO SHOPPINGBASKET VALUES ( 'Dgf1020945', 0, 'Htjczbd3' );
INSERT INTO SHOPPINGBASKET VALUES ( 'Jh1020952', 0, 'Inhjdiuruqo5' );
INSERT INTO SHOPPINGBASKET VALUES ( 'Nakq1020959', 0, 'Qrbhg7' );
INSERT INTO SHOPPINGBASKET VALUES ( 'Rg1020966', 0, 'Bcynfhfnqvzfwsgrk14' );
INSERT INTO SHOPPINGBASKET VALUES ( 'Zod1020973', 0, 'Ozqswvrnx10' );
INSERT INTO SHOPPINGBASKET VALUES ( 'Rqtcmr1020980', 0, 'Ikihrvgtoj4' );
INSERT INTO SHOPPINGBASKET VALUES ( 'Jpz1020987', 0, 'Yicvebskfcsqoxp15' );
INSERT INTO SHOPPINGBASKET VALUES ( 'Hpqd1020994', 0, 'Icqqqv11' );
INSERT INTO SHOPPINGBASKET VALUES ( 'Ffxo1021001', 0, 'Rdqedfljb3' );
INSERT INTO SHOPPINGBASKET VALUES ( 'Wtqgj1021008', 0, 'Icqqqv11' );
INSERT INTO SHOPPINGBASKET VALUES ( 'Zcmvsx1021015', 0, 'Sxxbxuyy14' );
INSERT INTO SHOPPINGBASKET VALUES ( 'Ta1021022', 0, 'Svyflmhazxo14' );
INSERT INTO SHOPPINGBASKET VALUES ( 'Cyj1021029', 0, 'Chbmhupzzeubodi11' );
INSERT INTO SHOPPINGBASKET VALUES ( 'Cnwhy1021036', 0, 'Ozqswvrnx10' );
INSERT INTO SHOPPINGBASKET VALUES ( 'Dbuvm1021043', 0, 'Iqizipc7' );
INSERT INTO SHOPPINGBASKET VALUES ( 'Xrwcrj1021050', 0, 'Svcmiethymt16' );
INSERT INTO SHOPPINGBASKET VALUES ( 'Zwofi1021057', 0, 'Rsmhmhzvvwh16' );
INSERT INTO SHOPPINGBASKET VALUES ( 'Adfq1021064', 0, 'Uyqjjmm5' );
INSERT INTO SHOPPINGBASKET VALUES ( 'Dpnrh1021071', 0, 'Gezccwkezifeemqy5' );
INSERT INTO SHOPPINGBASKET VALUES ( 'Sfaf1021078', 0, 'Npxavpirtrhyas3' );
INSERT INTO SHOPPINGBASKET VALUES ( 'Esdyzj1021085', 0, 'Wmwdk16' );
INSERT INTO SHOPPINGBASKET VALUES ( 'Dsc1021092', 0, 'Uyqjjmm5' );
INSERT INTO SHOPPINGBASKET VALUES ( 'Gw1021099', 0, 'Ffk8' );
INSERT INTO SHOPPINGBASKET VALUES ( 'Vjj1021106', 0, 'Bvwxecsjryjm12' );
INSERT INTO SHOPPINGBASKET VALUES ( 'Tedl1021113', 0, 'Vsupbuh12' );
INSERT INTO SHOPPINGBASKET VALUES ( 'Spephg1021120', 0, 'Flvvubapbobzzb8' );
INSERT INTO SHOPPINGBASKET VALUES ( 'Bgn1021127', 0, 'Sfsdyboowhygzrmov5' );
INSERT INTO SHOPPINGBASKET VALUES ( 'Pbx1021134', 0, 'Ozqswvrnx10' );
INSERT INTO SHOPPINGBASKET VALUES ( 'Rudyv1021141', 0, 'Wmqmowcejuqlf5' );
INSERT INTO SHOPPINGBASKET VALUES ( 'Qlp1021148', 0, 'Nmzqh8' );
INSERT INTO SHOPPINGBASKET VALUES ( 'Gw1021155', 0, 'Svcmiethymt16' );
INSERT INTO SHOPPINGBASKET VALUES ( 'Wvud1021162', 0, 'Nmzqh8' );
INSERT INTO SHOPPINGBASKET VALUES ( 'Dfhfwu1021169', 0, 'Kqoqlrdtrtrny7' );
INSERT INTO SHOPPINGBASKET VALUES ( 'Qsqurg1021176', 0, 'Sxxbxuyy14' );
INSERT INTO SHOPPINGBASKET VALUES ( 'Vmoz1021183', 0, 'Svcmiethymt16' );


INSERT INTO CUSTOMER VALUES ( 'Xtkzgrislvrdmillx10', 'Hkdonv10069', 'Jknwxzwvsooys, Qdi1096', '010-1049-249', 'M', 'Izwrkoryozjx O Tivnrjkimutp', 90, 'Felsaucqjkvpryz', '소매업자' );
INSERT INTO CUSTOMER VALUES ( 'Txde17', 'Cgbjnksgzufssrxoj7457', 'Bbsnxa, Nzriwqvoovs696', '010-861-736', 'M', 'Wmfjz A Pzglzdvrvbxa', 34, 'Jueehavyyboomwpld', '기타' );
INSERT INTO CUSTOMER VALUES ( 'Npxavpirtrhyas3', 'Tczdgtunhunzwlod2109', 'Oagplnhw, Zqvhialiinwru618', '010-549-358', 'W', 'Luu W Lctbpiwuf', 23, 'Rjxcw', '기타' );
INSERT INTO CUSTOMER VALUES ( 'Scnqq17', 'Sxqoflew4499', 'Luh, Szazmtgisldgjp924', '010-230-985', 'M', 'Fppwbrg E Udnheptgnjvmbmhc', 79, 'Zxptghitjdgtv', '기타' );
INSERT INTO CUSTOMER VALUES ( 'Bvwxecsjryjm12', 'Kqskqltme5135', 'Ucadinpnz, Gbqfgmijwchxklb663', '010-928-154', 'W', 'Wnkmlalspr G Exzfklvvcwu', 23, 'Oabwpyfn', '소매업자' );
INSERT INTO CUSTOMER VALUES ( 'Aznbmoqb6', 'Gpgunjsa4487', 'Sgtveqkox, Udpuwhffealmrr1076', '010-1066-955', 'W', 'Ekjw I Xwemlpkuf', 32, 'Ibty', '도매업자' );
INSERT INTO CUSTOMER VALUES ( 'Icqqqv11', 'Mqnqwfvtpumyyyz3948', 'Venmtyktp, Ihjnfkb1063', '010-825-781', 'M', 'Vfxmexvb X Ykeo', 72, 'Eticaduf', '소매업자' );
INSERT INTO CUSTOMER VALUES ( 'Flvvubapbobzzb8', 'Ufhvgww3274', 'Fmnqq, Ukdvq309', '010-181-171', 'W', 'Mxfvwpvomy G Elntqplnotaiiwdjh', 48, 'Aqkwwyglgi', '소매업자' );
INSERT INTO CUSTOMER VALUES ( 'Iriejyvekyqtne8', 'Pyscjt9627', 'Yjr, Tsstyynthszw911', '010-685-939', 'M', 'Fypgcwpbewkoqu H Uisfzhbcvhkbu', 54, 'Zdrpulrwsz', '소매업자' );
INSERT INTO CUSTOMER VALUES ( 'Qrbhg7', 'Ejcxlnqyridlx679', 'Erugggmik, Keskdbgv1079', '010-918-119', 'W', 'Txlu G Otfpwgvk', 95, 'Zlwzefgvagwdn', '기타' );
INSERT INTO CUSTOMER VALUES ( 'Szvmsusy8', 'Dcstte8317', 'Nqmlnsyepstzrrc, Czomlbanb760', '010-901-968', 'M', 'Espojfucu A Cdvistc', 30, 'Lvuz', '기타' );
INSERT INTO CUSTOMER VALUES ( 'Icljjhcz15', 'Gyjrsbfbeph6797', 'Mhbskmtvtbpsukhgf, Nhcfhhur578', '010-541-328', 'M', 'Gdgnrwtsmsvj K Olkkxady', 38, 'Tmvkknktnogc', '소매업자' );
INSERT INTO CUSTOMER VALUES ( 'Hvibvgycxnqi7', 'Lorrgcaizjgwdp948', 'Aapnvbhtfi, Qmltgcibtzrqcmdn750', '010-365-782', 'M', 'Twgpegrgzy L Nojiogbzqku', 74, 'Hazupba', '기타' );
INSERT INTO CUSTOMER VALUES ( 'Gezccwkezifeemqy5', 'Fntqmlhqxaxwez8892', 'Qsewbktzq, Fdxmvtjfwqdbejg627', '010-533-385', 'W', 'Eoovwfakdia X Fejjrwvgudyzgvxpj', 30, 'Nyew', '소매업자' );
INSERT INTO CUSTOMER VALUES ( 'Chbmhupzzeubodi11', 'Kveopxjhnpodscipt1701', 'Dqxfazeazohxvyt, Lwtgxqfylb166', '010-196-374', 'M', 'Csyedzyeieir F Xiwgdnaful', 56, 'Tzy', '도매업자' );
INSERT INTO CUSTOMER VALUES ( 'Hmmvwv16', 'Yrxauxxjgwcnvxdjl8576', 'Fqfkhpfbyzjvg, Uattsahlfstecxf321', '010-289-380', 'W', 'Npfginxr P Xdbqovug', 13, 'Bnvsxzwmziayywkv', '기타' );
INSERT INTO CUSTOMER VALUES ( 'Wmwdk16', 'Onoqxv5507', 'Ydrhhaysx, Tlrsmxp212', '010-208-287', 'M', 'Ocpmjxboydrkjqliv O Gwippv', 28, 'Ojlplcpkzzmejun', '기타' );
INSERT INTO CUSTOMER VALUES ( 'Udhvddtbfblyr10', 'Mziqmjgkjftt2903', 'Kgpprm, Iteoefnbzh489', '010-429-295', 'M', 'Jzvokmpeq C Xizjtnzcwfmms', 55, 'Vfhoqainq', '도매업자' );
INSERT INTO CUSTOMER VALUES ( 'Bqpgt17', 'Cmlkhaiz2730', 'Dztwsgzeipkxsc, Yborzpxcliunsnvhg537', '010-383-446', 'M', 'Lwuev N Zmfvpajjgopbloycb', 40, 'Cufkweq', '기타' );
INSERT INTO CUSTOMER VALUES ( 'Nmzqh8', 'Bpcw2652', 'Ncbpc, Pivbgmb473', '010-100-957', 'W', 'Uxnakqbv Z Omgmawqdoopnarh', 61, 'Xzriazvz', '소매업자' );
INSERT INTO CUSTOMER VALUES ( 'Dkm5', 'Vceapyyowks6008', 'Xoswwxbqfzpkxidg, Tqoposygaavkfezy958', '010-904-429', 'W', 'Eggllbtlutwtghses D Ktaxtbyrntr', 13, 'Nhtazoyegucckejq', '소매업자' );
INSERT INTO CUSTOMER VALUES ( 'Rsmhmhzvvwh16', 'Xflgqtoi8408', 'Sklnsnyhpfs, Wklxfhzn916', '010-519-335', 'M', 'Vtlthd R Xduhq', 4, 'Kvmtmwfrwvqpr', '도매업자' );
INSERT INTO CUSTOMER VALUES ( 'Tcfgalcgbbyd16', 'Fud10025', 'Wizzkzkbbd, Qehropzfvcucg218', '010-175-615', 'W', 'Yyyzvloribjfccc D Jvmrwvesztlevas', 46, 'Penqxyg', '소매업자' );
INSERT INTO CUSTOMER VALUES ( 'Xwpalqleajvdnfn8', 'Ausvclzxtxpjq5342', 'Amtj, Ecf1042', '010-284-1032', 'W', 'Hypvvpn I Wrnhq', 49, 'Ekb', '도매업자' );
INSERT INTO CUSTOMER VALUES ( 'Kqoqlrdtrtrny7', 'Plv8527', 'Odlgva, Bglmyivi696', '010-198-883', 'W', 'Dnnpxtuky S Bsuummupo', 1, 'Xulndleoj', '도매업자' );
INSERT INTO CUSTOMER VALUES ( 'Yrlcdnoxjhn14', 'Yrxgbcyyzx343', 'Wlhxdqkdu, Rezjl181', '010-447-682', 'M', 'Mbuokshxpfxsfg W Ryutowku', 56, 'Afdywfajnbbtkld', '기타' );
INSERT INTO CUSTOMER VALUES ( 'Ymqezbvbl15', 'Ljpdjuuvuhcuze8241', 'Soputvr, Xughracrqaxkrrg678', '010-179-814', 'W', 'Txnfkvgxavo D Grdhgtksyqoajeup', 20, 'Npxqag', '도매업자' );
INSERT INTO CUSTOMER VALUES ( 'Lbymbumojvz5', 'Ucvyahfpqxouggc4959', 'Qjaomnjfq, Prwfjvji717', '010-399-409', 'W', 'Uaxbeppfqrzrypuo M Ldnisw', 95, 'Rqsifflvsakfqvdkd', '소매업자' );
INSERT INTO CUSTOMER VALUES ( 'Inhjdiuruqo5', 'Rnhbovroix4959', 'Arswkms, Pknkj139', '010-1081-470', 'M', 'Ecscfwpugvrjpjke E Wezsmveswzdwqjv', 36, 'Dlvocbednkguzyf', '기타' );
INSERT INTO CUSTOMER VALUES ( 'Zzgranvggoxyuurn7', 'Ibfhndtkgwnonuw3686', 'Maqhfi, Mwuwannwz694', '010-826-445', 'W', 'Enoxuieqqvisi S Iklxnpyhlodmpufg', 7, 'Dnrfk', '소매업자' );
INSERT INTO CUSTOMER VALUES ( 'Yrnjcwetiqk13', 'Vubfrbbycx7138', 'Arheplwkjsv, Rrpsawabzahtzz368', '010-951-818', 'M', 'Koypzvfbqhybqqof D Thdfbfddvmfxmkyl', 48, 'Qkxxdxexfux', '기타' );
INSERT INTO CUSTOMER VALUES ( 'Htjczbd3', 'Dwusnqijfvytihjgn483', 'Jbn, Eznxhopjkaqsugd599', '010-470-565', 'W', 'Njjfvsia E Joz', 54, 'Nny', '도매업자' );
INSERT INTO CUSTOMER VALUES ( 'Uyqjjmm5', 'Kwagghxhtnrmhtisi7026', 'Eholbivmahnubnzb, Pqh1009', '010-880-236', 'M', 'Xfzjchuwb S Ezgacrybhjlui', 70, 'Micabajsxwkdd', '소매업자' );
INSERT INTO CUSTOMER VALUES ( 'Yqdxknun5', 'Hjzsq5886', 'Tkcvmhwmcrnkmrzc, Tstdktojk974', '010-421-125', 'M', 'Wbamhxr D Jhagilrkien', 74, 'Hzddizsnzczvgrzob', '도매업자' );
INSERT INTO CUSTOMER VALUES ( 'Sxxbxuyy14', 'Vdtmfovia6050', 'Wfx, Fhqw558', '010-433-743', 'W', 'Aqtpauroj D Pkyinedpeutbqw', 18, 'Apkjptelekjyckd', '기타' );
INSERT INTO CUSTOMER VALUES ( 'Iqizipc7', 'Pnyf4389', 'Txejjluzyj, Pusj728', '010-850-1083', 'M', 'Ycu U Cturlmpc', 35, 'Pdbvl', '기타' );
INSERT INTO CUSTOMER VALUES ( 'Bczmksrk9', 'Fhbbbidnkndbd8207', 'Isutlwocpyfcqql, Mydcyqfzvdtul310', '010-160-494', 'M', 'Upyjzvuosy R Xolinivjrmrlcqqfw', 11, 'Iysabutlqyxyoxpb', '소매업자' );
INSERT INTO CUSTOMER VALUES ( 'Bcynfhfnqvzfwsgrk14', 'Fyux1501', 'Vnfjbjfhfht, Utejkenhzcjvzwv586', '010-175-238', 'M', 'Gilkrfdzmlf N Zakdhuksktz', 8, 'Wcaplj', '도매업자' );
INSERT INTO CUSTOMER VALUES ( 'Ozqswvrnx10', 'Loddtfpmisdwqz7251', 'Zbnlv, Avfaudgdbwacyj377', '010-952-123', 'W', 'Cqsuwcbevygzhmwj B Uvretjkstpbrq', 14, 'Hxjx', '도매업자' );
INSERT INTO CUSTOMER VALUES ( 'Rdqedfljb3', 'Umqojwf712', 'Bxiacnxsxf, Udgjsv634', '010-533-973', 'M', 'Bhqoz K Vdrltbvp', 45, 'Kvintg', '소매업자' );
INSERT INTO CUSTOMER VALUES ( 'Swzqoonpzxrcemjb5', 'Fmhbfafysxoazzt3989', 'Rddyhvfzlyf, Nwgw330', '010-637-959', 'W', 'Txa X Qoyjfiyeoqzutzb', 94, 'Imv', '기타' );
INSERT INTO CUSTOMER VALUES ( 'Qezsktaeqdnfcbvk11', 'Jyxydxpmvsexbc3868', 'Chnzmcsr, Nmdk258', '010-813-865', 'W', 'Usxw U Dohftsmazsrccswkw', 32, 'Bafcrwihdu', '소매업자' );
INSERT INTO CUSTOMER VALUES ( 'Ikihrvgtoj4', 'Aewbmvpqaxkpczo774', 'Jiy, Tbzjcaeomxdaimo849', '010-1032-800', 'W', 'Kahtdhaqvue W Dttuqltozajc', 99, 'Foenvrndpvj', '소매업자' );
INSERT INTO CUSTOMER VALUES ( 'Qic6', 'Tzweuvbtl2897', 'Bsjnfzsmso, Jbeighw965', '010-882-214', 'W', 'Dsnupxnulvjmcstal U Rijltnzhboinozku', 58, 'Zsvolqwtmcgzbnj', '기타' );
INSERT INTO CUSTOMER VALUES ( 'Sfsdyboowhygzrmov5', 'Xfbnoltzxx5881', 'Yxjvdxinffogv, Rus898', '010-777-462', 'M', 'Olichna P Dvvwmjhcao', 9, 'Tbmc', '소매업자' );
INSERT INTO CUSTOMER VALUES ( 'Svcmiethymt16', 'Xnvzcwjk5724', 'Ukxmnbkuheyj, Vqb667', '010-518-368', 'W', 'Hvwlgojzuek O Dniqaruqqqo', 35, 'Gbpcapfqiz', '소매업자' );
INSERT INTO CUSTOMER VALUES ( 'Ffk8', 'Sgaglybw285', 'Wipwnsrs, Jwkskyhqi520', '010-732-189', 'W', 'Wysnnb J Jrjqnblxhkyvbs', 56, 'Lva', '소매업자' );
INSERT INTO CUSTOMER VALUES ( 'Dush6', 'Cfdjimvea2040', 'Lhwwdqcglnarozv, Fuqldbjzhukthff862', '010-137-1035', 'W', 'Bgdnpnm M Wzyxppuqft', 33, 'Bmkhxsfirri', '기타' );
INSERT INTO CUSTOMER VALUES ( 'Vsupbuh12', 'Qrx4934', 'Upxteyrwpt, Zyqbezikf132', '010-283-459', 'W', 'Cfdrujqzyezrxtixd R Ujfcvjnzekuq', 70, 'Suummrybsvb', '도매업자' );
INSERT INTO CUSTOMER VALUES ( 'Yicvebskfcsqoxp15', 'Ihctxmiqyoluqukwk5701', 'Jhudrtvgszhhnoi, Byxyqibtglnhe663', '010-553-738', 'M', 'Wswjzwlkopsupucf C Esw', 6, 'Jgxmznygpg', '소매업자' );
INSERT INTO CUSTOMER VALUES ( 'Dvpodjggdmrdz5', 'Pagzpikyhysg7670', 'Qxzruhbwhijpgpsz, Ucfqls641', '010-124-571', 'M', 'Kryie B Zjcbj', 97, 'Inzfmh', '소매업자' );
INSERT INTO CUSTOMER VALUES ( 'Sslcjcn12', 'Whlk8811', 'Ktqssdqvy, Kjolqgi916', '010-830-1084', 'M', 'Sgtgrenhbbsguer N Ilpklwptzzouhbdkk', 29, 'Mewesjxlc', '기타' );
INSERT INTO CUSTOMER VALUES ( 'Hncjsjqglkdotmnxm16', 'Oulwhlwsbotquku2309', 'Bsbt, Xlmrhva318', '010-510-735', 'W', 'Kycoxeepqfkgqds V Nvmof', 37, 'Wogcmu', '소매업자' );
INSERT INTO CUSTOMER VALUES ( 'Bsiitxjlzvpfz15', 'Uewuckgx6177', 'Szxinxcclei, Fmcrhtn362', '010-366-892', 'W', 'Zjlbmggrbqzips Q Gaucltiigyeqstsy', 78, 'Fowjtisuqlstfppox', '도매업자' );
INSERT INTO CUSTOMER VALUES ( 'Otkbditymgwwtpwg13', 'Fbft8621', 'Hfeeyqimknnqgcczh, Zkgtvuostxjf602', '010-846-720', 'M', 'Puecsmerkmbtaghtj L Mhsyewaulxaoari', 48, 'Zefte', '소매업자' );
INSERT INTO CUSTOMER VALUES ( 'Catybzdoiwldypf6', 'Ghqiqxbfiuq5769', 'Rcicxzgaycw, Fythpyyjvnujs927', '010-830-222', 'M', 'Tsdvnta O Hvdwpjkeshmem', 16, 'Bxtvfyswqraepule', '소매업자' );
INSERT INTO CUSTOMER VALUES ( 'Wmqmowcejuqlf5', 'Nustqyyfontmwaj2531', 'Hnjenzlrkasshlwn, Plllsywimpwzvqgs388', '010-302-1024', 'M', 'Mdvrmvqjewkgi D Fqfifokyebmpwpfpu', 60, 'Rqup', '소매업자' );
INSERT INTO CUSTOMER VALUES ( 'Mtb13', 'Zrxtanlglltcneo4482', 'Cjeoqiqijj, Igv601', '010-851-563', 'M', 'Eoyrfwcbdqphww K Toxqpp', 63, 'Fpnegw', '소매업자' );
INSERT INTO CUSTOMER VALUES ( 'Tchrdbbojrmobgzck3', 'Lybztcsbtoky4705', 'Papyikgfkvgipua, Aeuyi519', '010-445-256', 'W', 'Yithcyat L Crtnd', 18, 'Tyqxxtnlwmtl', '기타' );
INSERT INTO CUSTOMER VALUES ( 'Svyflmhazxo14', 'Ogfapiiyktwpuz575', 'Gvaylyi, Tbguarcrfwkwcq332', '010-1015-736', 'M', 'Ojj G Mmrpfmo', 98, 'Pjcazz', '도매업자' );


INSERT INTO SHIPPER VALUES ( '머한통운', 1, 2000 );
INSERT INTO SHIPPER VALUES ( 'gate box', 2, 3000 );
INSERT INTO SHIPPER VALUES ( 'yellow coif', 7, 5000 );


INSERT INTO LOCATION VALUES ( 'Kyurjvyikoh', 'Eksxfkqenjwjbbhi', '수도권 및 경기도', '머한통운', 'Ikihrvgtoj4' );
INSERT INTO LOCATION VALUES ( 'Scvgtyq', 'Coxke', '지방', 'gate box', 'Ymqezbvbl15' );
INSERT INTO LOCATION VALUES ( 'Ccupyxqhnjf', 'Uxrznjkctwnvqe', '수도권 및 경기도', '머한통운', 'Gezccwkezifeemqy5' );
INSERT INTO LOCATION VALUES ( 'Eelr', 'Kfybagj', '수도권 및 경기도', '머한통운', 'Gezccwkezifeemqy5' );
INSERT INTO LOCATION VALUES ( 'Lmfnxfphfaz', 'Ocyn', '지방', 'gate box', 'Icqqqv11' );
INSERT INTO LOCATION VALUES ( 'Cjkzaqvkjzkcups', 'Eemjhtokqrm', '지방', 'gate box', 'Tchrdbbojrmobgzck3' );
INSERT INTO LOCATION VALUES ( 'Pdirkb', 'Ohhzgfardvqqzs', '지방', 'gate box', 'Hvibvgycxnqi7' );
INSERT INTO LOCATION VALUES ( 'Erncrdm', 'Rnojvk', '지방', 'gate box', 'Rdqedfljb3' );
INSERT INTO LOCATION VALUES ( 'Sjqwcjvptn', 'Gwnu', '지방', 'gate box', 'Bcynfhfnqvzfwsgrk14' );
INSERT INTO LOCATION VALUES ( 'Jbmensxpwnndzggnq', 'Cspclrqnvhod', '도서산간지역', 'yellow coif', 'Ffk8' );
INSERT INTO LOCATION VALUES ( 'Mljuzhwmcep', 'Gteeqbtmglwiclws', '지방', 'gate box', 'Xtkzgrislvrdmillx10' );
INSERT INTO LOCATION VALUES ( 'Ylrwvg', 'Nphylixmpun', '수도권 및 경기도', '머한통운', 'Hmmvwv16' );
INSERT INTO LOCATION VALUES ( 'Zoayujzz', 'Ywijwygnbinikx', '지방', 'gate box', 'Ikihrvgtoj4' );
INSERT INTO LOCATION VALUES ( 'Eaiouyvabsunvbekw', 'Bdj', '지방', 'gate box', 'Hmmvwv16' );
INSERT INTO LOCATION VALUES ( 'Webfjxga', 'Gmyb', '도서산간지역', 'yellow coif', 'Vsupbuh12' );
INSERT INTO LOCATION VALUES ( 'Brnguq', 'Ety', '도서산간지역', 'yellow coif', 'Uyqjjmm5' );
INSERT INTO LOCATION VALUES ( 'Dwvom', 'Cxq', '지방', 'gate box', 'Txde17' );
INSERT INTO LOCATION VALUES ( 'Twkv', 'Szaemgltdtejtq', '지방', 'gate box', 'Hmmvwv16' );
INSERT INTO LOCATION VALUES ( 'Hrad', 'Qerkqtfra', '수도권 및 경기도', '머한통운', 'Xwpalqleajvdnfn8' );
INSERT INTO LOCATION VALUES ( 'Gjkbvff', 'Ffvy', '도서산간지역', 'yellow coif', 'Iriejyvekyqtne8' );
INSERT INTO LOCATION VALUES ( 'Wpgvkxbiorlpvjiuc', 'Vzkwcff', '지방', 'gate box', 'Svyflmhazxo14' );
INSERT INTO LOCATION VALUES ( 'Ykgmhiznonmwt', 'Twcl', '지방', 'gate box', 'Dkm5' );
INSERT INTO LOCATION VALUES ( 'Sodyjfncdx', 'Octd', '도서산간지역', 'yellow coif', 'Icqqqv11' );
INSERT INTO LOCATION VALUES ( 'Ybmv', 'Mduzhsjjise', '도서산간지역', 'yellow coif', 'Sxxbxuyy14' );
INSERT INTO LOCATION VALUES ( 'Mzunswzptrrf', 'Gqrytgkisllshnef', '수도권 및 경기도', '머한통운', 'Flvvubapbobzzb8' );
INSERT INTO LOCATION VALUES ( 'Zmeo', 'Tphxogvwjwc', '도서산간지역', 'yellow coif', 'Ozqswvrnx10' );
INSERT INTO LOCATION VALUES ( 'Cvdbbprzef', 'Peyuy', '수도권 및 경기도', '머한통운', 'Scnqq17' );
INSERT INTO LOCATION VALUES ( 'Zazdlmqggsecpqav', 'Ooro', '지방', 'gate box', 'Tcfgalcgbbyd16' );
INSERT INTO LOCATION VALUES ( 'Purpfqzzqpwk', 'Qotv', '도서산간지역', 'yellow coif', 'Dush6' );
INSERT INTO LOCATION VALUES ( 'Mmf', 'Qtg', '도서산간지역', 'yellow coif', 'Icljjhcz15' );
INSERT INTO LOCATION VALUES ( 'Xrgp', 'Wlipqxnko', '지방', 'gate box', 'Txde17' );
INSERT INTO LOCATION VALUES ( 'Qeiqladtwbonp', 'Wuyctsdbmisbxsn', '수도권 및 경기도', '머한통운', 'Npxavpirtrhyas3' );
INSERT INTO LOCATION VALUES ( 'Gujiqbsrcxggu', 'Fwfdpz', '도서산간지역', 'yellow coif', 'Sxxbxuyy14' );
INSERT INTO LOCATION VALUES ( 'Elfyvpm', 'Thidrrqcd', '도서산간지역', 'yellow coif', 'Bsiitxjlzvpfz15' );
INSERT INTO LOCATION VALUES ( 'Gxqz', 'Woqmgpwrv', '도서산간지역', 'yellow coif', 'Dvpodjggdmrdz5' );
INSERT INTO LOCATION VALUES ( 'Ffoyxclmftb', 'Dpypuwfadepymvdtf', '수도권 및 경기도', '머한통운', 'Gezccwkezifeemqy5' );
INSERT INTO LOCATION VALUES ( 'Pdcmpdekppddunv', 'Vel', '도서산간지역', 'yellow coif', 'Flvvubapbobzzb8' );
INSERT INTO LOCATION VALUES ( 'Oloz', 'Gfe', '도서산간지역', 'yellow coif', 'Sslcjcn12' );
INSERT INTO LOCATION VALUES ( 'Ngdugmtbyo', 'Idprih', '수도권 및 경기도', '머한통운', 'Bczmksrk9' );
INSERT INTO LOCATION VALUES ( 'Jrjqysije', 'Rmrtjwwalbruzlejn', '수도권 및 경기도', '머한통운', 'Dvpodjggdmrdz5' );
INSERT INTO LOCATION VALUES ( 'Ehhmsvuulkwncev', 'Ozgfcq', '수도권 및 경기도', '머한통운', 'Mtb13' );
INSERT INTO LOCATION VALUES ( 'Mmqosjgh', 'Zhmpcq', '도서산간지역', 'yellow coif', 'Bczmksrk9' );
INSERT INTO LOCATION VALUES ( 'Ecreyndpbyouaaa', 'Mcgisp', '도서산간지역', 'yellow coif', 'Chbmhupzzeubodi11' );
INSERT INTO LOCATION VALUES ( 'Iulmniwwrosruzgte', 'Dughi', '도서산간지역', 'yellow coif', 'Sslcjcn12' );
INSERT INTO LOCATION VALUES ( 'Hip', 'Bgujmhfmkh', '도서산간지역', 'yellow coif', 'Qic6' );
INSERT INTO LOCATION VALUES ( 'Lujpoogga', 'Rldz', '도서산간지역', 'yellow coif', 'Swzqoonpzxrcemjb5' );
INSERT INTO LOCATION VALUES ( 'Dhdcmewynwcqidliu', 'Zaq', '도서산간지역', 'yellow coif', 'Uyqjjmm5' );
INSERT INTO LOCATION VALUES ( 'Mpcxctoyygtzdxsr', 'Bwozqmq', '지방', 'gate box', 'Tcfgalcgbbyd16' );
INSERT INTO LOCATION VALUES ( 'Nkjravra', 'Gdfjuz', '지방', 'gate box', 'Zzgranvggoxyuurn7' );
INSERT INTO LOCATION VALUES ( 'Pvdzgzphcyds', 'Goaistad', '수도권 및 경기도', '머한통운', 'Otkbditymgwwtpwg13' );
INSERT INTO LOCATION VALUES ( 'Qywjsoorotprx', 'Mqkqhsafouscqf', '도서산간지역', 'yellow coif', 'Dush6' );
INSERT INTO LOCATION VALUES ( 'Ortsswmjuyh', 'Rbkctsxkgejskk', '수도권 및 경기도', '머한통운', 'Hvibvgycxnqi7' );
INSERT INTO LOCATION VALUES ( 'Sqmweabtpw', 'Awwqcpodebzijwd', '수도권 및 경기도', '머한통운', 'Dvpodjggdmrdz5' );
INSERT INTO LOCATION VALUES ( 'Teeodaoqdqlccbeb', 'Vlebnhvxux', '지방', 'gate box', 'Wmqmowcejuqlf5' );
INSERT INTO LOCATION VALUES ( 'Apfkpanlawwyl', 'Fbefxgweojoo', '도서산간지역', 'yellow coif', 'Mtb13' );
INSERT INTO LOCATION VALUES ( 'Pjy', 'Djsyexeehujfi', '수도권 및 경기도', '머한통운', 'Sslcjcn12' );
INSERT INTO LOCATION VALUES ( 'Efnc', 'Goztho', '수도권 및 경기도', '머한통운', 'Hmmvwv16' );
INSERT INTO LOCATION VALUES ( 'Dxe', 'Dixkpsvacq', '도서산간지역', 'yellow coif', 'Wmqmowcejuqlf5' );
INSERT INTO LOCATION VALUES ( 'Deojnwepjgq', 'Prqx', '수도권 및 경기도', '머한통운', 'Bsiitxjlzvpfz15' );
INSERT INTO LOCATION VALUES ( 'Ienxxmsjnxhwnq', 'Jlvma', '지방', 'gate box', 'Bvwxecsjryjm12' );


INSERT INTO ITEMORDER VALUES ( 'Fsrh1021770', NULL, TO_DATE('2002-7-6', 'yyyy-mm-dd'), '결제대기', 'Npxavpirtrhyas3', '머한통운' );
INSERT INTO ITEMORDER VALUES ( 'Cp1021787', NULL, TO_DATE('2010-7-21', 'yyyy-mm-dd'), '결제 확인', 'Svyflmhazxo14', 'yellow coif' );
INSERT INTO ITEMORDER VALUES ( 'Uri1021804', NULL, TO_DATE('2004-4-11', 'yyyy-mm-dd'), '결제 확인', 'Flvvubapbobzzb8', '머한통운' );
INSERT INTO ITEMORDER VALUES ( 'F1021821', NULL, TO_DATE('2010-9-22', 'yyyy-mm-dd'), '배송중', 'Uyqjjmm5', 'yellow coif' );
INSERT INTO ITEMORDER VALUES ( 'Fpvd1021838', NULL, TO_DATE('2003-8-16', 'yyyy-mm-dd'), '수령 완료', 'Scnqq17', 'yellow coif' );
INSERT INTO ITEMORDER VALUES ( 'J1021855', NULL, TO_DATE('2003-12-19', 'yyyy-mm-dd'), '결제 확인', 'Aznbmoqb6', '머한통운' );
INSERT INTO ITEMORDER VALUES ( 'Mjd1021872', NULL, TO_DATE('2006-5-27', 'yyyy-mm-dd'), '배송중', 'Nmzqh8', 'yellow coif' );
INSERT INTO ITEMORDER VALUES ( 'S1021889', NULL, TO_DATE('2015-4-19', 'yyyy-mm-dd'), '결제대기', 'Ikihrvgtoj4', 'yellow coif' );
INSERT INTO ITEMORDER VALUES ( 'Se1021906', NULL, TO_DATE('2011-4-9', 'yyyy-mm-dd'), '배송중', 'Bcynfhfnqvzfwsgrk14', 'gate box' );
INSERT INTO ITEMORDER VALUES ( 'I1021923', NULL, TO_DATE('2004-3-30', 'yyyy-mm-dd'), '수령 완료', 'Bqpgt17', 'yellow coif' );
INSERT INTO ITEMORDER VALUES ( 'Iqss1021940', NULL, TO_DATE('2013-6-6', 'yyyy-mm-dd'), '결제 확인', 'Bqpgt17', 'gate box' );
INSERT INTO ITEMORDER VALUES ( 'Czl1021957', NULL, TO_DATE('2003-8-24', 'yyyy-mm-dd'), '결제대기', 'Hncjsjqglkdotmnxm16', 'yellow coif' );
INSERT INTO ITEMORDER VALUES ( 'Nmm1021974', NULL, TO_DATE('2008-10-19', 'yyyy-mm-dd'), '수령 완료', 'Zzgranvggoxyuurn7', 'yellow coif' );
INSERT INTO ITEMORDER VALUES ( 'Ks1021991', NULL, TO_DATE('2000-10-31', 'yyyy-mm-dd'), '결제대기', 'Mtb13', 'yellow coif' );
INSERT INTO ITEMORDER VALUES ( 'Is1022008', NULL, TO_DATE('2013-7-27', 'yyyy-mm-dd'), '수령 완료', 'Ikihrvgtoj4', 'gate box' );
INSERT INTO ITEMORDER VALUES ( 'Dw1022025', NULL, TO_DATE('2008-2-2', 'yyyy-mm-dd'), '결제대기', 'Icljjhcz15', '머한통운' );
INSERT INTO ITEMORDER VALUES ( 'Xprz1022042', NULL, TO_DATE('2003-9-18', 'yyyy-mm-dd'), '결제 확인', 'Mtb13', 'yellow coif' );
INSERT INTO ITEMORDER VALUES ( 'Z1022059', NULL, TO_DATE('2002-5-3', 'yyyy-mm-dd'), '결제대기', 'Tchrdbbojrmobgzck3', '머한통운' );
INSERT INTO ITEMORDER VALUES ( 'Cd1022076', NULL, TO_DATE('2013-7-28', 'yyyy-mm-dd'), '결제 확인', 'Scnqq17', '머한통운' );
INSERT INTO ITEMORDER VALUES ( 'Ldfv1022093', NULL, TO_DATE('2012-2-22', 'yyyy-mm-dd'), '수령 완료', 'Ymqezbvbl15', 'yellow coif' );
INSERT INTO ITEMORDER VALUES ( 'Ux1022110', NULL, TO_DATE('2002-4-25', 'yyyy-mm-dd'), '결제 확인', 'Yqdxknun5', 'yellow coif' );
INSERT INTO ITEMORDER VALUES ( 'L1022127', NULL, TO_DATE('2007-8-28', 'yyyy-mm-dd'), '결제대기', 'Svcmiethymt16', 'yellow coif' );
INSERT INTO ITEMORDER VALUES ( 'Jmtf1022144', NULL, TO_DATE('2004-4-26', 'yyyy-mm-dd'), '수령 완료', 'Yicvebskfcsqoxp15', 'yellow coif' );
INSERT INTO ITEMORDER VALUES ( 'Bcfx1022161', NULL, TO_DATE('2011-9-25', 'yyyy-mm-dd'), '결제 확인', 'Ozqswvrnx10', 'gate box' );
INSERT INTO ITEMORDER VALUES ( 'Awo1022178', NULL, TO_DATE('2009-5-4', 'yyyy-mm-dd'), '결제대기', 'Wmwdk16', '머한통운' );
INSERT INTO ITEMORDER VALUES ( 'Aea1022195', NULL, TO_DATE('2015-5-2', 'yyyy-mm-dd'), '배송중', 'Szvmsusy8', '머한통운' );
INSERT INTO ITEMORDER VALUES ( 'Rkws1022212', NULL, TO_DATE('2002-3-21', 'yyyy-mm-dd'), '결제대기', 'Swzqoonpzxrcemjb5', '머한통운' );
INSERT INTO ITEMORDER VALUES ( 'C1022229', NULL, TO_DATE('2001-5-18', 'yyyy-mm-dd'), '결제 확인', 'Bczmksrk9', '머한통운' );
INSERT INTO ITEMORDER VALUES ( 'B1022246', NULL, TO_DATE('2003-8-31', 'yyyy-mm-dd'), '결제대기', 'Bqpgt17', 'gate box' );
INSERT INTO ITEMORDER VALUES ( 'Teh1022263', NULL, TO_DATE('2010-6-2', 'yyyy-mm-dd'), '수령 완료', 'Dkm5', 'yellow coif' );
INSERT INTO ITEMORDER VALUES ( 'Ncz1022280', NULL, TO_DATE('2005-5-30', 'yyyy-mm-dd'), '배송중', 'Tchrdbbojrmobgzck3', 'yellow coif' );
INSERT INTO ITEMORDER VALUES ( 'Yxr1022297', NULL, TO_DATE('2005-6-14', 'yyyy-mm-dd'), '결제대기', 'Dkm5', 'yellow coif' );
INSERT INTO ITEMORDER VALUES ( 'H1022314', NULL, TO_DATE('2000-1-20', 'yyyy-mm-dd'), '배송중', 'Bczmksrk9', '머한통운' );
INSERT INTO ITEMORDER VALUES ( 'Wwg1022331', NULL, TO_DATE('2008-7-20', 'yyyy-mm-dd'), '배송중', 'Flvvubapbobzzb8', '머한통운' );
INSERT INTO ITEMORDER VALUES ( 'Gpbp1022348', NULL, TO_DATE('2017-6-14', 'yyyy-mm-dd'), '수령 완료', 'Sfsdyboowhygzrmov5', '머한통운' );
INSERT INTO ITEMORDER VALUES ( 'Bq1022365', NULL, TO_DATE('2011-11-25', 'yyyy-mm-dd'), '배송중', 'Sslcjcn12', 'yellow coif' );
INSERT INTO ITEMORDER VALUES ( 'F1022382', NULL, TO_DATE('2002-6-28', 'yyyy-mm-dd'), '결제 확인', 'Ymqezbvbl15', 'gate box' );
INSERT INTO ITEMORDER VALUES ( 'K1022399', NULL, TO_DATE('2012-12-30', 'yyyy-mm-dd'), '수령 완료', 'Ymqezbvbl15', '머한통운' );
INSERT INTO ITEMORDER VALUES ( 'Qv1022416', NULL, TO_DATE('2009-12-17', 'yyyy-mm-dd'), '배송중', 'Bqpgt17', 'yellow coif' );
INSERT INTO ITEMORDER VALUES ( 'Apq1022433', NULL, TO_DATE('2010-9-23', 'yyyy-mm-dd'), '결제대기', 'Bqpgt17', 'gate box' );
INSERT INTO ITEMORDER VALUES ( 'Fpvk1022450', NULL, TO_DATE('2009-8-18', 'yyyy-mm-dd'), '수령 완료', 'Flvvubapbobzzb8', 'yellow coif' );
INSERT INTO ITEMORDER VALUES ( 'C1022467', NULL, TO_DATE('2003-6-18', 'yyyy-mm-dd'), '수령 완료', 'Scnqq17', '머한통운' );
INSERT INTO ITEMORDER VALUES ( 'Gb1022484', NULL, TO_DATE('2005-1-5', 'yyyy-mm-dd'), '결제 확인', 'Kqoqlrdtrtrny7', 'gate box' );
INSERT INTO ITEMORDER VALUES ( 'Atv1022501', NULL, TO_DATE('2012-2-29', 'yyyy-mm-dd'), '수령 완료', 'Nmzqh8', 'yellow coif' );
INSERT INTO ITEMORDER VALUES ( 'G1022518', NULL, TO_DATE('2010-7-17', 'yyyy-mm-dd'), '결제 확인', 'Iqizipc7', 'gate box' );
INSERT INTO ITEMORDER VALUES ( 'U1022535', NULL, TO_DATE('2005-6-16', 'yyyy-mm-dd'), '결제대기', 'Ymqezbvbl15', 'gate box' );
INSERT INTO ITEMORDER VALUES ( 'Dumq1022552', NULL, TO_DATE('2017-4-24', 'yyyy-mm-dd'), '결제 확인', 'Xwpalqleajvdnfn8', '머한통운' );
INSERT INTO ITEMORDER VALUES ( 'G1022569', NULL, TO_DATE('2014-12-22', 'yyyy-mm-dd'), '수령 완료', 'Hncjsjqglkdotmnxm16', 'yellow coif' );
INSERT INTO ITEMORDER VALUES ( 'W1022586', NULL, TO_DATE('2016-9-7', 'yyyy-mm-dd'), '수령 완료', 'Bvwxecsjryjm12', '머한통운' );
INSERT INTO ITEMORDER VALUES ( 'N1022603', NULL, TO_DATE('2013-11-6', 'yyyy-mm-dd'), '결제 확인', 'Rdqedfljb3', 'gate box' );
INSERT INTO ITEMORDER VALUES ( 'F1022620', NULL, TO_DATE('2003-10-11', 'yyyy-mm-dd'), '수령 완료', 'Hncjsjqglkdotmnxm16', '머한통운' );
INSERT INTO ITEMORDER VALUES ( 'Qbc1022637', NULL, TO_DATE('2009-10-14', 'yyyy-mm-dd'), '배송중', 'Udhvddtbfblyr10', 'yellow coif' );
INSERT INTO ITEMORDER VALUES ( 'Pum1022654', NULL, TO_DATE('2015-11-23', 'yyyy-mm-dd'), '결제대기', 'Wmqmowcejuqlf5', 'gate box' );
INSERT INTO ITEMORDER VALUES ( 'Afp1022671', NULL, TO_DATE('2004-12-26', 'yyyy-mm-dd'), '수령 완료', 'Ymqezbvbl15', '머한통운' );
INSERT INTO ITEMORDER VALUES ( 'E1022688', NULL, TO_DATE('2016-3-21', 'yyyy-mm-dd'), '수령 완료', 'Hncjsjqglkdotmnxm16', 'yellow coif' );
INSERT INTO ITEMORDER VALUES ( 'Ju1022705', NULL, TO_DATE('2010-11-16', 'yyyy-mm-dd'), '수령 완료', 'Yicvebskfcsqoxp15', 'yellow coif' );
INSERT INTO ITEMORDER VALUES ( 'N1022722', NULL, TO_DATE('2017-6-13', 'yyyy-mm-dd'), '결제대기', 'Hmmvwv16', 'yellow coif' );
INSERT INTO ITEMORDER VALUES ( 'B1022739', NULL, TO_DATE('2006-7-21', 'yyyy-mm-dd'), '결제대기', 'Txde17', '머한통운' );
INSERT INTO ITEMORDER VALUES ( 'B1022756', NULL, TO_DATE('2013-7-15', 'yyyy-mm-dd'), '결제 확인', 'Bczmksrk9', '머한통운' );
INSERT INTO ITEMORDER VALUES ( 'X1022773', NULL, TO_DATE('2001-1-28', 'yyyy-mm-dd'), '결제 확인', 'Qic6', 'yellow coif' );
INSERT INTO ITEMORDER VALUES ( 'X1022790', NULL, TO_DATE('2001-7-30', 'yyyy-mm-dd'), '결제 확인', 'Bsiitxjlzvpfz15', '머한통운' );
INSERT INTO ITEMORDER VALUES ( 'V1022807', NULL, TO_DATE('2014-10-2', 'yyyy-mm-dd'), '수령 완료', 'Rsmhmhzvvwh16', 'gate box' );
INSERT INTO ITEMORDER VALUES ( 'Q1022824', NULL, TO_DATE('2016-5-23', 'yyyy-mm-dd'), '결제 확인', 'Sxxbxuyy14', 'gate box' );
INSERT INTO ITEMORDER VALUES ( 'I1022841', NULL, TO_DATE('2000-1-23', 'yyyy-mm-dd'), '결제대기', 'Sslcjcn12', '머한통운' );
INSERT INTO ITEMORDER VALUES ( 'N1022858', NULL, TO_DATE('2002-12-6', 'yyyy-mm-dd'), '배송중', 'Scnqq17', '머한통운' );
INSERT INTO ITEMORDER VALUES ( 'Bf1022875', NULL, TO_DATE('2003-1-30', 'yyyy-mm-dd'), '배송중', 'Yrnjcwetiqk13', '머한통운' );
INSERT INTO ITEMORDER VALUES ( 'Ed1022892', NULL, TO_DATE('2017-7-23', 'yyyy-mm-dd'), '결제대기', 'Szvmsusy8', '머한통운' );
INSERT INTO ITEMORDER VALUES ( 'K1022909', NULL, TO_DATE('2008-7-30', 'yyyy-mm-dd'), '결제대기', 'Gezccwkezifeemqy5', 'gate box' );
INSERT INTO ITEMORDER VALUES ( 'Ve1022926', NULL, TO_DATE('2013-2-31', 'yyyy-mm-dd'), '수령 완료', 'Flvvubapbobzzb8', 'yellow coif' );
INSERT INTO ITEMORDER VALUES ( 'Apr1022943', NULL, TO_DATE('2002-1-12', 'yyyy-mm-dd'), '수령 완료', 'Szvmsusy8', 'yellow coif' );
INSERT INTO ITEMORDER VALUES ( 'E1022960', NULL, TO_DATE('2017-5-24', 'yyyy-mm-dd'), '수령 완료', 'Gezccwkezifeemqy5', 'yellow coif' );
INSERT INTO ITEMORDER VALUES ( 'X1022977', NULL, TO_DATE('2002-12-22', 'yyyy-mm-dd'), '수령 완료', 'Ikihrvgtoj4', 'gate box' );
INSERT INTO ITEMORDER VALUES ( 'Ziv1022994', NULL, TO_DATE('2012-1-9', 'yyyy-mm-dd'), '결제 확인', 'Bqpgt17', '머한통운' );
INSERT INTO ITEMORDER VALUES ( 'Qiw1023011', NULL, TO_DATE('2003-5-3', 'yyyy-mm-dd'), '결제 확인', 'Wmqmowcejuqlf5', 'gate box' );
INSERT INTO ITEMORDER VALUES ( 'Kx1023028', NULL, TO_DATE('2012-9-22', 'yyyy-mm-dd'), '결제 확인', 'Swzqoonpzxrcemjb5', '머한통운' );
INSERT INTO ITEMORDER VALUES ( 'Un1023045', NULL, TO_DATE('2005-10-7', 'yyyy-mm-dd'), '결제 확인', 'Bqpgt17', 'gate box' );
INSERT INTO ITEMORDER VALUES ( 'O1023062', NULL, TO_DATE('2009-10-14', 'yyyy-mm-dd'), '결제 확인', 'Otkbditymgwwtpwg13', 'gate box' );
INSERT INTO ITEMORDER VALUES ( 'Plzi1023079', NULL, TO_DATE('2010-10-20', 'yyyy-mm-dd'), '수령 완료', 'Bsiitxjlzvpfz15', '머한통운' );
INSERT INTO ITEMORDER VALUES ( 'Xl1023096', NULL, TO_DATE('2008-6-4', 'yyyy-mm-dd'), '수령 완료', 'Mtb13', 'gate box' );
INSERT INTO ITEMORDER VALUES ( 'Vlei1023113', NULL, TO_DATE('2014-9-3', 'yyyy-mm-dd'), '결제대기', 'Gezccwkezifeemqy5', '머한통운' );
INSERT INTO ITEMORDER VALUES ( 'Cru1023130', NULL, TO_DATE('2017-3-27', 'yyyy-mm-dd'), '결제대기', 'Bcynfhfnqvzfwsgrk14', 'gate box' );
INSERT INTO ITEMORDER VALUES ( 'Kgh1023147', NULL, TO_DATE('2004-11-28', 'yyyy-mm-dd'), '수령 완료', 'Catybzdoiwldypf6', '머한통운' );
INSERT INTO ITEMORDER VALUES ( 'Q1023164', NULL, TO_DATE('2011-10-1', 'yyyy-mm-dd'), '배송중', 'Nmzqh8', 'yellow coif' );
INSERT INTO ITEMORDER VALUES ( 'Bq1023181', NULL, TO_DATE('2013-6-26', 'yyyy-mm-dd'), '결제대기', 'Aznbmoqb6', 'gate box' );
INSERT INTO ITEMORDER VALUES ( 'Wbxg1023198', NULL, TO_DATE('2006-7-23', 'yyyy-mm-dd'), '결제 확인', 'Vsupbuh12', 'yellow coif' );
INSERT INTO ITEMORDER VALUES ( 'Hwa1023215', NULL, TO_DATE('2005-10-13', 'yyyy-mm-dd'), '결제대기', 'Uyqjjmm5', 'yellow coif' );
INSERT INTO ITEMORDER VALUES ( 'Wns1023232', NULL, TO_DATE('2004-11-20', 'yyyy-mm-dd'), '수령 완료', 'Hmmvwv16', 'gate box' );
INSERT INTO ITEMORDER VALUES ( 'Kh1023249', NULL, TO_DATE('2015-10-8', 'yyyy-mm-dd'), '배송중', 'Bczmksrk9', '머한통운' );
INSERT INTO ITEMORDER VALUES ( 'Rh1023266', NULL, TO_DATE('2016-3-30', 'yyyy-mm-dd'), '배송중', 'Szvmsusy8', '머한통운' );
INSERT INTO ITEMORDER VALUES ( 'S1023283', NULL, TO_DATE('2007-10-1', 'yyyy-mm-dd'), '배송중', 'Rdqedfljb3', 'yellow coif' );
INSERT INTO ITEMORDER VALUES ( 'A1023300', NULL, TO_DATE('2003-11-7', 'yyyy-mm-dd'), '배송중', 'Ozqswvrnx10', 'gate box' );
INSERT INTO ITEMORDER VALUES ( 'Kl1023317', NULL, TO_DATE('2014-8-20', 'yyyy-mm-dd'), '결제대기', 'Xwpalqleajvdnfn8', '머한통운' );
INSERT INTO ITEMORDER VALUES ( 'El1023334', NULL, TO_DATE('2017-9-27', 'yyyy-mm-dd'), '결제 확인', 'Qezsktaeqdnfcbvk11', 'yellow coif' );
INSERT INTO ITEMORDER VALUES ( 'Da1023351', NULL, TO_DATE('2001-4-14', 'yyyy-mm-dd'), '결제 확인', 'Yicvebskfcsqoxp15', 'yellow coif' );
INSERT INTO ITEMORDER VALUES ( 'S1023368', NULL, TO_DATE('2007-6-6', 'yyyy-mm-dd'), '결제대기', 'Bvwxecsjryjm12', 'gate box' );
INSERT INTO ITEMORDER VALUES ( 'Y1023385', NULL, TO_DATE('2008-9-28', 'yyyy-mm-dd'), '배송중', 'Vsupbuh12', '머한통운' );
INSERT INTO ITEMORDER VALUES ( 'Ukb1023402', NULL, TO_DATE('2002-12-11', 'yyyy-mm-dd'), '결제대기', 'Htjczbd3', '머한통운' );
INSERT INTO ITEMORDER VALUES ( 'N1023419', NULL, TO_DATE('2005-3-17', 'yyyy-mm-dd'), '결제 확인', 'Yrlcdnoxjhn14', 'yellow coif' );
INSERT INTO ITEMORDER VALUES ( 'Vnlm1023436', NULL, TO_DATE('2006-10-29', 'yyyy-mm-dd'), '배송중', 'Otkbditymgwwtpwg13', 'yellow coif' );
INSERT INTO ITEMORDER VALUES ( 'Hmiq1023453', NULL, TO_DATE('2005-8-11', 'yyyy-mm-dd'), '수령 완료', 'Iqizipc7', 'yellow coif' );
INSERT INTO ITEMORDER VALUES ( 'Ov1023470', NULL, TO_DATE('2011-1-11', 'yyyy-mm-dd'), '수령 완료', 'Uyqjjmm5', '머한통운' );
INSERT INTO ITEMORDER VALUES ( 'Oyll1023487', NULL, TO_DATE('2010-5-17', 'yyyy-mm-dd'), '수령 완료', 'Bcynfhfnqvzfwsgrk14', 'gate box' );
INSERT INTO ITEMORDER VALUES ( 'Vu1023504', NULL, TO_DATE('2006-8-4', 'yyyy-mm-dd'), '배송중', 'Wmwdk16', '머한통운' );
INSERT INTO ITEMORDER VALUES ( 'I1023521', NULL, TO_DATE('2012-8-28', 'yyyy-mm-dd'), '결제대기', 'Yrnjcwetiqk13', 'yellow coif' );
INSERT INTO ITEMORDER VALUES ( 'Pzyf1023538', NULL, TO_DATE('2006-8-2', 'yyyy-mm-dd'), '결제대기', 'Qic6', '머한통운' );
INSERT INTO ITEMORDER VALUES ( 'Epj1023555', NULL, TO_DATE('2005-8-13', 'yyyy-mm-dd'), '수령 완료', 'Dush6', 'gate box' );
INSERT INTO ITEMORDER VALUES ( 'Yrl1023572', NULL, TO_DATE('2006-1-27', 'yyyy-mm-dd'), '결제 확인', 'Tcfgalcgbbyd16', 'gate box' );
INSERT INTO ITEMORDER VALUES ( 'Rch1023589', NULL, TO_DATE('2012-3-29', 'yyyy-mm-dd'), '배송중', 'Uyqjjmm5', 'yellow coif' );
INSERT INTO ITEMORDER VALUES ( 'Qu1023606', NULL, TO_DATE('2016-8-9', 'yyyy-mm-dd'), '결제 확인', 'Kqoqlrdtrtrny7', 'gate box' );
INSERT INTO ITEMORDER VALUES ( 'D1023623', NULL, TO_DATE('2007-7-14', 'yyyy-mm-dd'), '결제대기', 'Szvmsusy8', 'gate box' );
INSERT INTO ITEMORDER VALUES ( 'Oyk1023640', NULL, TO_DATE('2001-10-12', 'yyyy-mm-dd'), '결제대기', 'Yrlcdnoxjhn14', 'gate box' );
INSERT INTO ITEMORDER VALUES ( 'Hrxn1023657', NULL, TO_DATE('2008-9-20', 'yyyy-mm-dd'), '결제 확인', 'Vsupbuh12', 'gate box' );
INSERT INTO ITEMORDER VALUES ( 'Yhea1023674', NULL, TO_DATE('2003-6-29', 'yyyy-mm-dd'), '배송중', 'Bczmksrk9', '머한통운' );
INSERT INTO ITEMORDER VALUES ( 'Zm1023691', NULL, TO_DATE('2005-10-6', 'yyyy-mm-dd'), '수령 완료', 'Npxavpirtrhyas3', '머한통운' );
INSERT INTO ITEMORDER VALUES ( 'Qgx1023708', NULL, TO_DATE('2007-1-28', 'yyyy-mm-dd'), '수령 완료', 'Udhvddtbfblyr10', '머한통운' );
INSERT INTO ITEMORDER VALUES ( 'Ttnc1023725', NULL, TO_DATE('2007-11-17', 'yyyy-mm-dd'), '수령 완료', 'Dush6', 'gate box' );
INSERT INTO ITEMORDER VALUES ( 'G1023742', NULL, TO_DATE('2011-11-16', 'yyyy-mm-dd'), '배송중', 'Dvpodjggdmrdz5', '머한통운' );
INSERT INTO ITEMORDER VALUES ( 'A1023759', NULL, TO_DATE('2011-12-24', 'yyyy-mm-dd'), '결제대기', 'Npxavpirtrhyas3', 'yellow coif' );
INSERT INTO ITEMORDER VALUES ( 'Ad1023776', NULL, TO_DATE('2013-3-20', 'yyyy-mm-dd'), '배송중', 'Ozqswvrnx10', 'yellow coif' );
INSERT INTO ITEMORDER VALUES ( 'Sf1023793', NULL, TO_DATE('2010-7-27', 'yyyy-mm-dd'), '수령 완료', 'Dvpodjggdmrdz5', '머한통운' );
INSERT INTO ITEMORDER VALUES ( 'L1023810', NULL, TO_DATE('2010-1-15', 'yyyy-mm-dd'), '결제대기', 'Svcmiethymt16', '머한통운' );
INSERT INTO ITEMORDER VALUES ( 'Q1023827', NULL, TO_DATE('2002-2-17', 'yyyy-mm-dd'), '결제 확인', 'Sslcjcn12', 'gate box' );
INSERT INTO ITEMORDER VALUES ( 'Zb1023844', NULL, TO_DATE('2015-1-19', 'yyyy-mm-dd'), '수령 완료', 'Yrlcdnoxjhn14', 'yellow coif' );
INSERT INTO ITEMORDER VALUES ( 'Ao1023861', NULL, TO_DATE('2016-11-2', 'yyyy-mm-dd'), '결제대기', 'Ffk8', 'gate box' );
INSERT INTO ITEMORDER VALUES ( 'Bi1023878', NULL, TO_DATE('2013-6-30', 'yyyy-mm-dd'), '배송중', 'Xtkzgrislvrdmillx10', 'gate box' );
INSERT INTO ITEMORDER VALUES ( 'C1023895', NULL, TO_DATE('2013-7-29', 'yyyy-mm-dd'), '결제 확인', 'Txde17', 'yellow coif' );
INSERT INTO ITEMORDER VALUES ( 'D1023912', NULL, TO_DATE('2002-3-8', 'yyyy-mm-dd'), '결제 확인', 'Zzgranvggoxyuurn7', 'yellow coif' );
INSERT INTO ITEMORDER VALUES ( 'Sml1023929', NULL, TO_DATE('2015-6-25', 'yyyy-mm-dd'), '수령 완료', 'Hncjsjqglkdotmnxm16', 'gate box' );
INSERT INTO ITEMORDER VALUES ( 'Apl1023946', NULL, TO_DATE('2008-9-3', 'yyyy-mm-dd'), '결제대기', 'Sslcjcn12', '머한통운' );
INSERT INTO ITEMORDER VALUES ( 'A1023963', NULL, TO_DATE('2012-11-26', 'yyyy-mm-dd'), '수령 완료', 'Dvpodjggdmrdz5', '머한통운' );
INSERT INTO ITEMORDER VALUES ( 'Ztf1023980', NULL, TO_DATE('2015-7-12', 'yyyy-mm-dd'), '수령 완료', 'Aznbmoqb6', '머한통운' );
INSERT INTO ITEMORDER VALUES ( 'Z1023997', NULL, TO_DATE('2009-11-18', 'yyyy-mm-dd'), '결제대기', 'Yrlcdnoxjhn14', 'yellow coif' );
INSERT INTO ITEMORDER VALUES ( 'H1024014', NULL, TO_DATE('2006-6-12', 'yyyy-mm-dd'), '배송중', 'Gezccwkezifeemqy5', 'yellow coif' );
INSERT INTO ITEMORDER VALUES ( 'Z1024031', NULL, TO_DATE('2007-7-19', 'yyyy-mm-dd'), '결제대기', 'Bcynfhfnqvzfwsgrk14', 'gate box' );
INSERT INTO ITEMORDER VALUES ( 'Wcd1024048', NULL, TO_DATE('2005-3-7', 'yyyy-mm-dd'), '배송중', 'Qezsktaeqdnfcbvk11', 'gate box' );
INSERT INTO ITEMORDER VALUES ( 'A1024065', NULL, TO_DATE('2011-2-2', 'yyyy-mm-dd'), '배송중', 'Bqpgt17', '머한통운' );
INSERT INTO ITEMORDER VALUES ( 'Lrk1024082', NULL, TO_DATE('2016-4-25', 'yyyy-mm-dd'), '수령 완료', 'Aznbmoqb6', '머한통운' );
INSERT INTO ITEMORDER VALUES ( 'Hbjy1024099', NULL, TO_DATE('2007-12-15', 'yyyy-mm-dd'), '결제 확인', 'Inhjdiuruqo5', '머한통운' );
INSERT INTO ITEMORDER VALUES ( 'Xqrp1024116', NULL, TO_DATE('2005-2-11', 'yyyy-mm-dd'), '결제 확인', 'Hmmvwv16', 'gate box' );
INSERT INTO ITEMORDER VALUES ( 'Y1024133', NULL, TO_DATE('2001-1-9', 'yyyy-mm-dd'), '수령 완료', 'Hvibvgycxnqi7', '머한통운' );
INSERT INTO ITEMORDER VALUES ( 'Jp1024150', NULL, TO_DATE('2005-1-13', 'yyyy-mm-dd'), '수령 완료', 'Udhvddtbfblyr10', 'gate box' );
INSERT INTO ITEMORDER VALUES ( 'Hewh1024167', NULL, TO_DATE('2012-2-20', 'yyyy-mm-dd'), '결제 확인', 'Txde17', 'yellow coif' );
INSERT INTO ITEMORDER VALUES ( 'Kkal1024184', NULL, TO_DATE('2008-2-3', 'yyyy-mm-dd'), '수령 완료', 'Qezsktaeqdnfcbvk11', 'yellow coif' );
INSERT INTO ITEMORDER VALUES ( 'Srs1024201', NULL, TO_DATE('2007-1-6', 'yyyy-mm-dd'), '결제 확인', 'Hncjsjqglkdotmnxm16', '머한통운' );
INSERT INTO ITEMORDER VALUES ( 'S1024218', NULL, TO_DATE('2010-5-21', 'yyyy-mm-dd'), '수령 완료', 'Gezccwkezifeemqy5', 'gate box' );
INSERT INTO ITEMORDER VALUES ( 'U1024235', NULL, TO_DATE('2017-11-2', 'yyyy-mm-dd'), '결제 확인', 'Qic6', 'gate box' );
INSERT INTO ITEMORDER VALUES ( 'Bl1024252', NULL, TO_DATE('2007-4-18', 'yyyy-mm-dd'), '결제 확인', 'Nmzqh8', '머한통운' );
INSERT INTO ITEMORDER VALUES ( 'Mdj1024269', NULL, TO_DATE('2011-1-7', 'yyyy-mm-dd'), '결제 확인', 'Yrlcdnoxjhn14', 'gate box' );
INSERT INTO ITEMORDER VALUES ( 'Sc1024286', NULL, TO_DATE('2015-9-17', 'yyyy-mm-dd'), '배송중', 'Zzgranvggoxyuurn7', '머한통운' );
INSERT INTO ITEMORDER VALUES ( 'Erl1024303', NULL, TO_DATE('2017-10-20', 'yyyy-mm-dd'), '결제 확인', 'Lbymbumojvz5', 'gate box' );
INSERT INTO ITEMORDER VALUES ( 'Sn1024320', NULL, TO_DATE('2007-5-12', 'yyyy-mm-dd'), '수령 완료', 'Qrbhg7', '머한통운' );
INSERT INTO ITEMORDER VALUES ( 'T1024337', NULL, TO_DATE('2005-3-26', 'yyyy-mm-dd'), '결제 확인', 'Nmzqh8', '머한통운' );
INSERT INTO ITEMORDER VALUES ( 'Sarm1024354', NULL, TO_DATE('2001-7-2', 'yyyy-mm-dd'), '결제 확인', 'Icljjhcz15', 'gate box' );
INSERT INTO ITEMORDER VALUES ( 'G1024371', NULL, TO_DATE('2016-2-3', 'yyyy-mm-dd'), '수령 완료', 'Xwpalqleajvdnfn8', 'yellow coif' );
INSERT INTO ITEMORDER VALUES ( 'B1024388', NULL, TO_DATE('2015-11-4', 'yyyy-mm-dd'), '결제 확인', 'Wmwdk16', 'yellow coif' );
INSERT INTO ITEMORDER VALUES ( 'Rkz1024405', NULL, TO_DATE('2012-6-10', 'yyyy-mm-dd'), '결제 확인', 'Yqdxknun5', 'yellow coif' );
INSERT INTO ITEMORDER VALUES ( 'W1024422', NULL, TO_DATE('2007-12-24', 'yyyy-mm-dd'), '결제대기', 'Ffk8', '머한통운' );
INSERT INTO ITEMORDER VALUES ( 'H1024439', NULL, TO_DATE('2000-8-19', 'yyyy-mm-dd'), '수령 완료', 'Htjczbd3', 'yellow coif' );
INSERT INTO ITEMORDER VALUES ( 'Fcgf1024456', NULL, TO_DATE('2007-8-4', 'yyyy-mm-dd'), '결제대기', 'Yrlcdnoxjhn14', 'yellow coif' );
INSERT INTO ITEMORDER VALUES ( 'Lue1024473', NULL, TO_DATE('2004-2-21', 'yyyy-mm-dd'), '결제대기', 'Bsiitxjlzvpfz15', 'gate box' );
INSERT INTO ITEMORDER VALUES ( 'Clj1024490', NULL, TO_DATE('2002-1-23', 'yyyy-mm-dd'), '배송중', 'Iriejyvekyqtne8', '머한통운' );
INSERT INTO ITEMORDER VALUES ( 'B1024507', NULL, TO_DATE('2005-5-14', 'yyyy-mm-dd'), '배송중', 'Wmwdk16', 'yellow coif' );
INSERT INTO ITEMORDER VALUES ( 'Bet1024524', NULL, TO_DATE('2002-8-3', 'yyyy-mm-dd'), '수령 완료', 'Scnqq17', 'yellow coif' );
INSERT INTO ITEMORDER VALUES ( 'Lw1024541', NULL, TO_DATE('2010-2-20', 'yyyy-mm-dd'), '수령 완료', 'Iriejyvekyqtne8', '머한통운' );
INSERT INTO ITEMORDER VALUES ( 'Pamd1024558', NULL, TO_DATE('2009-7-19', 'yyyy-mm-dd'), '수령 완료', 'Rdqedfljb3', 'gate box' );
INSERT INTO ITEMORDER VALUES ( 'Gd1024575', NULL, TO_DATE('2009-6-20', 'yyyy-mm-dd'), '수령 완료', 'Gezccwkezifeemqy5', '머한통운' );
INSERT INTO ITEMORDER VALUES ( 'S1024592', NULL, TO_DATE('2008-8-19', 'yyyy-mm-dd'), '배송중', 'Svyflmhazxo14', 'gate box' );
INSERT INTO ITEMORDER VALUES ( 'Ovi1024609', NULL, TO_DATE('2016-2-8', 'yyyy-mm-dd'), '수령 완료', 'Mtb13', '머한통운' );
INSERT INTO ITEMORDER VALUES ( 'Gfc1024626', NULL, TO_DATE('2010-1-15', 'yyyy-mm-dd'), '결제 확인', 'Xtkzgrislvrdmillx10', 'gate box' );
INSERT INTO ITEMORDER VALUES ( 'Q1024643', NULL, TO_DATE('2011-6-20', 'yyyy-mm-dd'), '결제대기', 'Vsupbuh12', 'gate box' );
INSERT INTO ITEMORDER VALUES ( 'M1024660', NULL, TO_DATE('2003-5-8', 'yyyy-mm-dd'), '배송중', 'Sslcjcn12', '머한통운' );
INSERT INTO ITEMORDER VALUES ( 'Gsw1024677', NULL, TO_DATE('2016-12-3', 'yyyy-mm-dd'), '결제 확인', 'Rsmhmhzvvwh16', 'yellow coif' );
INSERT INTO ITEMORDER VALUES ( 'Mlzf1024694', NULL, TO_DATE('2006-3-28', 'yyyy-mm-dd'), '배송중', 'Qrbhg7', '머한통운' );
INSERT INTO ITEMORDER VALUES ( 'H1024711', NULL, TO_DATE('2006-10-15', 'yyyy-mm-dd'), '배송중', 'Qic6', '머한통운' );
INSERT INTO ITEMORDER VALUES ( 'Eics1024728', NULL, TO_DATE('2000-5-25', 'yyyy-mm-dd'), '수령 완료', 'Flvvubapbobzzb8', '머한통운' );
INSERT INTO ITEMORDER VALUES ( 'Ny1024745', NULL, TO_DATE('2004-1-29', 'yyyy-mm-dd'), '수령 완료', 'Qezsktaeqdnfcbvk11', 'yellow coif' );
INSERT INTO ITEMORDER VALUES ( 'Al1024762', NULL, TO_DATE('2009-3-19', 'yyyy-mm-dd'), '수령 완료', 'Ffk8', 'yellow coif' );
INSERT INTO ITEMORDER VALUES ( 'Ukcr1024779', NULL, TO_DATE('2014-9-18', 'yyyy-mm-dd'), '결제 확인', 'Iqizipc7', 'yellow coif' );
INSERT INTO ITEMORDER VALUES ( 'Mig1024796', NULL, TO_DATE('2000-5-24', 'yyyy-mm-dd'), '배송중', 'Icqqqv11', 'gate box' );
INSERT INTO ITEMORDER VALUES ( 'D1024813', NULL, TO_DATE('2014-4-5', 'yyyy-mm-dd'), '결제 확인', 'Yqdxknun5', 'gate box' );
INSERT INTO ITEMORDER VALUES ( 'Ulyi1024830', NULL, TO_DATE('2014-12-22', 'yyyy-mm-dd'), '결제 확인', 'Dkm5', 'gate box' );
INSERT INTO ITEMORDER VALUES ( 'C1024847', NULL, TO_DATE('2010-5-6', 'yyyy-mm-dd'), '수령 완료', 'Otkbditymgwwtpwg13', '머한통운' );
INSERT INTO ITEMORDER VALUES ( 'P1024864', NULL, TO_DATE('2004-4-30', 'yyyy-mm-dd'), '결제 확인', 'Mtb13', '머한통운' );
INSERT INTO ITEMORDER VALUES ( 'Nc1024881', NULL, TO_DATE('2014-6-2', 'yyyy-mm-dd'), '수령 완료', 'Tchrdbbojrmobgzck3', 'yellow coif' );
INSERT INTO ITEMORDER VALUES ( 'K1024898', NULL, TO_DATE('2011-8-24', 'yyyy-mm-dd'), '배송중', 'Hmmvwv16', '머한통운' );
INSERT INTO ITEMORDER VALUES ( 'Nfw1024915', NULL, TO_DATE('2011-2-22', 'yyyy-mm-dd'), '결제대기', 'Sxxbxuyy14', 'yellow coif' );
INSERT INTO ITEMORDER VALUES ( 'Rktr1024932', NULL, TO_DATE('2013-2-26', 'yyyy-mm-dd'), '결제 확인', 'Lbymbumojvz5', 'gate box' );
INSERT INTO ITEMORDER VALUES ( 'P1024949', NULL, TO_DATE('2004-3-30', 'yyyy-mm-dd'), '결제 확인', 'Svyflmhazxo14', '머한통운' );
INSERT INTO ITEMORDER VALUES ( 'Vwlr1024966', NULL, TO_DATE('2011-10-12', 'yyyy-mm-dd'), '결제 확인', 'Lbymbumojvz5', '머한통운' );
INSERT INTO ITEMORDER VALUES ( 'Fnxa1024983', NULL, TO_DATE('2008-12-20', 'yyyy-mm-dd'), '결제 확인', 'Hvibvgycxnqi7', '머한통운' );
INSERT INTO ITEMORDER VALUES ( 'Xi1025000', NULL, TO_DATE('2002-5-14', 'yyyy-mm-dd'), '결제 확인', 'Bcynfhfnqvzfwsgrk14', 'gate box' );
INSERT INTO ITEMORDER VALUES ( 'E1025017', NULL, TO_DATE('2014-9-26', 'yyyy-mm-dd'), '배송중', 'Xtkzgrislvrdmillx10', 'yellow coif' );
INSERT INTO ITEMORDER VALUES ( 'Rfdn1025034', NULL, TO_DATE('2009-5-30', 'yyyy-mm-dd'), '결제 확인', 'Otkbditymgwwtpwg13', '머한통운' );
INSERT INTO ITEMORDER VALUES ( 'G1025051', NULL, TO_DATE('2004-10-9', 'yyyy-mm-dd'), '결제대기', 'Yicvebskfcsqoxp15', '머한통운' );
INSERT INTO ITEMORDER VALUES ( 'Gqfa1025068', NULL, TO_DATE('2001-4-1', 'yyyy-mm-dd'), '결제 확인', 'Rsmhmhzvvwh16', 'yellow coif' );
INSERT INTO ITEMORDER VALUES ( 'Gfwr1025085', NULL, TO_DATE('2011-11-21', 'yyyy-mm-dd'), '결제 확인', 'Szvmsusy8', 'yellow coif' );
INSERT INTO ITEMORDER VALUES ( 'Pvu1025102', NULL, TO_DATE('2007-8-21', 'yyyy-mm-dd'), '결제 확인', 'Ymqezbvbl15', 'gate box' );
INSERT INTO ITEMORDER VALUES ( 'Udcf1025119', NULL, TO_DATE('2001-12-24', 'yyyy-mm-dd'), '수령 완료', 'Icljjhcz15', 'yellow coif' );
INSERT INTO ITEMORDER VALUES ( 'Pd1025136', NULL, TO_DATE('2015-7-8', 'yyyy-mm-dd'), '결제 확인', 'Hncjsjqglkdotmnxm16', 'gate box' );
INSERT INTO ITEMORDER VALUES ( 'Ho1025153', NULL, TO_DATE('2006-6-5', 'yyyy-mm-dd'), '배송중', 'Yicvebskfcsqoxp15', 'gate box' );


INSERT INTO BASKETCONTAINS VALUES ( 'Xwpalqleajvdnfn8', 'Iic1020903', 'W868-0559', 24 );
INSERT INTO BASKETCONTAINS VALUES ( 'Ffk8', 'Gw1021099', 'C171-5516', 40 );
INSERT INTO BASKETCONTAINS VALUES ( 'Yicvebskfcsqoxp15', 'Xjchqs1020791', 'W868-0680', 5 );
INSERT INTO BASKETCONTAINS VALUES ( 'Ffk8', 'Tl1020917', 'W864-8897', 47 );
INSERT INTO BASKETCONTAINS VALUES ( 'Bvwxecsjryjm12', 'Gw1021099', 'W864-8541 ', 22 );
INSERT INTO BASKETCONTAINS VALUES ( 'Bqpgt17', 'Wtqgj1021008', 'W875-7238', 5 );
INSERT INTO BASKETCONTAINS VALUES ( 'Sfsdyboowhygzrmov5', 'Ytcav1020882', 'W863-0278', 39 );
INSERT INTO BASKETCONTAINS VALUES ( 'Icqqqv11', 'Tl1020917', 'W820-0475', 20 );
INSERT INTO BASKETCONTAINS VALUES ( 'Kqoqlrdtrtrny7', 'Rl1020819', 'W846-2808', 19 );
INSERT INTO BASKETCONTAINS VALUES ( 'Sfsdyboowhygzrmov5', 'Nakq1020959', 'W850-0029', 24 );
INSERT INTO BASKETCONTAINS VALUES ( 'Iqizipc7', 'Wchcf1020889', 'W864-8541 ', 23 );
INSERT INTO BASKETCONTAINS VALUES ( 'Sxxbxuyy14', 'Xjchqs1020791', 'W849-9635', 10 );
INSERT INTO BASKETCONTAINS VALUES ( 'Flvvubapbobzzb8', 'Adfq1021064', 'C132-2848', 28 );
INSERT INTO BASKETCONTAINS VALUES ( 'Sxxbxuyy14', 'Adfq1021064', 'W144-3123', 1 );
INSERT INTO BASKETCONTAINS VALUES ( 'Ikihrvgtoj4', 'Rl1020819', 'W863-0250', 28 );
INSERT INTO BASKETCONTAINS VALUES ( 'Uyqjjmm5', 'Vjj1021106', 'W144-3123', 43 );
INSERT INTO BASKETCONTAINS VALUES ( 'Svyflmhazxo14', 'Xjchqs1020791', 'W820-0475', 37 );
INSERT INTO BASKETCONTAINS VALUES ( 'Gezccwkezifeemqy5', 'Zwofi1021057', 'C100-2102', 37 );
INSERT INTO BASKETCONTAINS VALUES ( 'Xwpalqleajvdnfn8', 'Kzc1020847', 'C142-0034', 28 );
INSERT INTO BASKETCONTAINS VALUES ( 'Bcynfhfnqvzfwsgrk14', 'Si1020861', 'W105-3373', 41 );
INSERT INTO BASKETCONTAINS VALUES ( 'Bcynfhfnqvzfwsgrk14', 'Spephg1021120', 'C177-0805', 38 );
INSERT INTO BASKETCONTAINS VALUES ( 'Svcmiethymt16', 'Wvud1021162', 'C142-0034', 19 );
INSERT INTO BASKETCONTAINS VALUES ( 'Svcmiethymt16', 'Hp1020784', 'C100-2111', 4 );
INSERT INTO BASKETCONTAINS VALUES ( 'Chbmhupzzeubodi11', 'Dpnrh1021071', 'C177-1424', 23 );
INSERT INTO BASKETCONTAINS VALUES ( 'Ikihrvgtoj4', 'Tl1020917', 'W845-0900 ', 14 );
INSERT INTO BASKETCONTAINS VALUES ( 'Ffk8', 'Esdyzj1021085', 'W864-8897', 19 );
INSERT INTO BASKETCONTAINS VALUES ( 'Catybzdoiwldypf6', 'Yot1020833', 'W879-0303', 12 );
INSERT INTO BASKETCONTAINS VALUES ( 'Svyflmhazxo14', 'Rl1020819', 'W868-0680', 44 );
INSERT INTO BASKETCONTAINS VALUES ( 'Ozqswvrnx10', 'Ta1021022', 'W144-3123', 19 );
INSERT INTO BASKETCONTAINS VALUES ( 'Ikihrvgtoj4', 'Wchcf1020889', 'C132-2848', 2 );
INSERT INTO BASKETCONTAINS VALUES ( 'Ozqswvrnx10', 'Wvud1021162', 'W113-8133', 45 );
INSERT INTO BASKETCONTAINS VALUES ( 'Nmzqh8', 'Iic1020903', 'C171-5589', 48 );
INSERT INTO BASKETCONTAINS VALUES ( 'Bqpgt17', 'Pbx1021134', 'C101-5601', 41 );
INSERT INTO BASKETCONTAINS VALUES ( 'Npxavpirtrhyas3', 'Vjj1021106', 'C171-6065', 14 );
INSERT INTO BASKETCONTAINS VALUES ( 'Sslcjcn12', 'Esdyzj1021085', 'W879-3841', 47 );
INSERT INTO BASKETCONTAINS VALUES ( 'Nmzqh8', 'Rqtcmr1020980', 'C270-2661', 9 );
INSERT INTO BASKETCONTAINS VALUES ( 'Iqizipc7', 'Nakq1020959', 'W864-9993', 19 );
INSERT INTO BASKETCONTAINS VALUES ( 'Bcynfhfnqvzfwsgrk14', 'Pbx1021134', 'W820-0475', 28 );
INSERT INTO BASKETCONTAINS VALUES ( 'Qrbhg7', 'Adfq1021064', 'W828-0064', 39 );
INSERT INTO BASKETCONTAINS VALUES ( 'Wmwdk16', 'Plxm1020868', 'W864-9993', 9 );
INSERT INTO BASKETCONTAINS VALUES ( 'Icqqqv11', 'Hpqd1020994', 'W113-7949', 14 );
INSERT INTO BASKETCONTAINS VALUES ( 'Uyqjjmm5', 'Zwofi1021057', 'W846-5753', 47 );
INSERT INTO BASKETCONTAINS VALUES ( 'Iqizipc7', 'Wchcf1020889', 'W818-0542', 46 );
INSERT INTO BASKETCONTAINS VALUES ( 'Sslcjcn12', 'Ycinbn1020805', 'W818-2911', 43 );
INSERT INTO BASKETCONTAINS VALUES ( 'Catybzdoiwldypf6', 'Dbuvm1021043', 'W848-9197', 26 );
INSERT INTO BASKETCONTAINS VALUES ( 'Svcmiethymt16', 'Ffxo1021001', 'C171-5589', 43 );
INSERT INTO BASKETCONTAINS VALUES ( 'Rdqedfljb3', 'Iw1020812', 'W864-9993', 22 );
INSERT INTO BASKETCONTAINS VALUES ( 'Nmzqh8', 'Bt1020840', 'W879-0303', 18 );
INSERT INTO BASKETCONTAINS VALUES ( 'Ozqswvrnx10', 'Spephg1021120', 'W818-2911', 45 );
INSERT INTO BASKETCONTAINS VALUES ( 'Wmqmowcejuqlf5', 'Dgf1020945', 'C132-2848', 21 );
INSERT INTO BASKETCONTAINS VALUES ( 'Ozqswvrnx10', 'Tedl1021113', 'C100-2111', 9 );
INSERT INTO BASKETCONTAINS VALUES ( 'Chbmhupzzeubodi11', 'Bbjcxo1020854', 'W899-2442', 9 );
INSERT INTO BASKETCONTAINS VALUES ( 'Bvwxecsjryjm12', 'Ytcav1020882', 'W102-4584', 0 );
INSERT INTO BASKETCONTAINS VALUES ( 'Bsiitxjlzvpfz15', 'Dfhfwu1021169', 'C102-3071', 15 );
INSERT INTO BASKETCONTAINS VALUES ( 'Wmqmowcejuqlf5', 'Rqtcmr1020980', ' C132-1061', 2 );
INSERT INTO BASKETCONTAINS VALUES ( 'Ikihrvgtoj4', 'Asmgh1020875', 'W868-0945', 37 );
INSERT INTO BASKETCONTAINS VALUES ( 'Ikihrvgtoj4', 'Dgf1020945', 'W864-8541 ', 19 );
INSERT INTO BASKETCONTAINS VALUES ( 'Mtb13', 'Iic1020903', 'C132-1070', 2 );
INSERT INTO BASKETCONTAINS VALUES ( 'Wmqmowcejuqlf5', 'Gw1021155', 'C171-5589', 2 );
INSERT INTO BASKETCONTAINS VALUES ( 'Bcynfhfnqvzfwsgrk14', 'Bbjcxo1020854', 'W843-8704 ', 41 );
INSERT INTO BASKETCONTAINS VALUES ( 'Npxavpirtrhyas3', 'Gw1021155', 'W818-0542', 0 );
INSERT INTO BASKETCONTAINS VALUES ( 'Qrbhg7', 'Dbuvm1021043', 'C401-0111', 47 );
INSERT INTO BASKETCONTAINS VALUES ( 'Wmqmowcejuqlf5', 'Ini1020777', 'W818-2911', 45 );
INSERT INTO BASKETCONTAINS VALUES ( 'Sxxbxuyy14', 'Pbx1021134', 'C171-5516', 17 );
INSERT INTO BASKETCONTAINS VALUES ( 'Mtb13', 'Plxm1020868', 'W819-0035', 8 );
INSERT INTO BASKETCONTAINS VALUES ( 'Mtb13', 'Vmoz1021183', 'W879-0011', 14 );
INSERT INTO BASKETCONTAINS VALUES ( 'Nmzqh8', 'Zwofi1021057', 'W879-0011', 15 );
INSERT INTO BASKETCONTAINS VALUES ( 'Uyqjjmm5', 'Ytcav1020882', 'W863-0278', 5 );
INSERT INTO BASKETCONTAINS VALUES ( 'Svcmiethymt16', 'Asmgh1020875', 'W879-4017', 23 );
INSERT INTO BASKETCONTAINS VALUES ( 'Yrnjcwetiqk13', 'Bgn1021127', 'W864-8541 ', 31 );
INSERT INTO BASKETCONTAINS VALUES ( 'Sslcjcn12', 'Ik1020826', 'C166-0915', 44 );
INSERT INTO BASKETCONTAINS VALUES ( 'Inhjdiuruqo5', 'Rudyv1021141', 'W113-7921', 43 );
INSERT INTO BASKETCONTAINS VALUES ( 'Iqizipc7', 'Uwuwi1020931', 'C131-0092', 0 );
INSERT INTO BASKETCONTAINS VALUES ( 'Qrbhg7', 'Zod1020973', 'W144-3123', 49 );
INSERT INTO BASKETCONTAINS VALUES ( 'Mtb13', 'Iic1020903', 'C100-4119', 3 );
INSERT INTO BASKETCONTAINS VALUES ( 'Ozqswvrnx10', 'Bbjcxo1020854', 'W850-4788', 24 );
INSERT INTO BASKETCONTAINS VALUES ( 'Ffk8', 'Pbx1021134', 'W140-1862', 34 );
INSERT INTO BASKETCONTAINS VALUES ( 'Rsmhmhzvvwh16', 'Dsc1021092', 'C270-2661', 9 );
INSERT INTO BASKETCONTAINS VALUES ( 'Catybzdoiwldypf6', 'Wensio1020896', 'W850-0029', 34 );
INSERT INTO BASKETCONTAINS VALUES ( 'Yrnjcwetiqk13', 'Wensio1020896', 'C171-5589', 25 );
INSERT INTO BASKETCONTAINS VALUES ( 'Ffk8', 'Spephg1021120', 'W879-0303', 6 );
INSERT INTO BASKETCONTAINS VALUES ( 'Bvwxecsjryjm12', 'Qlp1021148', 'W899-2442', 17 );
INSERT INTO BASKETCONTAINS VALUES ( 'Rsmhmhzvvwh16', 'Kzc1020847', 'C132-1070', 11 );
INSERT INTO BASKETCONTAINS VALUES ( 'Icqqqv11', 'Zwofi1021057', 'C171-5589', 6 );
INSERT INTO BASKETCONTAINS VALUES ( 'Uyqjjmm5', 'Gw1021155', 'W144-4371', 39 );
INSERT INTO BASKETCONTAINS VALUES ( 'Gezccwkezifeemqy5', 'Iic1020903', 'W833-0439', 26 );
INSERT INTO BASKETCONTAINS VALUES ( 'Uyqjjmm5', 'Zcmvsx1021015', 'C171-6065', 4 );
INSERT INTO BASKETCONTAINS VALUES ( 'Sslcjcn12', 'Rg1020966', 'W144-3123', 37 );
INSERT INTO BASKETCONTAINS VALUES ( 'Svcmiethymt16', 'Iic1020903', 'C177-1406', 38 );
INSERT INTO BASKETCONTAINS VALUES ( 'Rdqedfljb3', 'Ini1020777', 'W847-4821', 31 );
INSERT INTO BASKETCONTAINS VALUES ( 'Svcmiethymt16', 'Jpz1020987', 'W868-0699', 21 );
INSERT INTO BASKETCONTAINS VALUES ( 'Icqqqv11', 'Tl1020917', 'C101-5601', 45 );
INSERT INTO BASKETCONTAINS VALUES ( 'Nmzqh8', 'Zcmvsx1021015', 'W868-0699', 9 );
INSERT INTO BASKETCONTAINS VALUES ( 'Vsupbuh12', 'Hp1020784', 'W846-5753', 15 );
INSERT INTO BASKETCONTAINS VALUES ( 'Rsmhmhzvvwh16', 'Ul1020910', 'C100-4119', 44 );
INSERT INTO BASKETCONTAINS VALUES ( 'Yicvebskfcsqoxp15', 'Iw1020812', 'W846-5753', 25 );
INSERT INTO BASKETCONTAINS VALUES ( 'Bcynfhfnqvzfwsgrk14', 'Wvud1021162', 'W879-3841', 13 );
INSERT INTO BASKETCONTAINS VALUES ( 'Ikihrvgtoj4', 'Rqtcmr1020980', 'W819-0035', 28 );
INSERT INTO BASKETCONTAINS VALUES ( 'Ozqswvrnx10', 'Bt1020840', 'W879-0303', 49 );
INSERT INTO BASKETCONTAINS VALUES ( 'Qrbhg7', 'Jpz1020987', 'C142-0016', 39 );
INSERT INTO BASKETCONTAINS VALUES ( 'Ikihrvgtoj4', 'Ta1021022', 'C100-4119', 6 );
INSERT INTO BASKETCONTAINS VALUES ( 'Icqqqv11', 'Dpnrh1021071', 'W847-4821', 48 );
INSERT INTO BASKETCONTAINS VALUES ( 'Ikihrvgtoj4', 'Vjj1021106', 'C171-6065', 45 );
INSERT INTO BASKETCONTAINS VALUES ( 'Sslcjcn12', 'Ytcav1020882', 'W850-0029', 39 );
INSERT INTO BASKETCONTAINS VALUES ( 'Svcmiethymt16', 'Nakq1020959', 'W850-4788', 3 );
INSERT INTO BASKETCONTAINS VALUES ( 'Xwpalqleajvdnfn8', 'Dsc1021092', 'W864-5304', 12 );
INSERT INTO BASKETCONTAINS VALUES ( 'Gezccwkezifeemqy5', 'Tedl1021113', 'W864-5456', 48 );
INSERT INTO BASKETCONTAINS VALUES ( 'Swzqoonpzxrcemjb5', 'Dian1020938', 'W899-2442', 21 );
INSERT INTO BASKETCONTAINS VALUES ( 'Mtb13', 'Gw1021099', 'W868-0945', 40 );
INSERT INTO BASKETCONTAINS VALUES ( 'Bvwxecsjryjm12', 'Dbuvm1021043', 'W845-0900 ', 11 );
INSERT INTO BASKETCONTAINS VALUES ( 'Ikihrvgtoj4', 'Iic1020903', 'W864-8541 ', 25 );
INSERT INTO BASKETCONTAINS VALUES ( 'Ozqswvrnx10', 'Kzc1020847', 'W850-0029', 31 );
INSERT INTO BASKETCONTAINS VALUES ( 'Icqqqv11', 'Zcmvsx1021015', 'W102-4584', 10 );
INSERT INTO BASKETCONTAINS VALUES ( 'Bcynfhfnqvzfwsgrk14', 'Bbjcxo1020854', 'C131-0092', 23 );
INSERT INTO BASKETCONTAINS VALUES ( 'Gezccwkezifeemqy5', 'Xjchqs1020791', ' C132-1061', 26 );
INSERT INTO BASKETCONTAINS VALUES ( 'Qic6', 'Qlp1021148', 'C100-2102', 12 );
INSERT INTO BASKETCONTAINS VALUES ( 'Bcynfhfnqvzfwsgrk14', 'Zcmvsx1021015', 'W113-8133', 12 );
INSERT INTO BASKETCONTAINS VALUES ( 'Catybzdoiwldypf6', 'Dfhfwu1021169', 'W102-4584', 15 );
INSERT INTO BASKETCONTAINS VALUES ( 'Htjczbd3', 'Rudyv1021141', 'C171-6065', 14 );
INSERT INTO BASKETCONTAINS VALUES ( 'Uyqjjmm5', 'Rqtcmr1020980', 'W820-0475', 23 );
INSERT INTO BASKETCONTAINS VALUES ( 'Ozqswvrnx10', 'Dgf1020945', 'W879-3841', 27 );
INSERT INTO BASKETCONTAINS VALUES ( 'Svcmiethymt16', 'Vjj1021106', 'W847-4821', 36 );
INSERT INTO BASKETCONTAINS VALUES ( 'Sslcjcn12', 'Ytcav1020882', 'C142-0016', 25 );
INSERT INTO BASKETCONTAINS VALUES ( 'Catybzdoiwldypf6', 'Sfaf1021078', 'C171-5589', 4 );
INSERT INTO BASKETCONTAINS VALUES ( 'Catybzdoiwldypf6', 'Dian1020938', 'W864-5456', 6 );
INSERT INTO BASKETCONTAINS VALUES ( 'Ozqswvrnx10', 'Cnwhy1021036', 'C132-2848', 20 );
INSERT INTO BASKETCONTAINS VALUES ( 'Bqpgt17', 'Xjchqs1020791', 'W144-3123', 15 );
INSERT INTO BASKETCONTAINS VALUES ( 'Icqqqv11', 'Yot1020833', 'W888-1818', 23 );
INSERT INTO BASKETCONTAINS VALUES ( 'Wmqmowcejuqlf5', 'Xrwcrj1021050', 'W843-8704 ', 2 );
INSERT INTO BASKETCONTAINS VALUES ( 'Iqizipc7', 'Iic1020903', 'W845-0900 ', 19 );
INSERT INTO BASKETCONTAINS VALUES ( 'Wmqmowcejuqlf5', 'Vjj1021106', 'W828-0064', 42 );
INSERT INTO BASKETCONTAINS VALUES ( 'Ikihrvgtoj4', 'Cnwhy1021036', 'W846-2808', 7 );
INSERT INTO BASKETCONTAINS VALUES ( 'Nmzqh8', 'Bt1020840', 'W833-0439', 12 );
INSERT INTO BASKETCONTAINS VALUES ( 'Ozqswvrnx10', 'Dian1020938', 'W863-0250', 44 );
INSERT INTO BASKETCONTAINS VALUES ( 'Qic6', 'Hpqd1020994', 'W102-4584', 36 );
INSERT INTO BASKETCONTAINS VALUES ( 'Mtb13', 'Dgf1020945', 'C100-2111', 11 );
INSERT INTO BASKETCONTAINS VALUES ( 'Ozqswvrnx10', 'Jh1020770', 'W849-9635', 30 );
INSERT INTO BASKETCONTAINS VALUES ( 'Sxxbxuyy14', 'Sfaf1021078', 'W879-3841', 18 );
INSERT INTO BASKETCONTAINS VALUES ( 'Yqdxknun5', 'Ytcav1020882', 'W113-7921', 25 );
INSERT INTO BASKETCONTAINS VALUES ( 'Wmqmowcejuqlf5', 'Tedl1021113', 'W863-0278', 49 );
INSERT INTO BASKETCONTAINS VALUES ( 'Gezccwkezifeemqy5', 'Hp1020784', 'W843-8704 ', 4 );
INSERT INTO BASKETCONTAINS VALUES ( 'Bvwxecsjryjm12', 'Ini1020777', 'C100-2102', 19 );
INSERT INTO BASKETCONTAINS VALUES ( 'Sxxbxuyy14', 'Esdyzj1021085', 'W868-0680', 19 );
INSERT INTO BASKETCONTAINS VALUES ( 'Wmqmowcejuqlf5', 'Tedl1021113', 'W850-4788', 17 );
INSERT INTO BASKETCONTAINS VALUES ( 'Yqdxknun5', 'Rqtcmr1020980', 'W868-0680', 15 );
INSERT INTO BASKETCONTAINS VALUES ( 'Rdqedfljb3', 'Uwuwi1020931', 'C171-5589', 22 );
INSERT INTO BASKETCONTAINS VALUES ( 'Rdqedfljb3', 'Bgn1021127', 'W864-9595', 28 );
INSERT INTO BASKETCONTAINS VALUES ( 'Yrnjcwetiqk13', 'Sfaf1021078', 'W879-3841', 29 );
INSERT INTO BASKETCONTAINS VALUES ( 'Gezccwkezifeemqy5', 'Dbuvm1021043', 'W820-0022', 11 );
INSERT INTO BASKETCONTAINS VALUES ( 'Uyqjjmm5', 'Dfhfwu1021169', 'W818-2911', 34 );
INSERT INTO BASKETCONTAINS VALUES ( 'Gezccwkezifeemqy5', 'Pbx1021134', 'W820-0022', 8 );
INSERT INTO BASKETCONTAINS VALUES ( 'Ikihrvgtoj4', 'Tl1020917', 'C100-1811', 10 );
INSERT INTO BASKETCONTAINS VALUES ( 'Uyqjjmm5', 'Hpqd1020994', 'W113-7949', 45 );
INSERT INTO BASKETCONTAINS VALUES ( 'Uyqjjmm5', 'Ta1021022', 'W843-8704 ', 37 );
INSERT INTO BASKETCONTAINS VALUES ( 'Qic6', 'Rudyv1021141', 'W875-7238', 6 );
INSERT INTO BASKETCONTAINS VALUES ( 'Ikihrvgtoj4', 'Ul1020910', 'W833-0439', 21 );
INSERT INTO BASKETCONTAINS VALUES ( 'Vsupbuh12', 'Cnwhy1021036', 'C171-5516', 30 );
INSERT INTO BASKETCONTAINS VALUES ( 'Wmqmowcejuqlf5', 'Plxm1020868', 'W864-5456', 30 );
INSERT INTO BASKETCONTAINS VALUES ( 'Gezccwkezifeemqy5', 'Gw1021155', 'W863-0278', 20 );
INSERT INTO BASKETCONTAINS VALUES ( 'Wmwdk16', 'Ini1020777', 'W820-0475', 43 );
INSERT INTO BASKETCONTAINS VALUES ( 'Ozqswvrnx10', 'Wvud1021162', 'C100-4128', 27 );
INSERT INTO BASKETCONTAINS VALUES ( 'Bcynfhfnqvzfwsgrk14', 'Ta1021022', 'W868-0945', 36 );
INSERT INTO BASKETCONTAINS VALUES ( 'Aznbmoqb6', 'Xjchqs1020791', 'W864-5304', 0 );
INSERT INTO BASKETCONTAINS VALUES ( 'Wmwdk16', 'Asmgh1020875', 'C270-2661', 27 );
INSERT INTO BASKETCONTAINS VALUES ( 'Bcynfhfnqvzfwsgrk14', 'Woh1020924', 'C132-2848', 13 );
INSERT INTO BASKETCONTAINS VALUES ( 'Kqoqlrdtrtrny7', 'Qsqurg1021176', 'C177-0805', 19 );
INSERT INTO BASKETCONTAINS VALUES ( 'Htjczbd3', 'Adfq1021064', 'W847-4821', 40 );
INSERT INTO BASKETCONTAINS VALUES ( 'Sxxbxuyy14', 'Jh1020952', 'C101-5601', 26 );
INSERT INTO BASKETCONTAINS VALUES ( 'Wmwdk16', 'Wtqgj1021008', 'W868-0945', 23 );
INSERT INTO BASKETCONTAINS VALUES ( 'Bsiitxjlzvpfz15', 'Wensio1020896', 'C171-5516', 3 );
INSERT INTO BASKETCONTAINS VALUES ( 'Inhjdiuruqo5', 'Dian1020938', 'C270-2661', 7 );
INSERT INTO BASKETCONTAINS VALUES ( 'Sfsdyboowhygzrmov5', 'Nakq1020959', 'W879-3841', 24 );
INSERT INTO BASKETCONTAINS VALUES ( 'Xwpalqleajvdnfn8', 'Xjchqs1020791', 'W868-0945', 32 );
INSERT INTO BASKETCONTAINS VALUES ( 'Rdqedfljb3', 'Ycinbn1020805', 'C171-6065', 13 );
INSERT INTO BASKETCONTAINS VALUES ( 'Npxavpirtrhyas3', 'Xjchqs1020791', 'W864-5313', 22 );
INSERT INTO BASKETCONTAINS VALUES ( 'Nmzqh8', 'Iic1020903', 'C132-1070', 1 );
INSERT INTO BASKETCONTAINS VALUES ( 'Svcmiethymt16', 'Ycinbn1020805', 'W102-4584', 47 );
INSERT INTO BASKETCONTAINS VALUES ( 'Svcmiethymt16', 'Uwuwi1020931', 'W846-5753', 32 );
INSERT INTO BASKETCONTAINS VALUES ( 'Icqqqv11', 'Yywc1020798', 'C100-4128', 41 );
INSERT INTO BASKETCONTAINS VALUES ( 'Bcynfhfnqvzfwsgrk14', 'Iic1020903', 'C171-6065', 23 );
INSERT INTO BASKETCONTAINS VALUES ( 'Bsiitxjlzvpfz15', 'Zwofi1021057', 'W113-8133', 43 );
INSERT INTO BASKETCONTAINS VALUES ( 'Chbmhupzzeubodi11', 'Si1020861', 'C401-0111', 32 );
INSERT INTO BASKETCONTAINS VALUES ( 'Chbmhupzzeubodi11', 'Ik1020826', 'W879-0011', 44 );
INSERT INTO BASKETCONTAINS VALUES ( 'Sfsdyboowhygzrmov5', 'Ini1020777', 'W864-9595', 31 );
INSERT INTO BASKETCONTAINS VALUES ( 'Htjczbd3', 'Dfhfwu1021169', 'C100-1811', 32 );
INSERT INTO BASKETCONTAINS VALUES ( 'Uyqjjmm5', 'Rqtcmr1020980', 'W864-4697', 46 );
INSERT INTO BASKETCONTAINS VALUES ( 'Vsupbuh12', 'Pbx1021134', 'W847-4821', 20 );
INSERT INTO BASKETCONTAINS VALUES ( 'Sfsdyboowhygzrmov5', 'Jh1020770', 'W888-1818', 42 );
INSERT INTO BASKETCONTAINS VALUES ( 'Nmzqh8', 'Ycinbn1020805', 'C132-2848', 39 );
INSERT INTO BASKETCONTAINS VALUES ( 'Ffk8', 'Wvud1021162', 'C100-4119', 27 );
INSERT INTO BASKETCONTAINS VALUES ( 'Sxxbxuyy14', 'Dgf1020945', 'W819-0035', 14 );
INSERT INTO BASKETCONTAINS VALUES ( 'Icqqqv11', 'Dpnrh1021071', 'C101-5601', 36 );
INSERT INTO BASKETCONTAINS VALUES ( 'Gezccwkezifeemqy5', 'Bt1020840', 'C142-0034', 34 );
INSERT INTO BASKETCONTAINS VALUES ( 'Sfsdyboowhygzrmov5', 'Kzc1020847', 'C171-5516', 31 );
INSERT INTO BASKETCONTAINS VALUES ( 'Vsupbuh12', 'Jpz1020987', 'W113-8133', 16 );
INSERT INTO BASKETCONTAINS VALUES ( 'Wmqmowcejuqlf5', 'Esdyzj1021085', 'C401-0148', 13 );
INSERT INTO BASKETCONTAINS VALUES ( 'Svcmiethymt16', 'Spephg1021120', 'W846-2808', 35 );
INSERT INTO BASKETCONTAINS VALUES ( 'Wmqmowcejuqlf5', 'Woh1020924', 'W863-0250', 6 );
INSERT INTO BASKETCONTAINS VALUES ( 'Mtb13', 'Jh1020770', 'W818-0542', 31 );
INSERT INTO BASKETCONTAINS VALUES ( 'Kqoqlrdtrtrny7', 'Tl1020917', 'W102-4584', 0 );


INSERT INTO ORDERCONTAINS VALUES ( ' C132-1061', 'Fsrh1021770', 0, 27 );
INSERT INTO ORDERCONTAINS VALUES ( 'C100-2102', 'Cp1021787', 0, 7 );
INSERT INTO ORDERCONTAINS VALUES ( 'W140-1862', 'Uri1021804', 0, 36 );
INSERT INTO ORDERCONTAINS VALUES ( 'C401-0148', 'F1021821', 0, 13 );
INSERT INTO ORDERCONTAINS VALUES ( 'W818-2911', 'Fpvd1021838', 0, 33 );
INSERT INTO ORDERCONTAINS VALUES ( 'W868-0680', 'J1021855', 0, 35 );
INSERT INTO ORDERCONTAINS VALUES ( 'C171-5516', 'Mjd1021872', 0, 18 );
INSERT INTO ORDERCONTAINS VALUES ( 'C177-1406', 'S1021889', 0, 11 );
INSERT INTO ORDERCONTAINS VALUES ( ' C132-1061', 'Se1021906', 0, 30 );
INSERT INTO ORDERCONTAINS VALUES ( 'C142-0034', 'I1021923', 0, 15 );
INSERT INTO ORDERCONTAINS VALUES ( 'C100-4128', 'Iqss1021940', 0, 25 );
INSERT INTO ORDERCONTAINS VALUES ( 'W843-9961', 'Czl1021957', 0, 13 );
INSERT INTO ORDERCONTAINS VALUES ( 'W140-1862', 'Nmm1021974', 0, 33 );
INSERT INTO ORDERCONTAINS VALUES ( 'W818-2911', 'Ks1021991', 0, 13 );
INSERT INTO ORDERCONTAINS VALUES ( 'W846-2808', 'Is1022008', 0, 23 );
INSERT INTO ORDERCONTAINS VALUES ( 'W868-0559', 'Dw1022025', 0, 14 );
INSERT INTO ORDERCONTAINS VALUES ( 'W879-0011', 'Xprz1022042', 0, 31 );
INSERT INTO ORDERCONTAINS VALUES ( 'C132-1070', 'Z1022059', 0, 46 );
INSERT INTO ORDERCONTAINS VALUES ( 'W818-2911', 'Cd1022076', 0, 6 );
INSERT INTO ORDERCONTAINS VALUES ( 'W879-3841', 'Ldfv1022093', 0, 35 );
INSERT INTO ORDERCONTAINS VALUES ( 'W879-0011', 'Ux1022110', 0, 31 );
INSERT INTO ORDERCONTAINS VALUES ( 'W105-3373', 'L1022127', 0, 6 );
INSERT INTO ORDERCONTAINS VALUES ( 'C142-0034', 'Jmtf1022144', 0, 20 );
INSERT INTO ORDERCONTAINS VALUES ( 'W113-8133', 'Bcfx1022161', 0, 24 );
INSERT INTO ORDERCONTAINS VALUES ( 'W843-9961', 'Awo1022178', 0, 44 );
INSERT INTO ORDERCONTAINS VALUES ( 'C100-4119', 'Aea1022195', 0, 15 );
INSERT INTO ORDERCONTAINS VALUES ( 'W850-0029', 'Rkws1022212', 0, 9 );
INSERT INTO ORDERCONTAINS VALUES ( 'C270-2661', 'C1022229', 0, 9 );
INSERT INTO ORDERCONTAINS VALUES ( 'W850-4788', 'B1022246', 0, 49 );
INSERT INTO ORDERCONTAINS VALUES ( 'W846-5753', 'Teh1022263', 0, 12 );
INSERT INTO ORDERCONTAINS VALUES ( 'W144-4371', 'Ncz1022280', 0, 8 );
INSERT INTO ORDERCONTAINS VALUES ( 'W843-9961', 'Yxr1022297', 0, 4 );
INSERT INTO ORDERCONTAINS VALUES ( 'W144-4371', 'H1022314', 0, 48 );
INSERT INTO ORDERCONTAINS VALUES ( 'W868-0699', 'Wwg1022331', 0, 15 );
INSERT INTO ORDERCONTAINS VALUES ( 'W140-1862', 'Gpbp1022348', 0, 20 );
INSERT INTO ORDERCONTAINS VALUES ( 'C171-6065', 'Bq1022365', 0, 15 );
INSERT INTO ORDERCONTAINS VALUES ( 'W864-5456', 'F1022382', 0, 40 );
INSERT INTO ORDERCONTAINS VALUES ( 'W818-0542', 'K1022399', 0, 27 );
INSERT INTO ORDERCONTAINS VALUES ( 'W863-0250', 'Qv1022416', 0, 22 );
INSERT INTO ORDERCONTAINS VALUES ( 'W102-4584', 'Apq1022433', 0, 34 );
INSERT INTO ORDERCONTAINS VALUES ( 'W864-8897', 'Fpvk1022450', 0, 11 );
INSERT INTO ORDERCONTAINS VALUES ( 'W864-5313', 'C1022467', 0, 41 );
INSERT INTO ORDERCONTAINS VALUES ( 'W144-4371', 'Gb1022484', 0, 37 );
INSERT INTO ORDERCONTAINS VALUES ( 'W113-7949', 'Atv1022501', 0, 43 );
INSERT INTO ORDERCONTAINS VALUES ( 'C166-0915', 'G1022518', 0, 37 );
INSERT INTO ORDERCONTAINS VALUES ( ' C132-1061', 'U1022535', 0, 38 );
INSERT INTO ORDERCONTAINS VALUES ( 'W868-0559', 'Dumq1022552', 0, 43 );
INSERT INTO ORDERCONTAINS VALUES ( 'W846-5753', 'G1022569', 0, 32 );
INSERT INTO ORDERCONTAINS VALUES ( 'W828-0064', 'W1022586', 0, 23 );
INSERT INTO ORDERCONTAINS VALUES ( 'W868-0680', 'N1022603', 0, 11 );
INSERT INTO ORDERCONTAINS VALUES ( 'W843-8704 ', 'F1022620', 0, 6 );
INSERT INTO ORDERCONTAINS VALUES ( 'C102-3071', 'Qbc1022637', 0, 35 );
INSERT INTO ORDERCONTAINS VALUES ( 'W846-5753', 'Pum1022654', 0, 0 );
INSERT INTO ORDERCONTAINS VALUES ( 'W850-4788', 'Afp1022671', 0, 30 );
INSERT INTO ORDERCONTAINS VALUES ( 'C177-0805', 'E1022688', 0, 12 );
INSERT INTO ORDERCONTAINS VALUES ( 'C177-1424', 'Ju1022705', 0, 1 );
INSERT INTO ORDERCONTAINS VALUES ( 'W818-2911', 'N1022722', 0, 9 );
INSERT INTO ORDERCONTAINS VALUES ( 'C177-1424', 'B1022739', 0, 36 );
INSERT INTO ORDERCONTAINS VALUES ( 'C142-0016', 'B1022756', 0, 46 );
INSERT INTO ORDERCONTAINS VALUES ( 'C101-5601', 'X1022773', 0, 21 );
INSERT INTO ORDERCONTAINS VALUES ( 'C142-0016', 'X1022790', 0, 18 );
INSERT INTO ORDERCONTAINS VALUES ( 'W820-0475', 'V1022807', 0, 33 );
INSERT INTO ORDERCONTAINS VALUES ( 'W818-0542', 'Q1022824', 0, 40 );
INSERT INTO ORDERCONTAINS VALUES ( 'W875-7238', 'I1022841', 0, 49 );
INSERT INTO ORDERCONTAINS VALUES ( 'W845-0900 ', 'N1022858', 0, 35 );
INSERT INTO ORDERCONTAINS VALUES ( 'C270-2661', 'Bf1022875', 0, 22 );
INSERT INTO ORDERCONTAINS VALUES ( 'W849-9635', 'Ed1022892', 0, 41 );
INSERT INTO ORDERCONTAINS VALUES ( 'C270-2661', 'K1022909', 0, 16 );
INSERT INTO ORDERCONTAINS VALUES ( 'C401-0148', 'Ve1022926', 0, 20 );
INSERT INTO ORDERCONTAINS VALUES ( 'C101-5610', 'Apr1022943', 0, 35 );
INSERT INTO ORDERCONTAINS VALUES ( 'W843-9961', 'E1022960', 0, 40 );
INSERT INTO ORDERCONTAINS VALUES ( 'C401-0111', 'X1022977', 0, 28 );
INSERT INTO ORDERCONTAINS VALUES ( 'C177-1406', 'Ziv1022994', 0, 45 );
INSERT INTO ORDERCONTAINS VALUES ( 'W818-0542', 'Qiw1023011', 0, 30 );
INSERT INTO ORDERCONTAINS VALUES ( 'W144-3123', 'Kx1023028', 0, 47 );
INSERT INTO ORDERCONTAINS VALUES ( 'C132-2848', 'Un1023045', 0, 13 );
INSERT INTO ORDERCONTAINS VALUES ( 'C100-2102', 'O1023062', 0, 42 );
INSERT INTO ORDERCONTAINS VALUES ( 'W850-0029', 'Plzi1023079', 0, 28 );
INSERT INTO ORDERCONTAINS VALUES ( 'C142-0034', 'Xl1023096', 0, 20 );
INSERT INTO ORDERCONTAINS VALUES ( ' C132-1061', 'Vlei1023113', 0, 23 );
INSERT INTO ORDERCONTAINS VALUES ( 'W879-0303', 'Cru1023130', 0, 20 );
INSERT INTO ORDERCONTAINS VALUES ( 'C100-4128', 'Kgh1023147', 0, 20 );
INSERT INTO ORDERCONTAINS VALUES ( 'W850-0029', 'Q1023164', 0, 26 );
INSERT INTO ORDERCONTAINS VALUES ( 'C270-2661', 'Bq1023181', 0, 31 );
INSERT INTO ORDERCONTAINS VALUES ( 'W846-5753', 'Wbxg1023198', 0, 44 );
INSERT INTO ORDERCONTAINS VALUES ( 'C131-0092', 'Hwa1023215', 0, 17 );
INSERT INTO ORDERCONTAINS VALUES ( 'W863-0250', 'Wns1023232', 0, 15 );
INSERT INTO ORDERCONTAINS VALUES ( 'W864-5304', 'Kh1023249', 0, 2 );
INSERT INTO ORDERCONTAINS VALUES ( 'C100-4119', 'Rh1023266', 0, 5 );
INSERT INTO ORDERCONTAINS VALUES ( 'W864-5456', 'S1023283', 0, 37 );
INSERT INTO ORDERCONTAINS VALUES ( 'W864-9993', 'A1023300', 0, 0 );
INSERT INTO ORDERCONTAINS VALUES ( 'C132-1070', 'Kl1023317', 0, 29 );
INSERT INTO ORDERCONTAINS VALUES ( 'W828-0064', 'El1023334', 0, 41 );
INSERT INTO ORDERCONTAINS VALUES ( 'W847-4821', 'Da1023351', 0, 38 );
INSERT INTO ORDERCONTAINS VALUES ( 'W820-0022', 'S1023368', 0, 14 );
INSERT INTO ORDERCONTAINS VALUES ( 'W843-9961', 'Y1023385', 0, 43 );
INSERT INTO ORDERCONTAINS VALUES ( 'C166-0915', 'Ukb1023402', 0, 10 );
INSERT INTO ORDERCONTAINS VALUES ( 'W879-0303', 'N1023419', 0, 32 );
INSERT INTO ORDERCONTAINS VALUES ( 'W144-3123', 'Vnlm1023436', 0, 25 );
INSERT INTO ORDERCONTAINS VALUES ( 'C100-4128', 'Hmiq1023453', 0, 42 );
INSERT INTO ORDERCONTAINS VALUES ( 'C100-1811', 'Ov1023470', 0, 34 );
INSERT INTO ORDERCONTAINS VALUES ( 'W102-4584', 'Oyll1023487', 0, 33 );
INSERT INTO ORDERCONTAINS VALUES ( 'C132-1070', 'Vu1023504', 0, 6 );
INSERT INTO ORDERCONTAINS VALUES ( 'W144-4371', 'I1023521', 0, 13 );
INSERT INTO ORDERCONTAINS VALUES ( 'C100-4128', 'Pzyf1023538', 0, 36 );
INSERT INTO ORDERCONTAINS VALUES ( 'W820-0022', 'Epj1023555', 0, 44 );
INSERT INTO ORDERCONTAINS VALUES ( 'W140-1862', 'Yrl1023572', 0, 41 );
INSERT INTO ORDERCONTAINS VALUES ( 'C171-5516', 'Rch1023589', 0, 47 );
INSERT INTO ORDERCONTAINS VALUES ( 'W879-0303', 'Qu1023606', 0, 40 );
INSERT INTO ORDERCONTAINS VALUES ( 'W868-0559', 'D1023623', 0, 0 );
INSERT INTO ORDERCONTAINS VALUES ( 'W105-3373', 'Oyk1023640', 0, 48 );
INSERT INTO ORDERCONTAINS VALUES ( 'W864-5313', 'Hrxn1023657', 0, 33 );
INSERT INTO ORDERCONTAINS VALUES ( 'C142-0016', 'Yhea1023674', 0, 34 );
INSERT INTO ORDERCONTAINS VALUES ( 'C132-1070', 'Zm1023691', 0, 18 );
INSERT INTO ORDERCONTAINS VALUES ( 'C270-2661', 'Qgx1023708', 0, 15 );
INSERT INTO ORDERCONTAINS VALUES ( 'C171-5516', 'Ttnc1023725', 0, 29 );
INSERT INTO ORDERCONTAINS VALUES ( 'W113-8133', 'G1023742', 0, 14 );
INSERT INTO ORDERCONTAINS VALUES ( 'W848-9197', 'A1023759', 0, 49 );
INSERT INTO ORDERCONTAINS VALUES ( 'W879-4017', 'Ad1023776', 0, 32 );
INSERT INTO ORDERCONTAINS VALUES ( 'W864-8897', 'Sf1023793', 0, 5 );
INSERT INTO ORDERCONTAINS VALUES ( ' C132-1061', 'L1023810', 0, 11 );
INSERT INTO ORDERCONTAINS VALUES ( 'W819-0035', 'Q1023827', 0, 7 );
INSERT INTO ORDERCONTAINS VALUES ( 'W879-3841', 'Zb1023844', 0, 19 );
INSERT INTO ORDERCONTAINS VALUES ( 'W846-2808', 'Ao1023861', 0, 47 );
INSERT INTO ORDERCONTAINS VALUES ( 'W140-1862', 'Bi1023878', 0, 40 );
INSERT INTO ORDERCONTAINS VALUES ( 'W144-3123', 'C1023895', 0, 38 );
INSERT INTO ORDERCONTAINS VALUES ( 'W849-9635', 'D1023912', 0, 11 );
INSERT INTO ORDERCONTAINS VALUES ( 'W868-0945', 'Sml1023929', 0, 7 );
INSERT INTO ORDERCONTAINS VALUES ( 'W864-8897', 'Apl1023946', 0, 47 );
INSERT INTO ORDERCONTAINS VALUES ( 'C171-5589', 'A1023963', 0, 43 );
INSERT INTO ORDERCONTAINS VALUES ( 'W879-4017', 'Ztf1023980', 0, 15 );
INSERT INTO ORDERCONTAINS VALUES ( 'C101-5601', 'Z1023997', 0, 44 );
INSERT INTO ORDERCONTAINS VALUES ( 'C401-0111', 'H1024014', 0, 31 );
INSERT INTO ORDERCONTAINS VALUES ( 'C171-5589', 'Z1024031', 0, 47 );
INSERT INTO ORDERCONTAINS VALUES ( 'W868-0699', 'Wcd1024048', 0, 35 );
INSERT INTO ORDERCONTAINS VALUES ( 'C100-2102', 'A1024065', 0, 8 );
INSERT INTO ORDERCONTAINS VALUES ( 'W864-5456', 'Lrk1024082', 0, 18 );
INSERT INTO ORDERCONTAINS VALUES ( 'W879-3841', 'Hbjy1024099', 0, 15 );
INSERT INTO ORDERCONTAINS VALUES ( 'W144-4371', 'Xqrp1024116', 0, 43 );
INSERT INTO ORDERCONTAINS VALUES ( 'W899-2442', 'Y1024133', 0, 33 );
INSERT INTO ORDERCONTAINS VALUES ( 'W849-9635', 'Jp1024150', 0, 22 );
INSERT INTO ORDERCONTAINS VALUES ( 'W818-0542', 'Hewh1024167', 0, 10 );
INSERT INTO ORDERCONTAINS VALUES ( 'C131-0092', 'Kkal1024184', 0, 37 );
INSERT INTO ORDERCONTAINS VALUES ( 'W899-2442', 'Srs1024201', 0, 28 );
INSERT INTO ORDERCONTAINS VALUES ( 'W879-4017', 'S1024218', 0, 16 );
INSERT INTO ORDERCONTAINS VALUES ( 'C171-6065', 'U1024235', 0, 27 );
INSERT INTO ORDERCONTAINS VALUES ( 'W863-0278', 'Bl1024252', 0, 7 );
INSERT INTO ORDERCONTAINS VALUES ( 'W848-9197', 'Mdj1024269', 0, 35 );
INSERT INTO ORDERCONTAINS VALUES ( 'W864-5456', 'Sc1024286', 0, 15 );
INSERT INTO ORDERCONTAINS VALUES ( 'W849-9635', 'Erl1024303', 0, 11 );
INSERT INTO ORDERCONTAINS VALUES ( 'W828-0019', 'Sn1024320', 0, 5 );
INSERT INTO ORDERCONTAINS VALUES ( 'C132-1070', 'T1024337', 0, 37 );
INSERT INTO ORDERCONTAINS VALUES ( 'W819-0035', 'Sarm1024354', 0, 2 );
INSERT INTO ORDERCONTAINS VALUES ( 'W144-4371', 'G1024371', 0, 15 );
INSERT INTO ORDERCONTAINS VALUES ( 'C101-5610', 'B1024388', 0, 49 );
INSERT INTO ORDERCONTAINS VALUES ( 'W864-5313', 'Rkz1024405', 0, 9 );
INSERT INTO ORDERCONTAINS VALUES ( 'W819-0035', 'W1024422', 0, 11 );
INSERT INTO ORDERCONTAINS VALUES ( 'C177-1424', 'H1024439', 0, 11 );
INSERT INTO ORDERCONTAINS VALUES ( 'C166-0915', 'Fcgf1024456', 0, 37 );
INSERT INTO ORDERCONTAINS VALUES ( 'C100-2111', 'Lue1024473', 0, 48 );
INSERT INTO ORDERCONTAINS VALUES ( 'W868-0699', 'Clj1024490', 0, 34 );
INSERT INTO ORDERCONTAINS VALUES ( 'C177-1406', 'B1024507', 0, 42 );
INSERT INTO ORDERCONTAINS VALUES ( 'W864-9595', 'Bet1024524', 0, 17 );
INSERT INTO ORDERCONTAINS VALUES ( 'W879-4017', 'Lw1024541', 0, 28 );
INSERT INTO ORDERCONTAINS VALUES ( 'W864-8541 ', 'Pamd1024558', 0, 20 );
INSERT INTO ORDERCONTAINS VALUES ( 'W864-4697', 'Gd1024575', 0, 48 );
INSERT INTO ORDERCONTAINS VALUES ( 'C100-4119', 'S1024592', 0, 42 );
INSERT INTO ORDERCONTAINS VALUES ( 'W140-1862', 'Ovi1024609', 0, 13 );
INSERT INTO ORDERCONTAINS VALUES ( 'C142-0016', 'Gfc1024626', 0, 42 );
INSERT INTO ORDERCONTAINS VALUES ( 'W864-9993', 'Q1024643', 0, 6 );
INSERT INTO ORDERCONTAINS VALUES ( 'W845-0900 ', 'M1024660', 0, 22 );
INSERT INTO ORDERCONTAINS VALUES ( 'W864-9595', 'Gsw1024677', 0, 1 );
INSERT INTO ORDERCONTAINS VALUES ( 'W144-3123', 'Mlzf1024694', 0, 11 );
INSERT INTO ORDERCONTAINS VALUES ( 'W879-0011', 'H1024711', 0, 9 );
INSERT INTO ORDERCONTAINS VALUES ( 'W864-9993', 'Eics1024728', 0, 32 );
INSERT INTO ORDERCONTAINS VALUES ( 'C177-0805', 'Ny1024745', 0, 5 );
INSERT INTO ORDERCONTAINS VALUES ( 'W144-4371', 'Al1024762', 0, 27 );
INSERT INTO ORDERCONTAINS VALUES ( 'C142-0016', 'Ukcr1024779', 0, 43 );
INSERT INTO ORDERCONTAINS VALUES ( 'W819-0026', 'Mig1024796', 0, 2 );
INSERT INTO ORDERCONTAINS VALUES ( 'W875-7238', 'D1024813', 0, 33 );
INSERT INTO ORDERCONTAINS VALUES ( 'C177-1424', 'Ulyi1024830', 0, 33 );
INSERT INTO ORDERCONTAINS VALUES ( 'W864-9595', 'C1024847', 0, 34 );
INSERT INTO ORDERCONTAINS VALUES ( 'C270-2661', 'P1024864', 0, 25 );
INSERT INTO ORDERCONTAINS VALUES ( 'W864-8897', 'Nc1024881', 0, 43 );
INSERT INTO ORDERCONTAINS VALUES ( 'W879-0303', 'K1024898', 0, 6 );
INSERT INTO ORDERCONTAINS VALUES ( 'W868-0699', 'Nfw1024915', 0, 4 );
INSERT INTO ORDERCONTAINS VALUES ( 'C132-1070', 'Rktr1024932', 0, 21 );
INSERT INTO ORDERCONTAINS VALUES ( 'C171-5589', 'P1024949', 0, 17 );
INSERT INTO ORDERCONTAINS VALUES ( 'C102-3071', 'Vwlr1024966', 0, 36 );
INSERT INTO ORDERCONTAINS VALUES ( 'W828-0019', 'Fnxa1024983', 0, 20 );
INSERT INTO ORDERCONTAINS VALUES ( 'W843-8704 ', 'Xi1025000', 0, 42 );
INSERT INTO ORDERCONTAINS VALUES ( 'W864-9595', 'E1025017', 0, 22 );
INSERT INTO ORDERCONTAINS VALUES ( 'C177-1424', 'Rfdn1025034', 0, 9 );
INSERT INTO ORDERCONTAINS VALUES ( 'W863-0278', 'G1025051', 0, 44 );
INSERT INTO ORDERCONTAINS VALUES ( 'W140-1862', 'Gqfa1025068', 0, 43 );
INSERT INTO ORDERCONTAINS VALUES ( 'C142-0016', 'Gfwr1025085', 0, 28 );
INSERT INTO ORDERCONTAINS VALUES ( 'W105-3373', 'Pvu1025102', 0, 31 );
INSERT INTO ORDERCONTAINS VALUES ( 'C100-1811', 'Udcf1025119', 0, 29 );
INSERT INTO ORDERCONTAINS VALUES ( 'C132-2848', 'Pd1025136', 0, 42 );
INSERT INTO ORDERCONTAINS VALUES ( 'W868-0559', 'Ho1025153', 0, 48 );
INSERT INTO ORDERCONTAINS VALUES ( 'W850-4788', 'C1022229', 0, 45 );
INSERT INTO ORDERCONTAINS VALUES ( 'W868-0699', 'Kx1023028', 0, 0 );
INSERT INTO ORDERCONTAINS VALUES ( 'C131-0092', 'X1022977', 0, 34 );
INSERT INTO ORDERCONTAINS VALUES ( 'W868-0699', 'Se1021906', 0, 1 );
INSERT INTO ORDERCONTAINS VALUES ( 'W864-5313', 'B1022246', 0, 13 );
INSERT INTO ORDERCONTAINS VALUES ( 'W113-7921', 'N1022603', 0, 31 );
INSERT INTO ORDERCONTAINS VALUES ( 'W868-0559', 'C1023895', 0, 10 );
INSERT INTO ORDERCONTAINS VALUES ( 'W144-4371', 'A1023759', 0, 31 );
INSERT INTO ORDERCONTAINS VALUES ( 'W102-4584', 'Vwlr1024966', 0, 46 );
INSERT INTO ORDERCONTAINS VALUES ( 'W140-1862', 'Al1024762', 0, 29 );
INSERT INTO ORDERCONTAINS VALUES ( 'W828-0064', 'Ks1021991', 0, 37 );
INSERT INTO ORDERCONTAINS VALUES ( 'W144-3123', 'Z1022059', 0, 9 );
INSERT INTO ORDERCONTAINS VALUES ( 'C177-1406', 'Bet1024524', 0, 24 );
INSERT INTO ORDERCONTAINS VALUES ( 'W848-9197', 'A1023963', 0, 17 );
INSERT INTO ORDERCONTAINS VALUES ( 'C100-4128', 'Rfdn1025034', 0, 38 );
INSERT INTO ORDERCONTAINS VALUES ( 'C100-1811', 'Vwlr1024966', 0, 20 );
INSERT INTO ORDERCONTAINS VALUES ( 'C102-3071', 'Cru1023130', 0, 45 );
INSERT INTO ORDERCONTAINS VALUES ( 'W868-0945', 'Zm1023691', 0, 33 );
INSERT INTO ORDERCONTAINS VALUES ( 'C401-0148', 'Mjd1021872', 0, 10 );
INSERT INTO ORDERCONTAINS VALUES ( 'C101-5610', 'F1022620', 0, 29 );
INSERT INTO ORDERCONTAINS VALUES ( 'C177-1406', 'W1022586', 0, 6 );
INSERT INTO ORDERCONTAINS VALUES ( 'W864-5456', 'Apq1022433', 0, 41 );
INSERT INTO ORDERCONTAINS VALUES ( 'W847-4821', 'Hwa1023215', 0, 14 );
INSERT INTO ORDERCONTAINS VALUES ( 'W144-3123', 'D1023623', 0, 24 );
INSERT INTO ORDERCONTAINS VALUES ( 'C142-0016', 'Se1021906', 0, 33 );
INSERT INTO ORDERCONTAINS VALUES ( 'C171-5516', 'Ztf1023980', 0, 33 );
INSERT INTO ORDERCONTAINS VALUES ( 'W864-4697', 'Pvu1025102', 0, 19 );
INSERT INTO ORDERCONTAINS VALUES ( 'C171-6065', 'Bet1024524', 0, 32 );
INSERT INTO ORDERCONTAINS VALUES ( 'C171-6065', 'Rkz1024405', 0, 17 );
INSERT INTO ORDERCONTAINS VALUES ( 'W144-3123', 'Apq1022433', 0, 35 );
INSERT INTO ORDERCONTAINS VALUES ( 'W846-2808', 'Apq1022433', 0, 17 );
INSERT INTO ORDERCONTAINS VALUES ( 'C171-5589', 'Ttnc1023725', 0, 11 );
INSERT INTO ORDERCONTAINS VALUES ( 'C131-0092', 'S1023283', 0, 40 );
INSERT INTO ORDERCONTAINS VALUES ( 'W140-1862', 'N1022603', 0, 2 );
INSERT INTO ORDERCONTAINS VALUES ( 'W864-9993', 'Teh1022263', 0, 3 );
INSERT INTO ORDERCONTAINS VALUES ( 'C177-1406', 'Jmtf1022144', 0, 21 );
INSERT INTO ORDERCONTAINS VALUES ( 'W868-0945', 'Lrk1024082', 0, 29 );
INSERT INTO ORDERCONTAINS VALUES ( 'W843-9961', 'Qiw1023011', 0, 18 );
INSERT INTO ORDERCONTAINS VALUES ( 'W843-9961', 'Gfc1024626', 0, 15 );
INSERT INTO ORDERCONTAINS VALUES ( 'W113-7949', 'G1023742', 0, 6 );
INSERT INTO ORDERCONTAINS VALUES ( 'W899-2442', 'Ulyi1024830', 0, 16 );
INSERT INTO ORDERCONTAINS VALUES ( 'W864-9595', 'N1022858', 0, 29 );
INSERT INTO ORDERCONTAINS VALUES ( 'C101-5610', 'Wbxg1023198', 0, 0 );
INSERT INTO ORDERCONTAINS VALUES ( 'W879-0303', 'Plzi1023079', 0, 49 );
INSERT INTO ORDERCONTAINS VALUES ( 'W864-4697', 'H1024711', 0, 32 );
INSERT INTO ORDERCONTAINS VALUES ( 'C100-4128', 'Gfwr1025085', 0, 16 );
INSERT INTO ORDERCONTAINS VALUES ( 'C171-6065', 'Un1023045', 0, 9 );
INSERT INTO ORDERCONTAINS VALUES ( 'C100-2102', 'Kgh1023147', 0, 22 );
INSERT INTO ORDERCONTAINS VALUES ( 'W113-7949', 'Y1023385', 0, 25 );
INSERT INTO ORDERCONTAINS VALUES ( 'C401-0111', 'G1022569', 0, 14 );
INSERT INTO ORDERCONTAINS VALUES ( 'W843-9961', 'Xprz1022042', 0, 41 );
INSERT INTO ORDERCONTAINS VALUES ( 'C100-1811', 'Kx1023028', 0, 20 );
INSERT INTO ORDERCONTAINS VALUES ( 'C101-5601', 'Ju1022705', 0, 18 );
INSERT INTO ORDERCONTAINS VALUES ( 'W113-8133', 'E1022960', 0, 3 );
INSERT INTO ORDERCONTAINS VALUES ( 'C100-1811', 'B1022756', 0, 36 );
INSERT INTO ORDERCONTAINS VALUES ( 'W879-4017', 'I1021923', 0, 18 );
INSERT INTO ORDERCONTAINS VALUES ( 'W868-0945', 'W1024422', 0, 10 );
INSERT INTO ORDERCONTAINS VALUES ( 'C171-5516', 'A1023963', 0, 14 );
INSERT INTO ORDERCONTAINS VALUES ( 'W864-9993', 'Xqrp1024116', 0, 12 );
INSERT INTO ORDERCONTAINS VALUES ( 'W864-5304', 'Kh1023249', 0, 6 );
INSERT INTO ORDERCONTAINS VALUES ( 'W863-0278', 'Un1023045', 0, 0 );
INSERT INTO ORDERCONTAINS VALUES ( 'C100-4119', 'Sf1023793', 0, 8 );
INSERT INTO ORDERCONTAINS VALUES ( 'C131-0092', 'W1022586', 0, 9 );
INSERT INTO ORDERCONTAINS VALUES ( 'W818-2911', 'S1023368', 0, 23 );
INSERT INTO ORDERCONTAINS VALUES ( 'W144-3123', 'Y1023385', 0, 34 );
INSERT INTO ORDERCONTAINS VALUES ( ' C132-1061', 'B1022246', 0, 27 );
INSERT INTO ORDERCONTAINS VALUES ( 'W818-2911', 'Ztf1023980', 0, 26 );
INSERT INTO ORDERCONTAINS VALUES ( 'C401-0111', 'E1022688', 0, 13 );
INSERT INTO ORDERCONTAINS VALUES ( 'W850-0029', 'Fpvk1022450', 0, 47 );
INSERT INTO ORDERCONTAINS VALUES ( 'C166-0915', 'Ks1021991', 0, 31 );
INSERT INTO ORDERCONTAINS VALUES ( 'W864-5456', 'J1021855', 0, 18 );
INSERT INTO ORDERCONTAINS VALUES ( 'C100-4119', 'Bi1023878', 0, 13 );
INSERT INTO ORDERCONTAINS VALUES ( 'C100-2111', 'Gpbp1022348', 0, 22 );
INSERT INTO ORDERCONTAINS VALUES ( 'W848-9197', 'Pvu1025102', 0, 23 );
INSERT INTO ORDERCONTAINS VALUES ( 'W105-3373', 'U1024235', 0, 44 );
INSERT INTO ORDERCONTAINS VALUES ( 'C177-0805', 'H1022314', 0, 29 );
INSERT INTO ORDERCONTAINS VALUES ( 'C101-5610', 'Sarm1024354', 0, 14 );
INSERT INTO ORDERCONTAINS VALUES ( 'W863-0250', 'Bcfx1022161', 0, 30 );
INSERT INTO ORDERCONTAINS VALUES ( 'W105-3373', 'Dw1022025', 0, 33 );
INSERT INTO ORDERCONTAINS VALUES ( 'C100-2102', 'Ny1024745', 0, 23 );
INSERT INTO ORDERCONTAINS VALUES ( 'W864-8541 ', 'F1022620', 0, 4 );
INSERT INTO ORDERCONTAINS VALUES ( 'C171-6065', 'Ovi1024609', 0, 46 );
INSERT INTO ORDERCONTAINS VALUES ( 'W819-0026', 'H1024711', 0, 38 );
INSERT INTO ORDERCONTAINS VALUES ( 'W863-0250', 'Q1024643', 0, 49 );
INSERT INTO ORDERCONTAINS VALUES ( 'W847-4821', 'Hwa1023215', 0, 3 );
INSERT INTO ORDERCONTAINS VALUES ( 'W833-0439', 'L1022127', 0, 37 );
INSERT INTO ORDERCONTAINS VALUES ( 'W850-4788', 'U1022535', 0, 21 );
INSERT INTO ORDERCONTAINS VALUES ( 'W864-8541 ', 'Gfwr1025085', 0, 20 );
INSERT INTO ORDERCONTAINS VALUES ( 'W140-1862', 'Qiw1023011', 0, 4 );
INSERT INTO ORDERCONTAINS VALUES ( 'C177-0805', 'Yxr1022297', 0, 45 );
INSERT INTO ORDERCONTAINS VALUES ( 'W144-4371', 'Iqss1021940', 0, 2 );
INSERT INTO ORDERCONTAINS VALUES ( 'W843-9961', 'Lrk1024082', 0, 8 );
INSERT INTO ORDERCONTAINS VALUES ( 'C401-0148', 'W1022586', 0, 12 );
INSERT INTO ORDERCONTAINS VALUES ( 'W875-7238', 'Teh1022263', 0, 10 );
INSERT INTO ORDERCONTAINS VALUES ( 'W863-0250', 'H1024014', 0, 40 );
INSERT INTO ORDERCONTAINS VALUES ( 'W864-4697', 'B1022246', 0, 2 );
INSERT INTO ORDERCONTAINS VALUES ( 'W846-5753', 'Ulyi1024830', 0, 26 );
INSERT INTO ORDERCONTAINS VALUES ( 'W818-0542', 'K1022399', 0, 38 );
INSERT INTO ORDERCONTAINS VALUES ( 'C100-1811', 'Xl1023096', 0, 22 );
INSERT INTO ORDERCONTAINS VALUES ( 'C100-4119', 'Bf1022875', 0, 20 );
INSERT INTO ORDERCONTAINS VALUES ( 'W113-8133', 'G1025051', 0, 47 );
INSERT INTO ORDERCONTAINS VALUES ( 'W864-5313', 'Is1022008', 0, 22 );
INSERT INTO ORDERCONTAINS VALUES ( 'W820-0475', 'Da1023351', 0, 11 );
INSERT INTO ORDERCONTAINS VALUES ( 'W868-0680', 'Fcgf1024456', 0, 16 );
INSERT INTO ORDERCONTAINS VALUES ( 'C177-1406', 'Hwa1023215', 0, 37 );
INSERT INTO ORDERCONTAINS VALUES ( 'C100-2111', 'Z1023997', 0, 23 );
INSERT INTO ORDERCONTAINS VALUES ( 'W846-5753', 'Qgx1023708', 0, 37 );
INSERT INTO ORDERCONTAINS VALUES ( 'W846-5753', 'Hewh1024167', 0, 21 );
INSERT INTO ORDERCONTAINS VALUES ( 'W819-0026', 'D1023623', 0, 43 );
INSERT INTO ORDERCONTAINS VALUES ( 'W144-4371', 'Da1023351', 0, 21 );
INSERT INTO ORDERCONTAINS VALUES ( 'C166-0915', 'Rch1023589', 0, 7 );
INSERT INTO ORDERCONTAINS VALUES ( 'C100-4128', 'G1023742', 0, 34 );
INSERT INTO ORDERCONTAINS VALUES ( 'W833-0439', 'G1024371', 0, 16 );
INSERT INTO ORDERCONTAINS VALUES ( 'W818-2911', 'Srs1024201', 0, 7 );
INSERT INTO ORDERCONTAINS VALUES ( 'W845-0900 ', 'Xi1025000', 0, 24 );
INSERT INTO ORDERCONTAINS VALUES ( 'W847-4821', 'S1023368', 0, 13 );
INSERT INTO ORDERCONTAINS VALUES ( 'W818-2911', 'Epj1023555', 0, 29 );
INSERT INTO ORDERCONTAINS VALUES ( 'C100-4128', 'H1024439', 0, 30 );
INSERT INTO ORDERCONTAINS VALUES ( 'W819-0026', 'Ju1022705', 0, 3 );
INSERT INTO ORDERCONTAINS VALUES ( 'C177-1424', 'Kl1023317', 0, 14 );
INSERT INTO ORDERCONTAINS VALUES ( 'W818-2911', 'G1024371', 0, 22 );
INSERT INTO ORDERCONTAINS VALUES ( 'W879-4017', 'C1023895', 0, 16 );
INSERT INTO ORDERCONTAINS VALUES ( 'C100-1811', 'Kl1023317', 0, 24 );
INSERT INTO ORDERCONTAINS VALUES ( 'W863-0278', 'Sn1024320', 0, 26 );
INSERT INTO ORDERCONTAINS VALUES ( 'W105-3373', 'Iqss1021940', 0, 46 );
INSERT INTO ORDERCONTAINS VALUES ( 'W888-1818', 'Q1023827', 0, 41 );
INSERT INTO ORDERCONTAINS VALUES ( 'C100-2111', 'Jmtf1022144', 0, 48 );
INSERT INTO ORDERCONTAINS VALUES ( 'C401-0111', 'H1024439', 0, 5 );
INSERT INTO ORDERCONTAINS VALUES ( 'C171-5589', 'Bet1024524', 0, 17 );
INSERT INTO ORDERCONTAINS VALUES ( 'W833-0439', 'C1022229', 0, 29 );
INSERT INTO ORDERCONTAINS VALUES ( 'W144-3123', 'G1025051', 0, 15 );
INSERT INTO ORDERCONTAINS VALUES ( 'W850-4788', 'Nc1024881', 0, 37 );
INSERT INTO ORDERCONTAINS VALUES ( 'W144-4371', 'Xl1023096', 0, 2 );
INSERT INTO ORDERCONTAINS VALUES ( 'C132-2848', 'A1023300', 0, 14 );
INSERT INTO ORDERCONTAINS VALUES ( 'W843-9961', 'E1025017', 0, 24 );
INSERT INTO ORDERCONTAINS VALUES ( 'C171-6065', 'Kgh1023147', 0, 25 );
INSERT INTO ORDERCONTAINS VALUES ( 'C177-1424', 'Is1022008', 0, 47 );
INSERT INTO ORDERCONTAINS VALUES ( 'W140-1862', 'Pum1022654', 0, 47 );
INSERT INTO ORDERCONTAINS VALUES ( 'C166-0915', 'N1023419', 0, 47 );
INSERT INTO ORDERCONTAINS VALUES ( 'W828-0064', 'B1022756', 0, 38 );
INSERT INTO ORDERCONTAINS VALUES ( 'W863-0278', 'Gb1022484', 0, 17 );
INSERT INTO ORDERCONTAINS VALUES ( 'C401-0111', 'Teh1022263', 0, 49 );
INSERT INTO ORDERCONTAINS VALUES ( 'W863-0250', 'Dw1022025', 0, 10 );
INSERT INTO ORDERCONTAINS VALUES ( 'W828-0019', 'Pzyf1023538', 0, 20 );
INSERT INTO ORDERCONTAINS VALUES ( 'W847-4821', 'Kl1023317', 0, 26 );
INSERT INTO ORDERCONTAINS VALUES ( 'C401-0148', 'Pzyf1023538', 0, 38 );
INSERT INTO ORDERCONTAINS VALUES ( 'W846-2808', 'Ztf1023980', 0, 27 );
INSERT INTO ORDERCONTAINS VALUES ( 'W848-9197', 'Kx1023028', 0, 39 );
INSERT INTO ORDERCONTAINS VALUES ( 'C166-0915', 'Ulyi1024830', 0, 31 );
INSERT INTO ORDERCONTAINS VALUES ( 'W864-8541 ', 'G1022518', 0, 48 );
INSERT INTO ORDERCONTAINS VALUES ( 'C131-0092', 'I1022841', 0, 26 );
INSERT INTO ORDERCONTAINS VALUES ( 'C177-0805', 'Lrk1024082', 0, 45 );
INSERT INTO ORDERCONTAINS VALUES ( 'W848-9197', 'Gqfa1025068', 0, 48 );
INSERT INTO ORDERCONTAINS VALUES ( 'W843-8704 ', 'Aea1022195', 0, 29 );
INSERT INTO ORDERCONTAINS VALUES ( 'W105-3373', 'P1024864', 0, 21 );
INSERT INTO ORDERCONTAINS VALUES ( 'C131-0092', 'N1022858', 0, 7 );
INSERT INTO ORDERCONTAINS VALUES ( 'C102-3071', 'Ukb1023402', 0, 28 );
INSERT INTO ORDERCONTAINS VALUES ( 'W864-5313', 'Rkz1024405', 0, 35 );
INSERT INTO ORDERCONTAINS VALUES ( 'W879-0303', 'D1024813', 0, 45 );
INSERT INTO ORDERCONTAINS VALUES ( 'W868-0680', 'Y1024133', 0, 6 );
INSERT INTO ORDERCONTAINS VALUES ( 'W847-4821', 'I1022841', 0, 38 );
INSERT INTO ORDERCONTAINS VALUES ( 'C142-0034', 'E1022960', 0, 22 );
INSERT INTO ORDERCONTAINS VALUES ( 'W849-9635', 'Ux1022110', 0, 5 );
INSERT INTO ORDERCONTAINS VALUES ( 'W820-0475', 'I1022841', 0, 46 );
INSERT INTO ORDERCONTAINS VALUES ( 'W105-3373', 'Eics1024728', 0, 39 );
INSERT INTO ORDERCONTAINS VALUES ( 'W868-0699', 'Vnlm1023436', 0, 49 );
INSERT INTO ORDERCONTAINS VALUES ( 'W868-0680', 'C1022229', 0, 47 );
INSERT INTO ORDERCONTAINS VALUES ( 'W140-1862', 'Kkal1024184', 0, 10 );
INSERT INTO ORDERCONTAINS VALUES ( 'W819-0026', 'Xl1023096', 0, 5 );
INSERT INTO ORDERCONTAINS VALUES ( 'W863-0278', 'Hbjy1024099', 0, 30 );
INSERT INTO ORDERCONTAINS VALUES ( 'W819-0035', 'L1022127', 0, 8 );
INSERT INTO ORDERCONTAINS VALUES ( 'W846-2808', 'A1024065', 0, 5 );
INSERT INTO ORDERCONTAINS VALUES ( 'C100-2102', 'Sarm1024354', 0, 2 );
INSERT INTO ORDERCONTAINS VALUES ( 'W846-5753', 'Clj1024490', 0, 0 );
INSERT INTO ORDERCONTAINS VALUES ( 'W864-5456', 'Mlzf1024694', 0, 49 );
INSERT INTO ORDERCONTAINS VALUES ( 'C131-0092', 'Wbxg1023198', 0, 0 );
INSERT INTO ORDERCONTAINS VALUES ( 'W864-9993', 'Bet1024524', 0, 14 );
INSERT INTO ORDERCONTAINS VALUES ( 'W820-0022', 'Gpbp1022348', 0, 11 );
INSERT INTO ORDERCONTAINS VALUES ( 'W820-0022', 'Zm1023691', 0, 33 );
INSERT INTO ORDERCONTAINS VALUES ( 'W864-4697', 'Oyll1023487', 0, 31 );
INSERT INTO ORDERCONTAINS VALUES ( 'W828-0019', 'E1022960', 0, 23 );
INSERT INTO ORDERCONTAINS VALUES ( 'C401-0148', 'Gfwr1025085', 0, 1 );
INSERT INTO ORDERCONTAINS VALUES ( 'W864-9993', 'Ad1023776', 0, 40 );
INSERT INTO ORDERCONTAINS VALUES ( 'C401-0148', 'Qbc1022637', 0, 4 );
INSERT INTO ORDERCONTAINS VALUES ( 'W850-0029', 'Plzi1023079', 0, 36 );
INSERT INTO ORDERCONTAINS VALUES ( 'W868-0559', 'Ve1022926', 0, 14 );
INSERT INTO ORDERCONTAINS VALUES ( 'C401-0111', 'Ed1022892', 0, 11 );
INSERT INTO ORDERCONTAINS VALUES ( 'W819-0026', 'T1024337', 0, 46 );
INSERT INTO ORDERCONTAINS VALUES ( 'C177-1406', 'Ve1022926', 0, 31 );
INSERT INTO ORDERCONTAINS VALUES ( 'W888-1818', 'Lw1024541', 0, 16 );
INSERT INTO ORDERCONTAINS VALUES ( 'W846-5753', 'D1023623', 0, 17 );
INSERT INTO ORDERCONTAINS VALUES ( 'C171-5516', 'Rch1023589', 0, 18 );
INSERT INTO ORDERCONTAINS VALUES ( 'C100-2111', 'L1022127', 0, 22 );
INSERT INTO ORDERCONTAINS VALUES ( 'C100-2111', 'Pd1025136', 0, 48 );
INSERT INTO ORDERCONTAINS VALUES ( 'W879-4017', 'Ad1023776', 0, 32 );
INSERT INTO ORDERCONTAINS VALUES ( 'W864-9993', 'Ed1022892', 0, 19 );
INSERT INTO ORDERCONTAINS VALUES ( ' C132-1061', 'L1023810', 0, 31 );
INSERT INTO ORDERCONTAINS VALUES ( 'C132-1070', 'I1023521', 0, 41 );
INSERT INTO ORDERCONTAINS VALUES ( 'W144-4371', 'Gpbp1022348', 0, 9 );
INSERT INTO ORDERCONTAINS VALUES ( 'W864-9993', 'K1022399', 0, 8 );


INSERT INTO ORDERSHIPTO VALUES ( 'Bczmksrk9', 'Fsrh1021770', 'Xrgp', 'Mqkqhsafouscqf' );
INSERT INTO ORDERSHIPTO VALUES ( 'Uyqjjmm5', 'Cp1021787', 'Cjkzaqvkjzkcups', 'Gwnu' );
INSERT INTO ORDERSHIPTO VALUES ( 'Iriejyvekyqtne8', 'Uri1021804', 'Gjkbvff', 'Vlebnhvxux' );
INSERT INTO ORDERSHIPTO VALUES ( 'Ikihrvgtoj4', 'F1021821', 'Pvdzgzphcyds', 'Woqmgpwrv' );
INSERT INTO ORDERSHIPTO VALUES ( 'Wmqmowcejuqlf5', 'Fpvd1021838', 'Qeiqladtwbonp', 'Nphylixmpun' );
INSERT INTO ORDERSHIPTO VALUES ( 'Dvpodjggdmrdz5', 'J1021855', 'Wpgvkxbiorlpvjiuc', 'Szaemgltdtejtq' );
INSERT INTO ORDERSHIPTO VALUES ( 'Dkm5', 'Mjd1021872', 'Mmf', 'Idprih' );
INSERT INTO ORDERSHIPTO VALUES ( 'Zzgranvggoxyuurn7', 'S1021889', 'Nkjravra', 'Nphylixmpun' );
INSERT INTO ORDERSHIPTO VALUES ( 'Dvpodjggdmrdz5', 'Se1021906', 'Purpfqzzqpwk', 'Gwnu' );
INSERT INTO ORDERSHIPTO VALUES ( 'Swzqoonpzxrcemjb5', 'I1021923', 'Pdirkb', 'Qotv' );
INSERT INTO ORDERSHIPTO VALUES ( 'Icljjhcz15', 'Iqss1021940', 'Zoayujzz', 'Goztho' );
INSERT INTO ORDERSHIPTO VALUES ( 'Npxavpirtrhyas3', 'Czl1021957', 'Pdirkb', 'Zaq' );
INSERT INTO ORDERSHIPTO VALUES ( 'Txde17', 'Nmm1021974', 'Ffoyxclmftb', 'Prqx' );
INSERT INTO ORDERSHIPTO VALUES ( 'Ffk8', 'Ks1021991', 'Zazdlmqggsecpqav', 'Gwnu' );
INSERT INTO ORDERSHIPTO VALUES ( 'Swzqoonpzxrcemjb5', 'Is1022008', 'Webfjxga', 'Peyuy' );
INSERT INTO ORDERSHIPTO VALUES ( 'Bcynfhfnqvzfwsgrk14', 'Dw1022025', 'Erncrdm', 'Ooro' );
INSERT INTO ORDERSHIPTO VALUES ( 'Sxxbxuyy14', 'Xprz1022042', 'Webfjxga', 'Bwozqmq' );
INSERT INTO ORDERSHIPTO VALUES ( 'Icqqqv11', 'Z1022059', 'Iulmniwwrosruzgte', 'Rldz' );
INSERT INTO ORDERSHIPTO VALUES ( 'Hvibvgycxnqi7', 'Cd1022076', 'Ylrwvg', 'Tphxogvwjwc' );
INSERT INTO ORDERSHIPTO VALUES ( 'Xwpalqleajvdnfn8', 'Ldfv1022093', 'Hrad', 'Gdfjuz' );
INSERT INTO ORDERSHIPTO VALUES ( 'Hmmvwv16', 'Ux1022110', 'Ehhmsvuulkwncev', 'Prqx' );
INSERT INTO ORDERSHIPTO VALUES ( 'Bsiitxjlzvpfz15', 'L1022127', 'Cjkzaqvkjzkcups', 'Uxrznjkctwnvqe' );
INSERT INTO ORDERSHIPTO VALUES ( 'Dvpodjggdmrdz5', 'Jmtf1022144', 'Eelr', 'Dixkpsvacq' );
INSERT INTO ORDERSHIPTO VALUES ( 'Dvpodjggdmrdz5', 'Bcfx1022161', 'Kyurjvyikoh', 'Ohhzgfardvqqzs' );
INSERT INTO ORDERSHIPTO VALUES ( 'Bsiitxjlzvpfz15', 'Awo1022178', 'Xrgp', 'Gqrytgkisllshnef' );
INSERT INTO ORDERSHIPTO VALUES ( 'Mtb13', 'Aea1022195', 'Mljuzhwmcep', 'Cxq' );
INSERT INTO ORDERSHIPTO VALUES ( 'Svyflmhazxo14', 'Rkws1022212', 'Qeiqladtwbonp', 'Cxq' );
INSERT INTO ORDERSHIPTO VALUES ( 'Uyqjjmm5', 'C1022229', 'Gjkbvff', 'Vlebnhvxux' );
INSERT INTO ORDERSHIPTO VALUES ( 'Scnqq17', 'B1022246', 'Jbmensxpwnndzggnq', 'Vlebnhvxux' );
INSERT INTO ORDERSHIPTO VALUES ( 'Npxavpirtrhyas3', 'Teh1022263', 'Brnguq', 'Qtg' );
INSERT INTO ORDERSHIPTO VALUES ( 'Ozqswvrnx10', 'Ncz1022280', 'Mpcxctoyygtzdxsr', 'Qerkqtfra' );
INSERT INTO ORDERSHIPTO VALUES ( 'Mtb13', 'Yxr1022297', 'Scvgtyq', 'Wlipqxnko' );
INSERT INTO ORDERSHIPTO VALUES ( 'Sxxbxuyy14', 'H1022314', 'Eaiouyvabsunvbekw', 'Rmrtjwwalbruzlejn' );
INSERT INTO ORDERSHIPTO VALUES ( 'Bczmksrk9', 'Wwg1022331', 'Gujiqbsrcxggu', 'Mqkqhsafouscqf' );
INSERT INTO ORDERSHIPTO VALUES ( 'Ymqezbvbl15', 'Gpbp1022348', 'Ecreyndpbyouaaa', 'Peyuy' );
INSERT INTO ORDERSHIPTO VALUES ( 'Hmmvwv16', 'Bq1022365', 'Efnc', 'Gteeqbtmglwiclws' );
INSERT INTO ORDERSHIPTO VALUES ( 'Qic6', 'F1022382', 'Xrgp', 'Fbefxgweojoo' );
INSERT INTO ORDERSHIPTO VALUES ( 'Qic6', 'K1022399', 'Sodyjfncdx', 'Tphxogvwjwc' );
INSERT INTO ORDERSHIPTO VALUES ( 'Swzqoonpzxrcemjb5', 'Qv1022416', 'Dhdcmewynwcqidliu', 'Cxq' );
INSERT INTO ORDERSHIPTO VALUES ( 'Xwpalqleajvdnfn8', 'Apq1022433', 'Ybmv', 'Qtg' );
INSERT INTO ORDERSHIPTO VALUES ( 'Otkbditymgwwtpwg13', 'Fpvk1022450', 'Xrgp', 'Dpypuwfadepymvdtf' );
INSERT INTO ORDERSHIPTO VALUES ( 'Tchrdbbojrmobgzck3', 'C1022467', 'Ecreyndpbyouaaa', 'Zaq' );
INSERT INTO ORDERSHIPTO VALUES ( 'Ikihrvgtoj4', 'Gb1022484', 'Xrgp', 'Ywijwygnbinikx' );
INSERT INTO ORDERSHIPTO VALUES ( 'Sslcjcn12', 'Atv1022501', 'Dxe', 'Rbkctsxkgejskk' );
INSERT INTO ORDERSHIPTO VALUES ( 'Xwpalqleajvdnfn8', 'G1022518', 'Ffoyxclmftb', 'Zhmpcq' );
INSERT INTO ORDERSHIPTO VALUES ( 'Ikihrvgtoj4', 'U1022535', 'Mljuzhwmcep', 'Szaemgltdtejtq' );
INSERT INTO ORDERSHIPTO VALUES ( 'Icqqqv11', 'Dumq1022552', 'Eaiouyvabsunvbekw', 'Woqmgpwrv' );
INSERT INTO ORDERSHIPTO VALUES ( 'Iriejyvekyqtne8', 'G1022569', 'Dxe', 'Cspclrqnvhod' );
INSERT INTO ORDERSHIPTO VALUES ( 'Dvpodjggdmrdz5', 'W1022586', 'Gujiqbsrcxggu', 'Qtg' );
INSERT INTO ORDERSHIPTO VALUES ( 'Wmqmowcejuqlf5', 'N1022603', 'Gujiqbsrcxggu', 'Bgujmhfmkh' );
INSERT INTO ORDERSHIPTO VALUES ( 'Tcfgalcgbbyd16', 'F1022620', 'Ccupyxqhnjf', 'Bwozqmq' );
INSERT INTO ORDERSHIPTO VALUES ( 'Dush6', 'Qbc1022637', 'Gxqz', 'Ywijwygnbinikx' );
INSERT INTO ORDERSHIPTO VALUES ( 'Ikihrvgtoj4', 'Pum1022654', 'Lujpoogga', 'Thidrrqcd' );
INSERT INTO ORDERSHIPTO VALUES ( 'Sxxbxuyy14', 'Afp1022671', 'Oloz', 'Tphxogvwjwc' );
INSERT INTO ORDERSHIPTO VALUES ( 'Sslcjcn12', 'E1022688', 'Ykgmhiznonmwt', 'Bwozqmq' );
INSERT INTO ORDERSHIPTO VALUES ( 'Bvwxecsjryjm12', 'Ju1022705', 'Efnc', 'Wlipqxnko' );
INSERT INTO ORDERSHIPTO VALUES ( 'Hmmvwv16', 'N1022722', 'Sodyjfncdx', 'Wuyctsdbmisbxsn' );
INSERT INTO ORDERSHIPTO VALUES ( 'Tchrdbbojrmobgzck3', 'B1022739', 'Ehhmsvuulkwncev', 'Uxrznjkctwnvqe' );
INSERT INTO ORDERSHIPTO VALUES ( 'Swzqoonpzxrcemjb5', 'B1022756', 'Sqmweabtpw', 'Bwozqmq' );
INSERT INTO ORDERSHIPTO VALUES ( 'Icqqqv11', 'X1022773', 'Jrjqysije', 'Zhmpcq' );
INSERT INTO ORDERSHIPTO VALUES ( 'Hvibvgycxnqi7', 'X1022790', 'Twkv', 'Rmrtjwwalbruzlejn' );
INSERT INTO ORDERSHIPTO VALUES ( 'Mtb13', 'V1022807', 'Kyurjvyikoh', 'Dughi' );
INSERT INTO ORDERSHIPTO VALUES ( 'Bsiitxjlzvpfz15', 'Q1022824', 'Mljuzhwmcep', 'Cspclrqnvhod' );
INSERT INTO ORDERSHIPTO VALUES ( 'Gezccwkezifeemqy5', 'I1022841', 'Qywjsoorotprx', 'Szaemgltdtejtq' );
INSERT INTO ORDERSHIPTO VALUES ( 'Swzqoonpzxrcemjb5', 'N1022858', 'Qywjsoorotprx', 'Dpypuwfadepymvdtf' );
INSERT INTO ORDERSHIPTO VALUES ( 'Xwpalqleajvdnfn8', 'Bf1022875', 'Ngdugmtbyo', 'Eksxfkqenjwjbbhi' );
INSERT INTO ORDERSHIPTO VALUES ( 'Icqqqv11', 'Ed1022892', 'Ccupyxqhnjf', 'Bwozqmq' );
INSERT INTO ORDERSHIPTO VALUES ( 'Tchrdbbojrmobgzck3', 'K1022909', 'Ienxxmsjnxhwnq', 'Qotv' );
INSERT INTO ORDERSHIPTO VALUES ( 'Mtb13', 'Ve1022926', 'Erncrdm', 'Gmyb' );
INSERT INTO ORDERSHIPTO VALUES ( 'Gezccwkezifeemqy5', 'Apr1022943', 'Xrgp', 'Bgujmhfmkh' );
INSERT INTO ORDERSHIPTO VALUES ( 'Bvwxecsjryjm12', 'E1022960', 'Sqmweabtpw', 'Thidrrqcd' );
INSERT INTO ORDERSHIPTO VALUES ( 'Hvibvgycxnqi7', 'X1022977', 'Dhdcmewynwcqidliu', 'Gdfjuz' );
INSERT INTO ORDERSHIPTO VALUES ( 'Txde17', 'Ziv1022994', 'Ienxxmsjnxhwnq', 'Ywijwygnbinikx' );
INSERT INTO ORDERSHIPTO VALUES ( 'Bcynfhfnqvzfwsgrk14', 'Qiw1023011', 'Nkjravra', 'Goaistad' );
INSERT INTO ORDERSHIPTO VALUES ( 'Ozqswvrnx10', 'Kx1023028', 'Ienxxmsjnxhwnq', 'Bdj' );
INSERT INTO ORDERSHIPTO VALUES ( 'Scnqq17', 'Un1023045', 'Brnguq', 'Bgujmhfmkh' );
INSERT INTO ORDERSHIPTO VALUES ( 'Bcynfhfnqvzfwsgrk14', 'O1023062', 'Elfyvpm', 'Ety' );
INSERT INTO ORDERSHIPTO VALUES ( 'Icljjhcz15', 'Plzi1023079', 'Pdirkb', 'Wlipqxnko' );
INSERT INTO ORDERSHIPTO VALUES ( 'Uyqjjmm5', 'Xl1023096', 'Gjkbvff', 'Mduzhsjjise' );
INSERT INTO ORDERSHIPTO VALUES ( 'Vsupbuh12', 'Vlei1023113', 'Sjqwcjvptn', 'Djsyexeehujfi' );
INSERT INTO ORDERSHIPTO VALUES ( 'Sslcjcn12', 'Cru1023130', 'Mmf', 'Tphxogvwjwc' );
INSERT INTO ORDERSHIPTO VALUES ( 'Flvvubapbobzzb8', 'Kgh1023147', 'Mmf', 'Qerkqtfra' );
INSERT INTO ORDERSHIPTO VALUES ( 'Tcfgalcgbbyd16', 'Q1023164', 'Mljuzhwmcep', 'Qtg' );
INSERT INTO ORDERSHIPTO VALUES ( 'Tchrdbbojrmobgzck3', 'Bq1023181', 'Dhdcmewynwcqidliu', 'Mcgisp' );
INSERT INTO ORDERSHIPTO VALUES ( 'Gezccwkezifeemqy5', 'Wbxg1023198', 'Pjy', 'Eksxfkqenjwjbbhi' );
INSERT INTO ORDERSHIPTO VALUES ( 'Gezccwkezifeemqy5', 'Hwa1023215', 'Gujiqbsrcxggu', 'Twcl' );
INSERT INTO ORDERSHIPTO VALUES ( 'Sslcjcn12', 'Wns1023232', 'Pdcmpdekppddunv', 'Ocyn' );
INSERT INTO ORDERSHIPTO VALUES ( 'Gezccwkezifeemqy5', 'Kh1023249', 'Erncrdm', 'Ety' );
INSERT INTO ORDERSHIPTO VALUES ( 'Ymqezbvbl15', 'Rh1023266', 'Ienxxmsjnxhwnq', 'Nphylixmpun' );
INSERT INTO ORDERSHIPTO VALUES ( 'Bczmksrk9', 'S1023283', 'Sqmweabtpw', 'Vzkwcff' );
INSERT INTO ORDERSHIPTO VALUES ( 'Tcfgalcgbbyd16', 'A1023300', 'Dwvom', 'Coxke' );
INSERT INTO ORDERSHIPTO VALUES ( 'Hmmvwv16', 'Kl1023317', 'Teeodaoqdqlccbeb', 'Peyuy' );
INSERT INTO ORDERSHIPTO VALUES ( 'Bvwxecsjryjm12', 'El1023334', 'Efnc', 'Bgujmhfmkh' );
INSERT INTO ORDERSHIPTO VALUES ( 'Icqqqv11', 'Da1023351', 'Nkjravra', 'Qotv' );
INSERT INTO ORDERSHIPTO VALUES ( 'Ozqswvrnx10', 'S1023368', 'Qeiqladtwbonp', 'Wlipqxnko' );
INSERT INTO ORDERSHIPTO VALUES ( 'Bvwxecsjryjm12', 'Y1023385', 'Scvgtyq', 'Ety' );
INSERT INTO ORDERSHIPTO VALUES ( 'Hmmvwv16', 'Ukb1023402', 'Ehhmsvuulkwncev', 'Cspclrqnvhod' );
INSERT INTO ORDERSHIPTO VALUES ( 'Bczmksrk9', 'N1023419', 'Erncrdm', 'Awwqcpodebzijwd' );
INSERT INTO ORDERSHIPTO VALUES ( 'Tcfgalcgbbyd16', 'Vnlm1023436', 'Kyurjvyikoh', 'Ozgfcq' );
INSERT INTO ORDERSHIPTO VALUES ( 'Icqqqv11', 'Hmiq1023453', 'Jrjqysije', 'Eksxfkqenjwjbbhi' );
INSERT INTO ORDERSHIPTO VALUES ( 'Hmmvwv16', 'Ov1023470', 'Efnc', 'Rbkctsxkgejskk' );
INSERT INTO ORDERSHIPTO VALUES ( 'Ymqezbvbl15', 'Oyll1023487', 'Oloz', 'Vzkwcff' );
INSERT INTO ORDERSHIPTO VALUES ( 'Dvpodjggdmrdz5', 'Vu1023504', 'Elfyvpm', 'Eemjhtokqrm' );
INSERT INTO ORDERSHIPTO VALUES ( 'Rdqedfljb3', 'I1023521', 'Dwvom', 'Bdj' );
INSERT INTO ORDERSHIPTO VALUES ( 'Bcynfhfnqvzfwsgrk14', 'Pzyf1023538', 'Mmqosjgh', 'Vzkwcff' );
INSERT INTO ORDERSHIPTO VALUES ( 'Ymqezbvbl15', 'Epj1023555', 'Cvdbbprzef', 'Zhmpcq' );
INSERT INTO ORDERSHIPTO VALUES ( 'Sxxbxuyy14', 'Yrl1023572', 'Hip', 'Cspclrqnvhod' );
INSERT INTO ORDERSHIPTO VALUES ( 'Bsiitxjlzvpfz15', 'Rch1023589', 'Lmfnxfphfaz', 'Cspclrqnvhod' );
INSERT INTO ORDERSHIPTO VALUES ( 'Tchrdbbojrmobgzck3', 'Qu1023606', 'Cvdbbprzef', 'Dixkpsvacq' );
INSERT INTO ORDERSHIPTO VALUES ( 'Dvpodjggdmrdz5', 'D1023623', 'Dhdcmewynwcqidliu', 'Wlipqxnko' );
INSERT INTO ORDERSHIPTO VALUES ( 'Sslcjcn12', 'Oyk1023640', 'Ybmv', 'Wlipqxnko' );
INSERT INTO ORDERSHIPTO VALUES ( 'Gezccwkezifeemqy5', 'Hrxn1023657', 'Zmeo', 'Gwnu' );
INSERT INTO ORDERSHIPTO VALUES ( 'Bsiitxjlzvpfz15', 'Yhea1023674', 'Pjy', 'Vel' );
INSERT INTO ORDERSHIPTO VALUES ( 'Hvibvgycxnqi7', 'Zm1023691', 'Purpfqzzqpwk', 'Fbefxgweojoo' );
INSERT INTO ORDERSHIPTO VALUES ( 'Uyqjjmm5', 'Qgx1023708', 'Pjy', 'Rmrtjwwalbruzlejn' );
INSERT INTO ORDERSHIPTO VALUES ( 'Dvpodjggdmrdz5', 'Ttnc1023725', 'Ffoyxclmftb', 'Idprih' );
INSERT INTO ORDERSHIPTO VALUES ( 'Sslcjcn12', 'G1023742', 'Hrad', 'Mcgisp' );
INSERT INTO ORDERSHIPTO VALUES ( 'Mtb13', 'A1023759', 'Sqmweabtpw', 'Ocyn' );
INSERT INTO ORDERSHIPTO VALUES ( 'Qic6', 'Ad1023776', 'Ffoyxclmftb', 'Rldz' );
INSERT INTO ORDERSHIPTO VALUES ( 'Qic6', 'Sf1023793', 'Ccupyxqhnjf', 'Thidrrqcd' );
INSERT INTO ORDERSHIPTO VALUES ( 'Rdqedfljb3', 'L1023810', 'Nkjravra', 'Nphylixmpun' );
INSERT INTO ORDERSHIPTO VALUES ( 'Swzqoonpzxrcemjb5', 'Q1023827', 'Efnc', 'Mduzhsjjise' );
INSERT INTO ORDERSHIPTO VALUES ( 'Uyqjjmm5', 'Zb1023844', 'Qeiqladtwbonp', 'Szaemgltdtejtq' );
INSERT INTO ORDERSHIPTO VALUES ( 'Tchrdbbojrmobgzck3', 'Ao1023861', 'Ccupyxqhnjf', 'Peyuy' );
INSERT INTO ORDERSHIPTO VALUES ( 'Gezccwkezifeemqy5', 'Bi1023878', 'Sodyjfncdx', 'Cspclrqnvhod' );
INSERT INTO ORDERSHIPTO VALUES ( 'Tcfgalcgbbyd16', 'C1023895', 'Mmf', 'Wlipqxnko' );
INSERT INTO ORDERSHIPTO VALUES ( 'Sslcjcn12', 'D1023912', 'Eelr', 'Vel' );
INSERT INTO ORDERSHIPTO VALUES ( 'Zzgranvggoxyuurn7', 'Sml1023929', 'Deojnwepjgq', 'Gwnu' );
INSERT INTO ORDERSHIPTO VALUES ( 'Bczmksrk9', 'Apl1023946', 'Sjqwcjvptn', 'Woqmgpwrv' );
INSERT INTO ORDERSHIPTO VALUES ( 'Mtb13', 'A1023963', 'Pjy', 'Wuyctsdbmisbxsn' );
INSERT INTO ORDERSHIPTO VALUES ( 'Tcfgalcgbbyd16', 'Ztf1023980', 'Hrad', 'Bdj' );
INSERT INTO ORDERSHIPTO VALUES ( 'Chbmhupzzeubodi11', 'Z1023997', 'Zazdlmqggsecpqav', 'Dpypuwfadepymvdtf' );
INSERT INTO ORDERSHIPTO VALUES ( 'Vsupbuh12', 'H1024014', 'Xrgp', 'Wuyctsdbmisbxsn' );
INSERT INTO ORDERSHIPTO VALUES ( 'Dvpodjggdmrdz5', 'Z1024031', 'Elfyvpm', 'Mcgisp' );
INSERT INTO ORDERSHIPTO VALUES ( 'Xtkzgrislvrdmillx10', 'Wcd1024048', 'Nkjravra', 'Fwfdpz' );
INSERT INTO ORDERSHIPTO VALUES ( 'Xwpalqleajvdnfn8', 'A1024065', 'Sodyjfncdx', 'Dughi' );
INSERT INTO ORDERSHIPTO VALUES ( 'Bvwxecsjryjm12', 'Lrk1024082', 'Ccupyxqhnjf', 'Prqx' );
INSERT INTO ORDERSHIPTO VALUES ( 'Flvvubapbobzzb8', 'Hbjy1024099', 'Webfjxga', 'Octd' );
INSERT INTO ORDERSHIPTO VALUES ( 'Hvibvgycxnqi7', 'Xqrp1024116', 'Kyurjvyikoh', 'Ety' );
INSERT INTO ORDERSHIPTO VALUES ( 'Qic6', 'Y1024133', 'Gjkbvff', 'Ooro' );
INSERT INTO ORDERSHIPTO VALUES ( 'Mtb13', 'Jp1024150', 'Xrgp', 'Wlipqxnko' );
INSERT INTO ORDERSHIPTO VALUES ( 'Uyqjjmm5', 'Hewh1024167', 'Pvdzgzphcyds', 'Wlipqxnko' );
INSERT INTO ORDERSHIPTO VALUES ( 'Npxavpirtrhyas3', 'Kkal1024184', 'Mmqosjgh', 'Thidrrqcd' );
INSERT INTO ORDERSHIPTO VALUES ( 'Zzgranvggoxyuurn7', 'Srs1024201', 'Brnguq', 'Cxq' );
INSERT INTO ORDERSHIPTO VALUES ( 'Sxxbxuyy14', 'S1024218', 'Zazdlmqggsecpqav', 'Szaemgltdtejtq' );
INSERT INTO ORDERSHIPTO VALUES ( 'Hvibvgycxnqi7', 'U1024235', 'Ylrwvg', 'Prqx' );
INSERT INTO ORDERSHIPTO VALUES ( 'Chbmhupzzeubodi11', 'Bl1024252', 'Mmqosjgh', 'Szaemgltdtejtq' );
INSERT INTO ORDERSHIPTO VALUES ( 'Qic6', 'Mdj1024269', 'Dxe', 'Cspclrqnvhod' );
INSERT INTO ORDERSHIPTO VALUES ( 'Qic6', 'Sc1024286', 'Elfyvpm', 'Thidrrqcd' );
INSERT INTO ORDERSHIPTO VALUES ( 'Flvvubapbobzzb8', 'Erl1024303', 'Ffoyxclmftb', 'Gdfjuz' );
INSERT INTO ORDERSHIPTO VALUES ( 'Hmmvwv16', 'Sn1024320', 'Sodyjfncdx', 'Ocyn' );
INSERT INTO ORDERSHIPTO VALUES ( 'Ymqezbvbl15', 'T1024337', 'Mmf', 'Eemjhtokqrm' );
INSERT INTO ORDERSHIPTO VALUES ( 'Bsiitxjlzvpfz15', 'Sarm1024354', 'Sjqwcjvptn', 'Bgujmhfmkh' );
INSERT INTO ORDERSHIPTO VALUES ( 'Xtkzgrislvrdmillx10', 'G1024371', 'Twkv', 'Dughi' );
INSERT INTO ORDERSHIPTO VALUES ( 'Bczmksrk9', 'B1024388', 'Mmf', 'Bwozqmq' );
INSERT INTO ORDERSHIPTO VALUES ( 'Dvpodjggdmrdz5', 'Rkz1024405', 'Ngdugmtbyo', 'Dpypuwfadepymvdtf' );
INSERT INTO ORDERSHIPTO VALUES ( 'Wmqmowcejuqlf5', 'W1024422', 'Mljuzhwmcep', 'Qtg' );
INSERT INTO ORDERSHIPTO VALUES ( 'Hvibvgycxnqi7', 'H1024439', 'Ecreyndpbyouaaa', 'Rnojvk' );
INSERT INTO ORDERSHIPTO VALUES ( 'Ikihrvgtoj4', 'Fcgf1024456', 'Cjkzaqvkjzkcups', 'Rmrtjwwalbruzlejn' );
INSERT INTO ORDERSHIPTO VALUES ( 'Rdqedfljb3', 'Lue1024473', 'Nkjravra', 'Tphxogvwjwc' );
INSERT INTO ORDERSHIPTO VALUES ( 'Svyflmhazxo14', 'Clj1024490', 'Mljuzhwmcep', 'Peyuy' );
INSERT INTO ORDERSHIPTO VALUES ( 'Tcfgalcgbbyd16', 'B1024507', 'Apfkpanlawwyl', 'Thidrrqcd' );
INSERT INTO ORDERSHIPTO VALUES ( 'Sxxbxuyy14', 'Bet1024524', 'Ccupyxqhnjf', 'Peyuy' );
INSERT INTO ORDERSHIPTO VALUES ( 'Tcfgalcgbbyd16', 'Lw1024541', 'Sjqwcjvptn', 'Gqrytgkisllshnef' );
INSERT INTO ORDERSHIPTO VALUES ( 'Otkbditymgwwtpwg13', 'Pamd1024558', 'Jbmensxpwnndzggnq', 'Ywijwygnbinikx' );
INSERT INTO ORDERSHIPTO VALUES ( 'Qic6', 'Gd1024575', 'Wpgvkxbiorlpvjiuc', 'Mcgisp' );
INSERT INTO ORDERSHIPTO VALUES ( 'Hmmvwv16', 'S1024592', 'Ngdugmtbyo', 'Zaq' );
INSERT INTO ORDERSHIPTO VALUES ( 'Dvpodjggdmrdz5', 'Ovi1024609', 'Ffoyxclmftb', 'Idprih' );
INSERT INTO ORDERSHIPTO VALUES ( 'Sslcjcn12', 'Gfc1024626', 'Ybmv', 'Gdfjuz' );
INSERT INTO ORDERSHIPTO VALUES ( 'Hvibvgycxnqi7', 'Q1024643', 'Erncrdm', 'Mduzhsjjise' );
INSERT INTO ORDERSHIPTO VALUES ( 'Ikihrvgtoj4', 'M1024660', 'Mpcxctoyygtzdxsr', 'Bwozqmq' );
INSERT INTO ORDERSHIPTO VALUES ( 'Sxxbxuyy14', 'Gsw1024677', 'Jbmensxpwnndzggnq', 'Idprih' );
INSERT INTO ORDERSHIPTO VALUES ( 'Dvpodjggdmrdz5', 'Mlzf1024694', 'Jbmensxpwnndzggnq', 'Mduzhsjjise' );
INSERT INTO ORDERSHIPTO VALUES ( 'Iriejyvekyqtne8', 'H1024711', 'Cjkzaqvkjzkcups', 'Rnojvk' );
INSERT INTO ORDERSHIPTO VALUES ( 'Hmmvwv16', 'Eics1024728', 'Teeodaoqdqlccbeb', 'Qerkqtfra' );
INSERT INTO ORDERSHIPTO VALUES ( 'Ymqezbvbl15', 'Ny1024745', 'Ylrwvg', 'Mduzhsjjise' );
INSERT INTO ORDERSHIPTO VALUES ( 'Dvpodjggdmrdz5', 'Al1024762', 'Mmqosjgh', 'Tphxogvwjwc' );
INSERT INTO ORDERSHIPTO VALUES ( 'Tcfgalcgbbyd16', 'Ukcr1024779', 'Dxe', 'Gdfjuz' );
INSERT INTO ORDERSHIPTO VALUES ( 'Sxxbxuyy14', 'Mig1024796', 'Eaiouyvabsunvbekw', 'Ety' );
INSERT INTO ORDERSHIPTO VALUES ( 'Bsiitxjlzvpfz15', 'D1024813', 'Ortsswmjuyh', 'Idprih' );
INSERT INTO ORDERSHIPTO VALUES ( 'Tcfgalcgbbyd16', 'Ulyi1024830', 'Elfyvpm', 'Prqx' );
INSERT INTO ORDERSHIPTO VALUES ( 'Hvibvgycxnqi7', 'C1024847', 'Ffoyxclmftb', 'Twcl' );
INSERT INTO ORDERSHIPTO VALUES ( 'Ozqswvrnx10', 'P1024864', 'Cvdbbprzef', 'Ety' );
INSERT INTO ORDERSHIPTO VALUES ( 'Sslcjcn12', 'Nc1024881', 'Erncrdm', 'Ohhzgfardvqqzs' );
INSERT INTO ORDERSHIPTO VALUES ( 'Ikihrvgtoj4', 'K1024898', 'Wpgvkxbiorlpvjiuc', 'Thidrrqcd' );
INSERT INTO ORDERSHIPTO VALUES ( 'Mtb13', 'Nfw1024915', 'Ybmv', 'Fwfdpz' );
INSERT INTO ORDERSHIPTO VALUES ( 'Dvpodjggdmrdz5', 'Rktr1024932', 'Mpcxctoyygtzdxsr', 'Jlvma' );
INSERT INTO ORDERSHIPTO VALUES ( 'Iriejyvekyqtne8', 'P1024949', 'Sqmweabtpw', 'Cspclrqnvhod' );
INSERT INTO ORDERSHIPTO VALUES ( 'Chbmhupzzeubodi11', 'Vwlr1024966', 'Eaiouyvabsunvbekw', 'Thidrrqcd' );
INSERT INTO ORDERSHIPTO VALUES ( 'Iriejyvekyqtne8', 'Fnxa1024983', 'Brnguq', 'Gqrytgkisllshnef' );
INSERT INTO ORDERSHIPTO VALUES ( 'Gezccwkezifeemqy5', 'Xi1025000', 'Sodyjfncdx', 'Djsyexeehujfi' );
INSERT INTO ORDERSHIPTO VALUES ( 'Chbmhupzzeubodi11', 'E1025017', 'Sjqwcjvptn', 'Gfe' );
INSERT INTO ORDERSHIPTO VALUES ( 'Wmqmowcejuqlf5', 'Rfdn1025034', 'Ccupyxqhnjf', 'Awwqcpodebzijwd' );
INSERT INTO ORDERSHIPTO VALUES ( 'Hmmvwv16', 'G1025051', 'Jbmensxpwnndzggnq', 'Zaq' );
INSERT INTO ORDERSHIPTO VALUES ( 'Hvibvgycxnqi7', 'Gqfa1025068', 'Sqmweabtpw', 'Ffvy' );
INSERT INTO ORDERSHIPTO VALUES ( 'Dvpodjggdmrdz5', 'Gfwr1025085', 'Cvdbbprzef', 'Bwozqmq' );
INSERT INTO ORDERSHIPTO VALUES ( 'Sslcjcn12', 'Pvu1025102', 'Lujpoogga', 'Prqx' );
INSERT INTO ORDERSHIPTO VALUES ( 'Ikihrvgtoj4', 'Udcf1025119', 'Lmfnxfphfaz', 'Fwfdpz' );
INSERT INTO ORDERSHIPTO VALUES ( 'Sxxbxuyy14', 'Pd1025136', 'Dxe', 'Ffvy' );
INSERT INTO ORDERSHIPTO VALUES ( 'Npxavpirtrhyas3', 'Ho1025153', 'Zoayujzz', 'Wuyctsdbmisbxsn' );


