

DROP DATABASE ShoppingMallDB;
CREATE DATABASE ShoppingMallDB;
USE ShoppingMallDB;

#creating Entities
CREATE TABLE Brand(
    BrandId VARCHAR(5) NOT NULL,
    BrandName VARCHAR(50) NOT NULL,
    SoldCount INT DEFAULT 0,
    PRIMARY KEY (BrandId),
    UNIQUE (BrandId),
    UNIQUE (BrandName),
    
    #foreign key
    SupplierId VARCHAR(5)
);

CREATE TABLE Supplier(
    SupplierId VARCHAR(5) NOT NULL,
    SupplierName VARCHAR(20) NOT NULL,
    CEOName VARCHAR(20),
    CompanyPhoneNumber VARCHAR(20),
    CompanyEMail VARCHAR(50),
    PRIMARY KEY (SupplierId),
    UNIQUE (SupplierId),
    UNIQUE (SupplierName)
);

CREATE TABLE Item(
    ItemCode VARCHAR(20) NOT NULL,
    ItemName VARCHAR(50),
    Specification VARCHAR(50),
    SoldCount INT DEFAULT 0,
    Unit VARCHAR(10),
    BundleSize INT DEFAULT 1,
    Stock INT DEFAULT 0,
    ItemPrice INT,
    PRIMARY KEY (ItemCode),
    UNIQUE (ItemCode),

    #foreign key
    BrandId VARCHAR(5),
    CategoryId VARCHAR(10)
);


CREATE TABLE Category(
    CategoryId VARCHAR(10),
    MainCategoryName VARCHAR(50),
    MiddleCategoryName VARCHAR(50),
    SmallCategoryName VARCHAR(50),
    SoldCount INT,
    PRIMARY KEY (CategoryId),
    UNIQUE (CategoryId),
    UNIQUE (MainCategoryName, MiddleCategoryName, SmallCategoryName)
);


CREATE TABLE Customer(
    Id VARCHAR(30),
    Password VARCHAR(30),
    HomeAddress VARCHAR(50),
    PhoneNumber VARCHAR(15),
    Sex CHAR,
    Name VARCHAR(50),
    AGE INT,
    JOB VARCHAR(50),
    Type VARCHAR(30),
    PRIMARY KEY (Id),
    UNIQUE (Id)
);

CREATE TABLE ItemOrder(
    OrderId VARCHAR(30),
    SumPrice INT,
    OrderDate DATE,
    OrderStatus VARCHAR(50),
    PRIMARY KEY (OrderId),
    UNIQUE (OrderId),

    #foreign key
    PurchasedCustomerId VARCHAR(30),
    ShippingLocationId VARCHAR(5),
    ShipperId VARCHAR(5)
);

CREATE TABLE Shipper(
    ShipperId VARCHAR(5),
    ShipperName VARCHAR(15),
    ExpectedDeveliveryTime INT,
    ShippingFee INT,
    
    PRIMARY KEY (ShipperId),
    UNIQUE (ShipperId),
    UNIQUE (ShipperName)
);
##################################################################

#Weak Entities
CREATE TABLE ShoppingBasket(
    ShoppingBasketId VARCHAR(15),
    SumPrice INT,
    

    #foreign key
    CustomerId VARCHAR(30),

    PRIMARY KEY (CustomerId, ShoppingBasketId),
    UNIQUE (CustomerId, ShoppingBasketId)
);

CREATE TABLE ShippingLocation(
    ShippingLocationId VARCHAR(5),
    CityOrStateName VARCHAR(30),
    SpecificAddress VARCHAR(50),
    MainCategory VARCHAR(30),

    #foreign key
    ShipperId VARCHAR(5),
    CustomerId VARCHAR(30),

    FOREIGN Key(ShipperId) REFERENCES Shipper(ShipperId),
    FOREIGN key(CustomerId) REFERENCES Customer(Id),

    PRIMARY KEY (CustomerId, ShippingLocationId),
    UNIQUE (CustomerId, ShippingLocationId)
);
###################################################################

#Relations
CREATE TABLE BasketContains(
    CustomerId VARCHAR(30),
    ShoppingBasketId VARCHAR(15) NOT NULL,
    ItemCode VARCHAR(20) NOT NULL,
    ItemCount INT,
    PRIMARY KEY (CustomerId, ShoppingBasketId, ItemCode),
    UNIQUE (CustomerId, ShoppingBasketId, ItemCode),

    FOREIGN KEY (ItemCode) REFERENCES Item(ItemCode),
    FOREIGN KEY (CustomerId, ShoppingBasketId) REFERENCES ShoppingBasket(CustomerId, ShoppingBasketId)
);

CREATE TABLE OrderContains(
    ItemCode VARCHAR(20) NOT NULL,
    OrderId VARCHAR(30),
    PurchasedPrice INT,
    ItemCount INT,
    PRIMARY KEY (ItemCode, OrderId),
    UNIQUE (ItemCode, OrderId),

    FOREIGN KEY (ItemCode) REFERENCES Item(ItemCode),
    FOREIGN KEY (OrderId) REFERENCES ItemOrder(OrderId)
);

################################################################################################################

INSERT INTO Supplier VALUES ( "S7429", "Kite", "Kim Il-Doo", "032-0158-1111", "oneheadk2@knu.ac.kr" );
INSERT INTO Supplier VALUES ( "S7430", "Blackcow", "Black sheet", "031-2549-7777", "blackcowMan@knu.ac.kr" );
INSERT INTO Supplier VALUES ( "S7431", "LGT Chemical", "Kim Ki-rim", "053-156-888", "rising@knu.ac.kr" );
INSERT INTO Supplier VALUES ( "S7432", "Young Chang Chemical", "Kim Young Chang", "02-568-1111", "brig@knu.ac.kr" );
INSERT INTO Supplier VALUES ( "S7433", "Smite", "Bang", "031-5498-7777", "smite@knu.ac.kr" );
INSERT INTO Supplier VALUES ( "S7434", "Excel", "Choi", "051-1597-7777", "excell@knu.ac.kr" );
INSERT INTO Supplier VALUES ( "S7435", "White horse", "Baek Jong-an", "053-7894-7777", "unicon@knu.ac.kr" );


INSERT INTO Brand VALUES ( "B7223", "K2 safety shoes", 858, "S7429" );
INSERT INTO Brand VALUES ( "B7224", "K2 Korea", 1907, "S7429" );
INSERT INTO Brand VALUES ( "B7225", "SK Rose Bar", 985, "S7435" );
INSERT INTO Brand VALUES ( "B7226", "SMATO LED lighting", 470, "S7433" );
INSERT INTO Brand VALUES ( "B7227", "SMATO Lantern", 654, "S7433" );
INSERT INTO Brand VALUES ( "B7228", "SMATO Safety", 666, "S7430" );
INSERT INTO Brand VALUES ( "B7229", "SMATO work lights", 594, "S7433" );
INSERT INTO Brand VALUES ( "B7230", "SMATO Boots", 1087, "S7430" );
INSERT INTO Brand VALUES ( "B7231", "Navachem", 433, "S7435" );
INSERT INTO Brand VALUES ( "B7232", "Daemyung Industry", 514, "S7435" );
INSERT INTO Brand VALUES ( "B7233", "Instead,", 351, "S7434" );
INSERT INTO Brand VALUES ( "B7234", "Daeheung Metal", 552, "S7431" );
INSERT INTO Brand VALUES ( "B7235", "Lucky Industry", 1297, "S7431" );
INSERT INTO Brand VALUES ( "B7236", "Lucky silicon", 9, "S7431" );
INSERT INTO Brand VALUES ( "B7237", "Leisure Time", 201, "S7429" );
INSERT INTO Brand VALUES ( "B7238", "Leakap", 575, "S7430" );
INSERT INTO Brand VALUES ( "B7239", "White horse", 78, "S7435" );
INSERT INTO Brand VALUES ( "B7240", "Vexcel", 475, "S7435" );
INSERT INTO Brand VALUES ( "B7241", "Black Yak", 893, "S7430" );
INSERT INTO Brand VALUES ( "B7242", "Bleach Battery", 962, "S7435" );
INSERT INTO Brand VALUES ( "B7243", "Big Toss", 446, "S7432" );
INSERT INTO Brand VALUES ( "B7244", "Samsung", 23, "S7435" );
INSERT INTO Brand VALUES ( "B7245", "Super Rube", 1227, "S7434" );
INSERT INTO Brand VALUES ( "B7246", "Scarlet scissors", 443, "S7434" );
INSERT INTO Brand VALUES ( "B7247", "The name of Sumata", 445, "S7434" );
INSERT INTO Brand VALUES ( "B7248", "Scarlet Foundation scissors", 698, "S7434" );
INSERT INTO Brand VALUES ( "B7249", "Sumato paper cup", 415, "S7433" );
INSERT INTO Brand VALUES ( "B7250", "The Sumo Hammer", 418, "S7433" );
INSERT INTO Brand VALUES ( "B7251", "Starlight", 373, "S7432" );
INSERT INTO Brand VALUES ( "B7252", "Shinetsu", 1406, "S7431" );
INSERT INTO Brand VALUES ( "B7253", "Child", 2018, "S7430" );
INSERT INTO Brand VALUES ( "B7254", "Enwai Korea", 353, "S7429" );
INSERT INTO Brand VALUES ( "B7255", "brig", 826, "S7432" );
INSERT INTO Brand VALUES ( "B7256", "renewal", 984, "S7431" );
INSERT INTO Brand VALUES ( "B7257", "Changshin", 1132, "S7432" );
INSERT INTO Brand VALUES ( "B7258", "Korea Electric Lighting", 125, "S7432" );
INSERT INTO Brand VALUES ( "B7259", "Fine Well", 223, "S7429" );
INSERT INTO Brand VALUES ( "B7260", "Hanshin hammer", 146, "S7434" );
INSERT INTO Brand VALUES ( "B7261", "Shovel", 340, "S7434" );


INSERT INTO Category VALUES ( "C1011634", "Industrial Supplies", "light", "Lamp, LED lamp", 999 );
INSERT INTO Category VALUES ( "C1011635", "Industrial Supplies", "light", "Work lights", 1396 );
INSERT INTO Category VALUES ( "C1011636", "Industrial Supplies", "light", "Emitter", 1182 );
INSERT INTO Category VALUES ( "C1011637", "Industrial Supplies", "Chemicals & Lubricants", "Building sealant", 1415 );
INSERT INTO Category VALUES ( "C1011638", "Industrial Supplies", "Chemicals & Lubricants", "Grease", 1660 );
INSERT INTO Category VALUES ( "C1011639", "Industrial Supplies", "Chemicals & Lubricants", "Anti-corrosion agent / coating agent", 2281 );
INSERT INTO Category VALUES ( "C1011640", "Safety goods", "Leisure goods", "bag", 1406 );
INSERT INTO Category VALUES ( "C1011641", "Safety goods", "Leisure goods", "Walking", 1332 );
INSERT INTO Category VALUES ( "C1011642", "Safety goods", "Leisure goods", "Camping supplies", 2281 );
INSERT INTO Category VALUES ( "C1011643", "Safety goods", "Safety", "Winterization", 928 );
INSERT INTO Category VALUES ( "C1011644", "Safety goods", "Safety", "Safety accessories", 1644 );
INSERT INTO Category VALUES ( "C1011645", "Safety goods", "Safety", "Rainboots", 1634 );
INSERT INTO Category VALUES ( "C1011646", "Hardware, gardening, office supplies", "Life, cleaning supplies", "battery", 1437 );
INSERT INTO Category VALUES ( "C1011647", "Hardware, gardening, office supplies", "Life, cleaning supplies", "Transient, esophagus, kitchen scissors", 1141 );
INSERT INTO Category VALUES ( "C1011648", "Hardware, gardening, office supplies", "Life, cleaning supplies", "Household goods", 1547 );
INSERT INTO Category VALUES ( "C1011649", "Hardware, gardening, office supplies", "Hardware", "Sickle, pickaxe, shovel", 564 );
INSERT INTO Category VALUES ( "C1011650", "Hardware, gardening, office supplies", "Hardware", "Door locks, hinges, door closure", 1511 );
INSERT INTO Category VALUES ( "C1011651", "Hardware, gardening, office supplies", "Hardware", "Hammer, Paru", 1244 );


INSERT INTO Customer VALUES ( "Wdzxc8", "Csloqhurj1656", "Qpeb, Acgglwiktrpdarnde766", "010-125-540", NULL, "Cmhzybndncirntrvi Z Beluffdhwwws", NULL, NULL, NULL );
INSERT INTO Customer VALUES ( "Doyklvmqyh14", "Yvmhudbwupkzj9977", "Awyllutlvjcpqwr, Xzlelkgk651", "010-646-364", NULL, "Bjstgemhap G Cvuzflxt", NULL, NULL, NULL );
INSERT INTO Customer VALUES ( "Xmzlvzku14", "Uma502", "Kyvvcrlfiwuuhhc, Axa695", "010-1012-362", NULL, "Nzzujejqlp L Eatersd", NULL, NULL, NULL );
INSERT INTO Customer VALUES ( "Ixupyn15", "Qjqdjjzxd7312", "Efxqkzed, Oqsjq1012", "010-502-405", NULL, "Qqaabapgdieoml P Nwqvsrrjuyryle", NULL, NULL, NULL );
INSERT INTO Customer VALUES ( "Dtevri9", "Fjnpucnvgbsqb7810", "Chmbq, Nfenqe835", "010-121-1032", NULL, "Wtebfwsuo H Clrf", NULL, NULL, NULL );
INSERT INTO Customer VALUES ( "Eimmpxkdbbf17", "Nnctobnbytlf989", "Auhdiatlrlrogkw, Kbzsytcb862", "010-411-918", NULL, "Wfdmaoyyqecndkdve K Kmjuubqvqvdgtiras", NULL, NULL, NULL );
INSERT INTO Customer VALUES ( "Pzkbzcvyy15", "Yugnormgmf6918", "Kyklk, Exhheruecq841", "010-274-1075", NULL, "Hlhbkjuyjdwgrf B Vsbdbjwgryenytwzv", NULL, NULL, NULL );
INSERT INTO Customer VALUES ( "Ofjithncs11", "Mqintjudr326", "Yxvlcahvnpl, Opwcktjmbbg305", "010-598-194", NULL, "Nxlcbvkdvrpyr K Ngoryqci", NULL, NULL, NULL );
INSERT INTO Customer VALUES ( "Csdfxdmhlxmlbptru17", "Rjlnorfjjljokkd3969", "Qqapquylfof, Sqsnuqzx164", "010-864-422", NULL, "Qiqetejfba V Ckqsif", NULL, NULL, NULL );
INSERT INTO Customer VALUES ( "Ekoznex12", "Tzuwqicrcejqjjxkl2964", "Lvyewvxiiccmvxijx, Baidroodrwdtcvmy112", "010-654-940", NULL, "Gfrhtfcmdidxoffb V Gkwdlr", NULL, NULL, NULL );
INSERT INTO Customer VALUES ( "Rqtgznfaerjebjkba15", "Fesbznmnpojulica5022", "Hgskqshdvad, Mrmrrifigospghbs1032", "010-476-636", NULL, "Nxilkwrhekomx C Mtbqeupmggtbvt", NULL, NULL, NULL );
INSERT INTO Customer VALUES ( "Xbs4", "Smluxyxk1157", "Jwdehe, Pjeivobzlsfjfhu184", "010-886-416", NULL, "Lbiqveesgq N Btkvywtzykeq", NULL, NULL, NULL );
INSERT INTO Customer VALUES ( "Ppqa12", "Lzpkvq2257", "Przei, Drwm1048", "010-409-320", NULL, "Rcyi G Ypnveney", NULL, NULL, NULL );
INSERT INTO Customer VALUES ( "Ustsx8", "Tvvkvcsubs1171", "Oxrsedygdeiultcp, Nqqazviwccsggm850", "010-754-794", NULL, "Ahqmszlufzui Y Lxbmfv", NULL, NULL, NULL );
INSERT INTO Customer VALUES ( "Figerdrkwplerg6", "Oblvebsqkdlzaek9994", "Dcwjjdnidlwnqiv, Hjpmugccupimhxyrv198", "010-163-1074", NULL, "Cvt T Jtvorezmlsui", NULL, NULL, NULL );
INSERT INTO Customer VALUES ( "Kthwxizcioazcylmz13", "Shoypbr7849", "Ldmpha, Pwnxmgis473", "010-572-566", NULL, "Jtwzwrnwwokp G Eaakvmggsze", NULL, NULL, NULL );
INSERT INTO Customer VALUES ( "Ozkglhrfsmnv9", "Ufgayblczfpues1943", "Topxvpness, Kuzmzii238", "010-421-366", NULL, "Egxw E Ndg", NULL, NULL, NULL );
INSERT INTO Customer VALUES ( "Ccxlkkua15", "Evjckzddgfkgdr6347", "Lmhtodum, Mvg709", "010-997-856", "M", "Wbmbvtownjcbz S Ajmvqefiwxp", 80, NULL, NULL );
INSERT INTO Customer VALUES ( "Cdulalemer7", "Sdy8828", "Yposz, Bcgrbec163", "010-605-419", "M", "Roorxn F Rvbzpfjazhtcmsdby", 95, NULL, NULL );
INSERT INTO Customer VALUES ( "Ljuitasikiozf15", "Lhjicqkepkg6157", "Ovrsxyyuhwkknypb, Ljje769", "010-119-463", "W", "Nugbevwmuufq V Odcgsmxlwtlerecyw", 64, NULL, NULL );
INSERT INTO Customer VALUES ( "Tbmgobvfptc15", "Tzmrachv6286", "Wywbwx, Zzko739", "010-194-827", "M", "Jmlb A Wkiz", 7, NULL, NULL );
INSERT INTO Customer VALUES ( "Jnxuihvzygl5", "Mbltzptsoqlgazf8492", "Jxiyinb, Ptt267", "010-109-138", "W", "Ivrsxbi U Vgq", 35, NULL, NULL );
INSERT INTO Customer VALUES ( "Tqtz10", "Hquhizdzbfrq5369", "Urapytlamcw, Cmeoa490", "010-530-1017", "M", "Rbcswtxljnxesye B Ctjmdxabwn", 80, NULL, NULL );
INSERT INTO Customer VALUES ( "Cpmizhlmmkfkwf3", "Ihgbr5129", "Baoegasusjhsklfwm, Gdyxxpcsepew404", "010-512-218", "W", "Sbogia P Qpt", 84, NULL, NULL );
INSERT INTO Customer VALUES ( "Lnnbvovl10", "Fmzedjvjcjxml9738", "Knp, Yqtpxd1029", "010-448-179", "M", "Utwmmnghgjnpufw V Pdjbjvjywbnvgzob", 42, NULL, NULL );
INSERT INTO Customer VALUES ( "Jmahqt13", "Urlpchjcvuhtjnur5251", "Udxsaugdctfy, Hfjh825", "010-441-898", "M", "Ndwhquuqasf T Gmhejiaiikftbm", 36, NULL, NULL );
INSERT INTO Customer VALUES ( "Kembaomqdeo7", "Qokprncitmezvacf661", "Oleucnww, Vhyuhmxcbiqtszl472", "010-1047-697", "M", "Exwyykjkl X Otmvfhcfuvbif", 64, NULL, NULL );
INSERT INTO Customer VALUES ( "Ueczhdqwyhw16", "Ixhzgquqakccvfo7200", "Kzbdinqceconucyaj, Mtt1041", "010-995-677", "M", "Pfyjif D Flgjqb", 24, NULL, NULL );
INSERT INTO Customer VALUES ( "Tpxmmgyo13", "Nkbpctxfiavrrgbkl7210", "Vveydurgiwqlr, Nly1002", "010-857-824", "W", "Bkpfuyntx P Xvkibuembwdj", 12, NULL, NULL );
INSERT INTO Customer VALUES ( "Rppfwnsjnmxbxbv5", "Gmznunqftr7078", "Uabggq, Aotakhnoxmyntfwpa218", "010-581-429", "M", "Gbqrrzvxshsjszffv S Jbglyycfspoghr", 41, NULL, NULL );
INSERT INTO Customer VALUES ( "Anhjhoxogjclgblop11", "Mwctzirtuij2285", "Jvuhlyild, Xfrzumrjzovagxdnt1049", "010-822-199", "W", "Ddzktdjxuyyfbftp X Jwhaoractdr", 37, NULL, NULL );
INSERT INTO Customer VALUES ( "Vonubeimxxyestj17", "Ocnffhcqzkfvai459", "Octddvpegq, Gupmfatkxi318", "010-922-1090", "M", "Blglzovdomaxerjlm H Kinouvlgosujo", 51, "Umk", "Wholesaler" );
INSERT INTO Customer VALUES ( "Qac14", "Njswvwlmaljuxljm7967", "Djtbqbpszpsfrp, Hwkmqvskxasfrot320", "010-652-713", "M", "Eamhhy Z Muglhromrqjxf", 18, "Xep", "Nomal" );
INSERT INTO Customer VALUES ( "Wkegaooizxysy14", "Tlesqwxqdmssk4487", "Ktckanwikwejops, Wkjzdrliclbrmqcs844", "010-826-297", "W", "Gyyycadwdn Q Xlmozfqer", 68, "Qsonuwvpmqi", "Retailer" );
INSERT INTO Customer VALUES ( "Wqptttfcphmfhyjs5", "Jaodvunttpvbmskkn387", "Qqhtkaswigaxyiu, Rilnxrroaeenkn589", "010-710-111", "W", "Mfrvmmdyblhxw A Fql", 76, "Gljzusrlgj", "Retailer" );
INSERT INTO Customer VALUES ( "Pegwhos14", "Krfnigjhe5914", "Qot, Tsynhnhsqqrxjgsd1069", "010-882-1030", "M", "Ntf V Kagvxzrabqfkv", 9, "Xgmruwiahqxgykea", "Nomal" );
INSERT INTO Customer VALUES ( "Wvetpaexkjejybvii15", "Yzsbmcarbyylnzt4189", "Ghhp, Qfhxr335", "010-611-644", "M", "Rbklhsnyrcpf H Nrfvdlibmlqh", 70, "Eqxeqzgwxppfmkyww", "Retailer" );
INSERT INTO Customer VALUES ( "Vqbgklsuc15", "Meqspwxngsmnscpws9606", "Nzwmzltrdyyzdbeq, Dxzqgtro716", "010-603-356", "W", "Wahnudoqnwudcgdb V Oibsjogz", 69, "Tejzan", "Wholesaler" );
INSERT INTO Customer VALUES ( "Ztplvubydlppjcx17", "Gfnaelw3836", "Igjxwmh, Dyaajdqfsfpgqs265", "010-743-587", "W", "Kfiz W Bwlehxxl", 72, "Rlrnddbgittqbn", "Wholesaler" );
INSERT INTO Customer VALUES ( "Dkbvhsg13", "Nyimyhuofmenvamoa5213", "Erdxesdidv, Puoipahssg562", "010-340-580", "M", "Wuz G Iukmm", 9, "Ctjapbtryg", "Nomal" );
INSERT INTO Customer VALUES ( "Ronezkfayl3", "Wucq7658", "Zpzrxde, Qgdxfjt338", "010-580-787", "M", "Lxdoy R Fvhmlcxitoqvw", 64, "Ibdrnhpzsjas", "Wholesaler" );
INSERT INTO Customer VALUES ( "Xcewzomcxygxvcy5", "Vmrwbjyhtpe7135", "Raynmk, Arpqm677", "010-230-384", "W", "Skenpdkshtuca O Lrzwycbncrkstg", 96, "Wpautzjpfixfto", "Nomal" );
INSERT INTO Customer VALUES ( "Naolxr4", "Xhtqevztmlgxm9681", "Boo, Ngg1057", "010-416-828", "W", "Qzmznkyu C Ysw", 18, "Oblwntjqkmmqt", "Nomal" );
INSERT INTO Customer VALUES ( "Lyrchfixxmermdja4", "Nfnkmew5772", "Xvybxlb, Whnewvmmw790", "010-483-163", "M", "Uzoyoy G Vkwtch", 70, "Kxshzhdczptjten", "Retailer" );
INSERT INTO Customer VALUES ( "Muccah10", "Adutl2693", "Ubbd, Myxufddonmxdgej570", "010-1047-938", "M", "Ngak I Iqbltz", 27, "Mptyhbywqam", "Wholesaler" );
INSERT INTO Customer VALUES ( "Zdzdabcbj13", "Wreyl7477", "Igesvajg, Ndpniyzxytz793", "010-789-577", "W", "Jvkmeozjuovgdqasv Q Ryhte", 88, "Vnyezmzfztqjte", "Retailer" );
INSERT INTO Customer VALUES ( "Lphpyzfiqjnd10", "Ultzbrseywlybvqu2029", "Gwzudtcgehnxgn, Xvnyzxjnilnbyo945", "010-803-338", "M", "Ecbgzmc J Byyzquysbwjrqj", 6, "Klomsazw", "Wholesaler" );
INSERT INTO Customer VALUES ( "Wknea9", "Yaqmqtqfgexf8711", "Vmkzhoptqopttq, Xrtilrfyqdoba672", "010-761-145", "W", "Knsjlrmzwviba F Zauxpt", 7, "Zixmqpvdwuuptguvr", "Wholesaler" );
INSERT INTO Customer VALUES ( "Uxjk9", "Efgyvq5644", "Eeebgjdrqq, Yxsctar667", "010-817-1054", "M", "Fybp S Hpaenqormij", 52, "Rvevxcrqrftykamix", "Nomal" );
INSERT INTO Customer VALUES ( "Npwli10", "Tgipatfvlac2537", "Xghau, Oywsjkxdjdm672", "010-677-1015", "W", "Nsryemgijldtskth O Rvhc", 75, "Hwkb", "Wholesaler" );
INSERT INTO Customer VALUES ( "Ipjnhonqxdpkqe3", "Uislxs9430", "Snjygmgfbxffl, Ivo899", "010-424-429", "M", "Okxb F Qzpyhoadoxvxycjte", 76, "Fmwnfmuwgurqyncg", "Nomal" );
INSERT INTO Customer VALUES ( "Gvuqaqnmpcism15", "Ixhckpsldcle1022", "Qay, Vmnaovatny424", "010-314-957", "M", "Qxjafsvkfdlstr W Zkyinyposx", 10, "Higbxdykvgivd", "Retailer" );
INSERT INTO Customer VALUES ( "Hqpcgcvpxrdxluz9", "Tylfkpysr8904", "Ivegqjgvzgh, Krblrcw735", "010-1011-377", "M", "Vlmnrivmhnnqfqznl H Qnlloetb", 32, "Jnsnfrranqunkh", "Wholesaler" );
INSERT INTO Customer VALUES ( "Farknqavki16", "Syldtu422", "Mfakvhl, Qmmagtcqsxg666", "010-557-399", "M", "Ensktqdwmr N Gavxckvapggkfzxjw", 17, "Syqmntak", "Wholesaler" );
INSERT INTO Customer VALUES ( "Omrzas3", "Nlhfqmbwaofshr5392", "Jooqoabqmtoefbmnn, Vxvei724", "010-815-616", "M", "Izzohix G Eztviv", 65, "Generdxtvneyz", "Nomal" );
INSERT INTO Customer VALUES ( "Qvjefdtw15", "Egr2690", "Dxnzsauzkkrgyo, Isctnjxroydfqdd600", "010-603-233", "W", "Rllmvulw N Wgiiokwmzig", 10, "Qhquxlouih", "Wholesaler" );
INSERT INTO Customer VALUES ( "Bqlxmybgdr3", "Hvwpn5623", "Oncmtgxvnmoxer, Hgrcz674", "010-833-1007", "W", "Xycpjaypmopxbfm Y Dqtedepnvjteethqs", 21, "Yqbe", "Nomal" );
INSERT INTO Customer VALUES ( "Daiwktmymqlykkswh5", "Gklmhjlraztgf8820", "Bimtezklbkoo, Cmkhyyk831", "010-151-808", "M", "Mlnhkdlkfv S Efdeveqzgjfpmh", 35, "Bckietew", "Nomal" );
INSERT INTO Customer VALUES ( "Gjb9", "Resvjsn2775", "Iishkceargd, Gnpdhknikjapkka802", "010-721-901", "W", "Gprtew L Vednfwunvphpfho", 84, "Adsaupuxjztnph", "Retailer" );
INSERT INTO Customer VALUES ( "Bizavdwmbnovfizf6", "Qvmsahjwx5809", "Tktzttagjm, Uekdfizlphc891", "010-524-504", "M", "Ojmj P Knnxcbmuufpfcmpcg", 99, "Smbtbxks", "Retailer" );


INSERT INTO Shipper VALUES ( "SH279", "Mustang Express", 1, 2000 );
INSERT INTO Shipper VALUES ( "SH280", "gate box", 2, 3000 );
INSERT INTO Shipper VALUES ( "SH281", "yellow coif", 7, 5000 );


INSERT INTO Item VALUES ( "C177-0805", "Angular iron (stainless steel)", "Soso (15 * 24)", 514, "EA", 300, 6244, 120, "B7232", "C1011650" );
INSERT INTO Item VALUES ( "W849-9635", "Winterization", "K2-51 (260) Black", 455, "joe", 1, 5565, 84000, "B7223", "C1011643" );
INSERT INTO Item VALUES ( "W847-4821", "Safety fire", "Brown", 403, "joe", 50, 4541, 610, "B7223", "C1011644" );
INSERT INTO Item VALUES ( "W818-2911", "Root water grease", "MG-610 420ml", 298, "EA", 1, 4395, 2890, "B7231", "C1011638" );
INSERT INTO Item VALUES ( "W863-0278", "Air insole", "270", 443, "Article", 10, 4045, 1390, "B7228", "C1011644" );
INSERT INTO Item VALUES ( "W820-0475", "Spray (lacquer)", "Rusty", 491, "EA", 40, 3428, 2450, "B7256", "C1011639" );
INSERT INTO Item VALUES ( "W819-0026", "Spray (lacquer)", "silver", 750, "EA", 40, 3256, 1690, "B7235", "C1011639" );
INSERT INTO Item VALUES ( "W850-4788", "Winter boots", "# 81 (250) Black / Male - Peninsula Type", 128, "joe", 1, 3235, 14400, "B7259", "C1011643" );
INSERT INTO Item VALUES ( "W818-0542", "Grease (liquid)", "G-LUB 10M 420ml", 135, "EA", 1, 3107, 11200, "B7231", "C1011638" );
INSERT INTO Item VALUES ( "C132-1061", "Stick", "HS-MS503", 239, "EA", 10, 3100, 7260, "B7261", "C1011649" );
INSERT INTO Item VALUES ( "W888-1818", "Fashion boots", "Shinto (General Type) 270", 253, "joe", 1, 3026, 10700, "B7230", "C1011645" );
INSERT INTO Item VALUES ( "C100-2111", "Misunderstanding (fiber)", "3LBS", 321, "EA", 1, 3006, 8720, "B7250", "C1011651" );
INSERT INTO Item VALUES ( "W820-0022", "Spray (lacquer)", "silver", 493, "EA", 40, 2329, 1860, "B7256", "C1011639" );
INSERT INTO Item VALUES ( "C171-5516", "Smart hanger", "Slim 3P", 502, "SET", 1, 2326, 4770, "B7257", "C1011648" );
INSERT INTO Item VALUES ( "C171-5589", "Wave Bathroom Supplies", "chair", 115, "EA", 1, 2128, 6670, "B7257", "C1011648" );
INSERT INTO Item VALUES ( "C101-5601", "Cutting scissors", "SM-260 GOLD", 297, "EA", 1, 2028, 16000, "B7248", "C1011647" );
INSERT INTO Item VALUES ( "C100-4128", "Scissors", "SM-OS9", 91, "EA", 10, 1072, 2670, "B7246", "C1011647" );
INSERT INTO Item VALUES ( "C100-1811", "Ball hammer", "4OZ", 97, "EA", 1, 1043, 3610, "B7250", "C1011651" );
INSERT INTO Item VALUES ( "C171-6065", "Flip strong absorption", "Multi-purpose hook", 515, "SET", 1, 1022, 3600, "B7257", "C1011648" );
INSERT INTO Item VALUES ( "W875-7238", "Rechargeable work lights", "SL601-9L", 23, "EA", 1, 2100, 25500, "B7244", "C1011635" );
INSERT INTO Item VALUES ( "W113-7949", "LED bulb", "SM-LP8W (Daylight / 8W)", 374, "EA", 1, 4497, 2800, "B7226", "C1011634" );
INSERT INTO Item VALUES ( "W140-1862", "Working lights-LED", "KE-15 (Rechargeable)", 125, "EA", 1, 3488, 76000, "B7258", "C1011635" );
INSERT INTO Item VALUES ( "W828-0064", "Grease (tube)", "85G (21030)", 309, "EA", 1, 8881, 7310, "B7245", "C1011638" );
INSERT INTO Item VALUES ( "W102-4584", "A general lantern", "SML-302-2L (LED)", 654, "EA", 1, 74, 7200, "B7227", "C1011635" );
INSERT INTO Item VALUES ( "W828-0019", "Grease (high temperature)", "1LB (400G) # 41160", 918, "EA", 1, 72, 18300, "B7245", "C1011638" );
INSERT INTO Item VALUES ( "W879-0011", "Fluorescent lamp", "High frequency (1st grade) 32EX-D", 25, "EA", 25, 70, 2050, "B7225", "C1011634" );
INSERT INTO Item VALUES ( "W868-0945", "silicon", "OS translucent 270ml", 420, "EA", 25, 63, 2410, "B7252", "C1011637" );
INSERT INTO Item VALUES ( "W868-0680", "silicon", "OS Gray 270ml", 459, "EA", 25, 0, 2150, "B7252", "C1011637" );
INSERT INTO Item VALUES ( "C100-4119", "Scissors (office)", "SM-OS8", 352, "EA", 10, 0, 2520, "B7246", "C1011647" );
INSERT INTO Item VALUES ( "W845-0900", "Insole for safety", "265", 575, "Article", 10, 0, 1520, "B7238", "C1011644" );
INSERT INTO Item VALUES ( "W113-7921", "LED lighting fixtures", "SM-LF30W (Daylight / 30W) - Date light", 96, "EA", 1, 48, 9800, "B7226", "C1011634" );
INSERT INTO Item VALUES ( "W868-0699", "silicon", "OS transparent 270ml", 527, "EA", 25, 45, 2410, "B7252", "C1011637" );
INSERT INTO Item VALUES ( "W819-0035", "Spray (lacquer)", "Red", 547, "EA", 40, 39, 1690, "B7235", "C1011639" );
INSERT INTO Item VALUES ( "W879-3841", "LED electronic signal bar", "40x260mm", 456, "EA", 1, 37, 5850, "B7225", "C1011636" );
INSERT INTO Item VALUES ( "C166-0915", "Door pedestal (horseshoe)", "DHS-101 (Small)", 552, "EA", 30, 37, 1580, "B7234", "C1011650" );
INSERT INTO Item VALUES ( "C401-0148", "Battery (manganese)", "R20 (D) (1 plate = 2EA)", 318, "edition", 12, 35, 1100, "B7242", "C1011646" );
INSERT INTO Item VALUES ( "W863-0250", "Air insole", "260", 223, "Article", 10, 32, 1390, "B7228", "C1011644" );
INSERT INTO Item VALUES ( "W105-3373", "Bellows, etc.", "SHT-WK0603 (LED-magnet type)", 594, "EA", 1, 25, 23000, "B7229", "C1011635" );
INSERT INTO Item VALUES ( "W868-0559", "silicon", "909S Gray 270ml", 9, "EA", 25, 25, 2440, "B7236", "C1011637" );
INSERT INTO Item VALUES ( "C177-1424", "Each quarter", "SM-AS3024 (Of)", 156, "EA", 200, 25, 180, "B7247", "C1011650" );
INSERT INTO Item VALUES ( "C401-0111", "Battery (alkaline)", "LR03 (AAA) (1 plate = 2EA)", 644, "Edition", 30, 23, 650, "B7242", "C1011646" );
INSERT INTO Item VALUES ( "W879-4017", "Slip emitter", "SF-50FLS (= DI-SY-LED50W alternative)", 373, "EA", 1, 21, 42900, "B7251", "C1011636" );
INSERT INTO Item VALUES ( "C101-5610", "Cutting scissors", "SM-280 GOLD", 401, "EA", 1, 19, 20000, "B7248", "C1011647" );
INSERT INTO Item VALUES ( "W144-4371", "Floodlight-LED", "BS-WTL 20-2 (= BS-WNL 20-2)", 245, "EA", 1, 16, 93700, "B7254", "C1011636" );
INSERT INTO Item VALUES ( "C177-1406", "Each quarter", "SM-AS1524 (Soso)", 289, "EA", 300, 13, 110, "B7247", "C1011650" );
INSERT INTO Item VALUES ( "C102-3071", "Paper cup", "1000PCS", 415, "BOX", 1, 13, 16800, "B7249", "C1011648" );
INSERT INTO Item VALUES ( "W864-4697", "Chinese boots", "260", 250, "joe", 1, 12, 33900, "B7233", "C1011643" );
INSERT INTO Item VALUES ( "C100-2102", "Cold hammer", "Cold hammer", 334, "EA", 1, 12, 6570, "B7255", "C1011651" );
INSERT INTO Item VALUES ( "W864-9993", "Walking", "Bordeaux for men (275) Brown", 768, "joe", 1, 10, 199000, "B7253", "C1011641" );
INSERT INTO Item VALUES ( "W864-8897", "tent", "Caties 2IN1 Beige", 1142, "EA", 1, 10, 159000, "B7253", "C1011642" );
INSERT INTO Item VALUES ( "W864-5456", "sleeping bag", "Ball padded sleeping bag (FREE) NAVY", 587, "EA", 1, 8, 119000, "B7224", "C1011642" );
INSERT INTO Item VALUES ( "W864-5304", "tent", "Non-nested double", 431, "EA", 1, 8, 189000, "B7224", "C1011642" );
INSERT INTO Item VALUES ( "W899-2442", "Fashion Boots", "265 brown / male", 95, "joe", 1, 8, 16200, "B7259", "C1011643" );
INSERT INTO Item VALUES ( "W113-8133", "Fashion boots", "SRB-01 (270)", 834, "joe", 1, 8, 7420, "B7230", "C1011645" );
INSERT INTO Item VALUES ( "W864-8541", "Walking", "Illinois (280) Black", 29, "joe", 1, 7, 209000, "B7224", "C1011641" );
INSERT INTO Item VALUES ( "W843-9961", "mat", "2 square mattress (FREE) Khaki", 121, "joe", 1, 7, 36000, "B7224", "C1011642" );
INSERT INTO Item VALUES ( "W879-0303", "Incandescent bulb", "300W transparent light", 504, "EA", 20, 7, 2240, "B7225", "C1011634" );
INSERT INTO Item VALUES ( "C132-2848", "sickle", "HS-CSS301 (Chosun Sang)", 146, "EA", 10, 7, 4440, "B7260", "C1011649" );
INSERT INTO Item VALUES ( "C132-1070", "Each", "HS-GS501", 101, "EA", 10, 6, 7260, "B7261", "C1011649" );
INSERT INTO Item VALUES ( "C142-0034", "Battery (alkaline)", "LR6 (AA) (1 plate = 2EA)", 199, "Edition", 20, 6, 1000, "B7240", "C1011646" );
INSERT INTO Item VALUES ( "C142-0016", "Battery (alkaline)", "LR03 (AAA) (1 plate = 2EA)", 276, "Edition", 20, 6, 1000, "B7240", "C1011646" );
INSERT INTO Item VALUES ( "W864-5313", "bag", "CRUSH 32", 204, "joe", 1, 5, 128000, "B7224", "C1011640" );
INSERT INTO Item VALUES ( "W848-9197", "backpack", "Holly backpack (public) 25L Green", 201, "EA", 1, 5, 68000, "B7237", "C1011640" );
INSERT INTO Item VALUES ( "W833-0439", "Walking", "Leah (250) Black", 132, "joe", 1, 5, 99000, "B7224", "C1011641" );
INSERT INTO Item VALUES ( "W846-2808", "Yodo Stable Boots", "(PS-01) 265", 446, "joe", 1, 5, 29600, "B7243", "C1011645" );
INSERT INTO Item VALUES ( "W144-3123", "LED Floodlight (Rechargeable)", "BS-HCL20", 108, "EA", 1, 5, 67900, "B7254", "C1011636" );
INSERT INTO Item VALUES ( "C131-0092", "Welding hammer (versatile)", "versus", 492, "EA", 1, 5, 12400, "B7255", "C1011651" );
INSERT INTO Item VALUES ( "W864-9595", "bag", "Lewis Hippos 4", 108, "EA", 1, 4, 29000, "B7253", "C1011640" );
INSERT INTO Item VALUES ( "W850-0029", "Yodo Stable Boots", "270", 101, "joe", 1, 4, 32200, "B7233", "C1011645" );
INSERT INTO Item VALUES ( "W843-8704", "bag", "Line 30", 893, "EA", 1, 3, 145000, "B7241", "C1011640" );
INSERT INTO Item VALUES ( "W846-5753", "Walking", "Light Cool Public", 403, "joe", 1, 3, 189000, "B7224", "C1011641" );
INSERT INTO Item VALUES ( "C270-2661", "sickle", "S-18", 78, "EA", 10, 0, 4730, "B7239", "C1011649" );


INSERT INTO ShoppingBasket VALUES ( "Djp1020331", 1178760, "Wdzxc8" );
INSERT INTO ShoppingBasket VALUES ( "Ogtr1020338", 4293670, "Doyklvmqyh14" );
INSERT INTO ShoppingBasket VALUES ( "Elpeeq1020345", 1179490, "Xmzlvzku14" );
INSERT INTO ShoppingBasket VALUES ( "Ir1020352", 2892330, "Ixupyn15" );
INSERT INTO ShoppingBasket VALUES ( "Eiuu1020359", 2413700, "Dtevri9" );
INSERT INTO ShoppingBasket VALUES ( "Umwpp1020366", 1225430, "Eimmpxkdbbf17" );
INSERT INTO ShoppingBasket VALUES ( "Lm1020373", 1994760, "Pzkbzcvyy15" );
INSERT INTO ShoppingBasket VALUES ( "Mzlt1020380", 3593070, "Ofjithncs11" );
INSERT INTO ShoppingBasket VALUES ( "Goow1020387", 3091990, "Csdfxdmhlxmlbptru17" );
INSERT INTO ShoppingBasket VALUES ( "Uvnrn1020394", 2188750, "Ekoznex12" );
INSERT INTO ShoppingBasket VALUES ( "Rb1020401", 1662530, "Rqtgznfaerjebjkba15" );
INSERT INTO ShoppingBasket VALUES ( "Ptwzni1020408", 4977920, "Xbs4" );
INSERT INTO ShoppingBasket VALUES ( "Tj1020415", 3396330, "Ppqa12" );
INSERT INTO ShoppingBasket VALUES ( "Tzc1020422", 2576370, "Ustsx8" );
INSERT INTO ShoppingBasket VALUES ( "Cricw1020429", 3412300, "Figerdrkwplerg6" );
INSERT INTO ShoppingBasket VALUES ( "Dsxnt1020436", 2917060, "Kthwxizcioazcylmz13" );
INSERT INTO ShoppingBasket VALUES ( "Gz1020443", 1318580, "Ozkglhrfsmnv9" );
INSERT INTO ShoppingBasket VALUES ( "Sgr1020450", 3932110, "Ccxlkkua15" );
INSERT INTO ShoppingBasket VALUES ( "Njmthe1020457", 4367020, "Cdulalemer7" );
INSERT INTO ShoppingBasket VALUES ( "Aw1020464", 2031460, "Ljuitasikiozf15" );
INSERT INTO ShoppingBasket VALUES ( "Oik1020471", 1583440, "Tbmgobvfptc15" );
INSERT INTO ShoppingBasket VALUES ( "Rraqf1020478", 1489480, "Jnxuihvzygl5" );
INSERT INTO ShoppingBasket VALUES ( "Trtmn1020485", 3181420, "Tqtz10" );
INSERT INTO ShoppingBasket VALUES ( "Zayf1020492", 2174190, "Cpmizhlmmkfkwf3" );
INSERT INTO ShoppingBasket VALUES ( "Uv1020499", 3146490, "Lnnbvovl10" );
INSERT INTO ShoppingBasket VALUES ( "Wqk1020506", 2582420, "Jmahqt13" );
INSERT INTO ShoppingBasket VALUES ( "Rdxwpj1020513", 2734150, "Kembaomqdeo7" );
INSERT INTO ShoppingBasket VALUES ( "Geumj1020520", 879470, "Ueczhdqwyhw16" );
INSERT INTO ShoppingBasket VALUES ( "Scnss1020527", 9026280, "Tpxmmgyo13" );
INSERT INTO ShoppingBasket VALUES ( "Frka1020534", 1913680, "Rppfwnsjnmxbxbv5" );
INSERT INTO ShoppingBasket VALUES ( "Twpx1020541", 3291770, "Anhjhoxogjclgblop11" );
INSERT INTO ShoppingBasket VALUES ( "Erlhvv1020548", 130747860, "Vonubeimxxyestj17" );
INSERT INTO ShoppingBasket VALUES ( "Qaee1020555", 891920, "Qac14" );
INSERT INTO ShoppingBasket VALUES ( "Hmby1020562", 12495740, "Wkegaooizxysy14" );
INSERT INTO ShoppingBasket VALUES ( "Gsqcw1020569", 14779050, "Wqptttfcphmfhyjs5" );
INSERT INTO ShoppingBasket VALUES ( "Zixll1020576", 2446960, "Pegwhos14" );
INSERT INTO ShoppingBasket VALUES ( "Oy1020583", 66914350, "Wvetpaexkjejybvii15" );
INSERT INTO ShoppingBasket VALUES ( "Ihx1020590", 100284960, "Vqbgklsuc15" );
INSERT INTO ShoppingBasket VALUES ( "Ej1020597", 120206630, "Ztplvubydlppjcx17" );
INSERT INTO ShoppingBasket VALUES ( "Jjy1020604", 1620160, "Dkbvhsg13" );
INSERT INTO ShoppingBasket VALUES ( "Ojtz1020611", 0, "Ronezkfayl3" );
INSERT INTO ShoppingBasket VALUES ( "Qcbr1020618", 0, "Xcewzomcxygxvcy5" );
INSERT INTO ShoppingBasket VALUES ( "Ahiys1020625", 0, "Naolxr4" );
INSERT INTO ShoppingBasket VALUES ( "Tdd1020632", 0, "Lyrchfixxmermdja4" );
INSERT INTO ShoppingBasket VALUES ( "Ia1020639", 0, "Muccah10" );
INSERT INTO ShoppingBasket VALUES ( "Wbuek1020646", 0, "Zdzdabcbj13" );
INSERT INTO ShoppingBasket VALUES ( "Jxm1020653", 0, "Lphpyzfiqjnd10" );
INSERT INTO ShoppingBasket VALUES ( "Dbcn1020660", 0, "Wknea9" );
INSERT INTO ShoppingBasket VALUES ( "Fl1020667", 0, "Uxjk9" );
INSERT INTO ShoppingBasket VALUES ( "Tshw1020674", 0, "Npwli10" );
INSERT INTO ShoppingBasket VALUES ( "Evbl1020681", 0, "Ipjnhonqxdpkqe3" );
INSERT INTO ShoppingBasket VALUES ( "Oc1020688", 0, "Gvuqaqnmpcism15" );
INSERT INTO ShoppingBasket VALUES ( "Lkxgdt1020695", 0, "Hqpcgcvpxrdxluz9" );
INSERT INTO ShoppingBasket VALUES ( "Sa1020702", 0, "Farknqavki16" );
INSERT INTO ShoppingBasket VALUES ( "Fzh1020709", 0, "Omrzas3" );
INSERT INTO ShoppingBasket VALUES ( "Uurjmq1020716", 0, "Qvjefdtw15" );
INSERT INTO ShoppingBasket VALUES ( "Diqx1020723", 0, "Bqlxmybgdr3" );
INSERT INTO ShoppingBasket VALUES ( "Ek1020730", 0, "Daiwktmymqlykkswh5" );
INSERT INTO ShoppingBasket VALUES ( "Fzm1020737", 0, "Gjb9" );
INSERT INTO ShoppingBasket VALUES ( "Fd1020744", 0, "Bizavdwmbnovfizf6" );


INSERT INTO ShippingLocation VALUES ( "SL731", "Rmmhbpjsenjbv", "Brneyz", "Mountains and Islands", "SH281", "Wdzxc8" );
INSERT INTO ShippingLocation VALUES ( "SL732", "Slfrkcmilvfe", "Otmeniaotkve", "Provinces", "SH280", "Doyklvmqyh14" );
INSERT INTO ShippingLocation VALUES ( "SL733", "Djrpuvcbohi", "Rrmcezgmotlcff", "Mountains and Islands", "SH281", "Xmzlvzku14" );
INSERT INTO ShippingLocation VALUES ( "SL734", "Qtxyrtlgcwnfzwuhc", "Lokngsvldbordco", "Seoul and Gyeonggi", "SH279", "Ixupyn15" );
INSERT INTO ShippingLocation VALUES ( "SL735", "Uqorriegxcy", "Ldfiwlrtvatzt", "Seoul and Gyeonggi", "SH279", "Dtevri9" );
INSERT INTO ShippingLocation VALUES ( "SL736", "Iwlazryluexpf", "Ptusgrlbvbqht", "Provinces", "SH280", "Eimmpxkdbbf17" );
INSERT INTO ShippingLocation VALUES ( "SL737", "Jsu", "Efhoarzdpv", "Seoul and Gyeonggi", "SH279", "Pzkbzcvyy15" );
INSERT INTO ShippingLocation VALUES ( "SL738", "Blux", "Vxo", "Seoul and Gyeonggi", "SH279", "Ofjithncs11" );
INSERT INTO ShippingLocation VALUES ( "SL739", "Odugtnzcmk", "Ounlhqmmhhkzfu", "Provinces", "SH280", "Csdfxdmhlxmlbptru17" );
INSERT INTO ShippingLocation VALUES ( "SL740", "Wdsxjoe", "Gyimwgeaxejkwj", "Seoul and Gyeonggi", "SH279", "Ekoznex12" );
INSERT INTO ShippingLocation VALUES ( "SL741", "Pkvptqapf", "Gtdq", "Provinces", "SH280", "Rqtgznfaerjebjkba15" );
INSERT INTO ShippingLocation VALUES ( "SL742", "Xickedfhdqw", "Qsghb", "Seoul and Gyeonggi", "SH279", "Xbs4" );
INSERT INTO ShippingLocation VALUES ( "SL743", "Nvvhgmwrfmz", "Mcyxqkkbfghxome", "Seoul and Gyeonggi", "SH279", "Ppqa12" );
INSERT INTO ShippingLocation VALUES ( "SL744", "Mtmttlwjrcxb", "Yexfn", "Seoul and Gyeonggi", "SH279", "Ustsx8" );
INSERT INTO ShippingLocation VALUES ( "SL745", "Dwvoikozzbulcwau", "Ryqqqevc", "Provinces", "SH280", "Figerdrkwplerg6" );
INSERT INTO ShippingLocation VALUES ( "SL746", "Mywst", "Wctdxlqs", "Seoul and Gyeonggi", "SH279", "Kthwxizcioazcylmz13" );
INSERT INTO ShippingLocation VALUES ( "SL747", "Lmvggozzf", "Hnhutoz", "Mountains and Islands", "SH281", "Ozkglhrfsmnv9" );
INSERT INTO ShippingLocation VALUES ( "SL748", "Xfgrgwy", "Ihbkmkuda", "Seoul and Gyeonggi", "SH279", "Ccxlkkua15" );
INSERT INTO ShippingLocation VALUES ( "SL749", "Dgsn", "Tgs", "Seoul and Gyeonggi", "SH279", "Cdulalemer7" );
INSERT INTO ShippingLocation VALUES ( "SL750", "Qfaemvsyzva", "Wcgeic", "Provinces", "SH280", "Ljuitasikiozf15" );
INSERT INTO ShippingLocation VALUES ( "SL751", "Poylxdkgqkuxns", "Sqmkxqudbtcjm", "Mountains and Islands", "SH281", "Tbmgobvfptc15" );
INSERT INTO ShippingLocation VALUES ( "SL752", "Ieuuhyaxcxgpy", "Cnpfrmhdeug", "Seoul and Gyeonggi", "SH279", "Jnxuihvzygl5" );
INSERT INTO ShippingLocation VALUES ( "SL753", "Ylgsrfyonm", "Bzql", "Seoul and Gyeonggi", "SH279", "Tqtz10" );
INSERT INTO ShippingLocation VALUES ( "SL754", "Ydkezqplmkfbo", "Gvtizsvmpvjvxc", "Provinces", "SH280", "Cpmizhlmmkfkwf3" );
INSERT INTO ShippingLocation VALUES ( "SL755", "Jesucauqibq", "Hiasylnpbjj", "Mountains and Islands", "SH281", "Lnnbvovl10" );
INSERT INTO ShippingLocation VALUES ( "SL756", "Nvpuqlhkbabyd", "Nfdigrk", "Provinces", "SH280", "Jmahqt13" );
INSERT INTO ShippingLocation VALUES ( "SL757", "Tumofpzm", "Hlywncpcjw", "Seoul and Gyeonggi", "SH279", "Kembaomqdeo7" );
INSERT INTO ShippingLocation VALUES ( "SL758", "Rdsihjqtqe", "Dwqllvgvitnhrr", "Mountains and Islands", "SH281", "Ueczhdqwyhw16" );
INSERT INTO ShippingLocation VALUES ( "SL759", "Zyfnlxvcjv", "Ilwjvfdkvpnuq", "Seoul and Gyeonggi", "SH279", "Tpxmmgyo13" );
INSERT INTO ShippingLocation VALUES ( "SL760", "Kbhlllgidnypov", "Eodtgnxqtpx", "Provinces", "SH280", "Rppfwnsjnmxbxbv5" );
INSERT INTO ShippingLocation VALUES ( "SL761", "Rwkmnzmab", "Gwhjolivdw", "Mountains and Islands", "SH281", "Anhjhoxogjclgblop11" );
INSERT INTO ShippingLocation VALUES ( "SL762", "Vsn", "Osdxrrplxrhxiyug", "Mountains and Islands", "SH281", "Vonubeimxxyestj17" );
INSERT INTO ShippingLocation VALUES ( "SL763", "Xue", "Fhmfwdauolgav", "Mountains and Islands", "SH281", "Qac14" );
INSERT INTO ShippingLocation VALUES ( "SL764", "Xibyypxvpgvqwvnws", "Mvmlgrgznkpjdx", "Mountains and Islands", "SH281", "Wkegaooizxysy14" );
INSERT INTO ShippingLocation VALUES ( "SL765", "Rvpjerjh", "Bdzilmbpmghiueblo", "Seoul and Gyeonggi", "SH279", "Wqptttfcphmfhyjs5" );
INSERT INTO ShippingLocation VALUES ( "SL766", "Eai", "Qmmlvfbnoevfrry", "Mountains and Islands", "SH281", "Pegwhos14" );
INSERT INTO ShippingLocation VALUES ( "SL767", "Obsmqvxskaeyw", "Vwoiy", "Seoul and Gyeonggi", "SH279", "Wvetpaexkjejybvii15" );
INSERT INTO ShippingLocation VALUES ( "SL768", "Bbotssj", "Gxxf", "Seoul and Gyeonggi", "SH279", "Vqbgklsuc15" );
INSERT INTO ShippingLocation VALUES ( "SL769", "Plmousiohj", "Ved", "Provinces", "SH280", "Ztplvubydlppjcx17" );
INSERT INTO ShippingLocation VALUES ( "SL770", "Qvzhyyjbn", "Vtsemfmvrphdkpizh", "Mountains and Islands", "SH281", "Dkbvhsg13" );
INSERT INTO ShippingLocation VALUES ( "SL771", "Edamr", "Xtuevxhlst", "Seoul and Gyeonggi", "SH279", "Ronezkfayl3" );
INSERT INTO ShippingLocation VALUES ( "SL772", "Azgue", "Rmaowtnfcxvklp", "Seoul and Gyeonggi", "SH279", "Xcewzomcxygxvcy5" );
INSERT INTO ShippingLocation VALUES ( "SL773", "Bcuk", "Qguwldy", "Mountains and Islands", "SH281", "Naolxr4" );
INSERT INTO ShippingLocation VALUES ( "SL774", "Gwfzgbmhdjkb", "Zvgwxslnvpz", "Provinces", "SH280", "Lyrchfixxmermdja4" );
INSERT INTO ShippingLocation VALUES ( "SL775", "Pvzixnuseqwmf", "Lsbqckjfmww", "Mountains and Islands", "SH281", "Muccah10" );
INSERT INTO ShippingLocation VALUES ( "SL776", "Qshgo", "Fdg", "Seoul and Gyeonggi", "SH279", "Zdzdabcbj13" );
INSERT INTO ShippingLocation VALUES ( "SL777", "Vuyeadmpigprmf", "Lcdzhtbean", "Provinces", "SH280", "Lphpyzfiqjnd10" );
INSERT INTO ShippingLocation VALUES ( "SL778", "Oljrruqmbzdxalmpd", "Jsmy", "Mountains and Islands", "SH281", "Wknea9" );
INSERT INTO ShippingLocation VALUES ( "SL779", "Zyhvckvulbdv", "Uxpvbtvdwbv", "Mountains and Islands", "SH281", "Uxjk9" );
INSERT INTO ShippingLocation VALUES ( "SL780", "Apazhubaflfypcs", "Oxjkmuy", "Provinces", "SH280", "Npwli10" );
INSERT INTO ShippingLocation VALUES ( "SL781", "Ppgvkwlnb", "Axgasae", "Mountains and Islands", "SH281", "Ipjnhonqxdpkqe3" );
INSERT INTO ShippingLocation VALUES ( "SL782", "Quthod", "Eakkxujaumuj", "Provinces", "SH280", "Gvuqaqnmpcism15" );
INSERT INTO ShippingLocation VALUES ( "SL783", "Sykfyuqp", "Hoouxmjnybjznprlm", "Mountains and Islands", "SH281", "Hqpcgcvpxrdxluz9" );
INSERT INTO ShippingLocation VALUES ( "SL784", "Kxh", "Mma", "Seoul and Gyeonggi", "SH279", "Farknqavki16" );
INSERT INTO ShippingLocation VALUES ( "SL785", "Jzwvchdmlzhx", "Cgcvwci", "Seoul and Gyeonggi", "SH279", "Omrzas3" );
INSERT INTO ShippingLocation VALUES ( "SL786", "Vpullhxjcxudj", "Gbskpzqxwiof", "Provinces", "SH280", "Qvjefdtw15" );
INSERT INTO ShippingLocation VALUES ( "SL787", "Elyytrkrwzt", "Mtqrtqfx", "Provinces", "SH280", "Bqlxmybgdr3" );
INSERT INTO ShippingLocation VALUES ( "SL788", "Deqikojwkqisgs", "Pyw", "Seoul and Gyeonggi", "SH279", "Daiwktmymqlykkswh5" );
INSERT INTO ShippingLocation VALUES ( "SL789", "Ytanvmxye", "Wrl", "Seoul and Gyeonggi", "SH279", "Gjb9" );
INSERT INTO ShippingLocation VALUES ( "SL790", "Itxn", "Ueqmvjur", "Provinces", "SH280", "Bizavdwmbnovfizf6" );


INSERT INTO ItemOrder VALUES ( "IO-Wmk1021331", 10830, "2018-10-25", "Waiting for payment", "Ustsx8", "SL744", "SH279" );
INSERT INTO ItemOrder VALUES ( "IO-Ndot1021348", 1306000, "2018-10-24", "Waiting for payment", "Ipjnhonqxdpkqe3", "SL781", "SH281" );
INSERT INTO ItemOrder VALUES ( "IO-Txkq1021365", 1040400, "2018-10-3", "shipping", "Farknqavki16", "SL784", "SH279" );
INSERT INTO ItemOrder VALUES ( "IO-K1021382", 570380, "2018-9-20", "shipping", "Xcewzomcxygxvcy5", "SL772", "SH279" );
INSERT INTO ItemOrder VALUES ( "IO-Nut1021399", 693000, "2018-9-16", "Confirm payment", "Dkbvhsg13", "SL770", "SH281" );
INSERT INTO ItemOrder VALUES ( "IO-Q1021416", 166030, "2018-9-22", "Confirm payment", "Xbs4", "SL742", "SH279" );
INSERT INTO ItemOrder VALUES ( "IO-N1021433", 5490, "2018-8-1", "shipping", "Kembaomqdeo7", "SL757", "SH279" );
INSERT INTO ItemOrder VALUES ( "IO-Y1021450", 749600, "2018-8-9", "shipping", "Tqtz10", "SL753", "SH279" );
INSERT INTO ItemOrder VALUES ( "IO-Tpv1021467", 8250, "2018-8-22", "shipping", "Anhjhoxogjclgblop11", "SL761", "SH281" );
INSERT INTO ItemOrder VALUES ( "IO-A1021484", 53360, "2018-7-7", "recived", "Ljuitasikiozf15", "SL750", "SH280" );
INSERT INTO ItemOrder VALUES ( "IO-Bp1021501", 2990280, "2018-7-0", "shipping", "Npwli10", "SL780", "SH280" );
INSERT INTO ItemOrder VALUES ( "IO-Ybaz1021518", 632910, "2018-7-6", "Confirm payment", "Hqpcgcvpxrdxluz9", "SL783", "SH281" );
INSERT INTO ItemOrder VALUES ( "IO-Hflc1021535", 100800, "2018-6-14", "Confirm payment", "Ofjithncs11", "SL738", "SH279" );
INSERT INTO ItemOrder VALUES ( "IO-O1021552", 228000, "2018-6-1", "recived", "Rppfwnsjnmxbxbv5", "SL760", "SH280" );
INSERT INTO ItemOrder VALUES ( "IO-Lwn1021569", 43860, "2018-6-2", "Confirm payment", "Ccxlkkua15", "SL748", "SH279" );
INSERT INTO ItemOrder VALUES ( "IO-Rhy1021586", 6392100, "2018-5-23", "shipping", "Npwli10", "SL780", "SH280" );
INSERT INTO ItemOrder VALUES ( "IO-D1021603", 4100, "2018-5-16", "Confirm payment", "Xmzlvzku14", "SL733", "SH281" );
INSERT INTO ItemOrder VALUES ( "IO-Q1021620", 6320, "2018-5-20", "shipping", "Tqtz10", "SL753", "SH279" );
INSERT INTO ItemOrder VALUES ( "IO-D1021637", 111600, "2018-4-3", "recived", "Uxjk9", "SL779", "SH281" );
INSERT INTO ItemOrder VALUES ( "IO-Sgzv1021654", 300300, "2018-4-2", "Confirm payment", "Pegwhos14", "SL766", "SH281" );
INSERT INTO ItemOrder VALUES ( "IO-Upwl1021671", 7269990, "2018-4-21", "Waiting for payment", "Lyrchfixxmermdja4", "SL774", "SH280" );
INSERT INTO ItemOrder VALUES ( "IO-Dp1021688", 2559440, "2018-3-22", "Waiting for payment", "Figerdrkwplerg6", "SL745", "SH280" );
INSERT INTO ItemOrder VALUES ( "IO-Qz1021705", 1254000, "2018-3-15", "shipping", "Qac14", "SL763", "SH281" );
INSERT INTO ItemOrder VALUES ( "IO-Mphv1021722", 1580, "2018-3-10", "Confirm payment", "Ixupyn15", "SL734", "SH279" );
INSERT INTO ItemOrder VALUES ( "IO-T1021739", 1321840, "2018-2-2", "Confirm payment", "Gvuqaqnmpcism15", "SL782", "SH280" );
INSERT INTO ItemOrder VALUES ( "IO-J1021756", 534800, "2018-2-21", "Waiting for payment", "Npwli10", "SL780", "SH280" );
INSERT INTO ItemOrder VALUES ( "IO-Dcj1021773", 319980, "2018-2-17", "shipping", "Tbmgobvfptc15", "SL751", "SH281" );
INSERT INTO ItemOrder VALUES ( "IO-Mzj1021790", 563800, "2018-1-1", "Confirm payment", "Ueczhdqwyhw16", "SL758", "SH281" );
INSERT INTO ItemOrder VALUES ( "IO-Hfxw1021807", 200400, "2018-1-1", "Confirm payment", "Ueczhdqwyhw16", "SL758", "SH281" );
INSERT INTO ItemOrder VALUES ( "IO-U1021824", 11830, "2018-1-22", "recived", "Ipjnhonqxdpkqe3", "SL781", "SH281" );
INSERT INTO ItemOrder VALUES ( "IO-Tsq1021841", 365880, "2017-12-21", "Confirm payment", "Ipjnhonqxdpkqe3", "SL781", "SH281" );
INSERT INTO ItemOrder VALUES ( "IO-Poi1021858", 378000, "2017-12-22", "recived", "Tqtz10", "SL753", "SH279" );
INSERT INTO ItemOrder VALUES ( "IO-Aalz1021875", 4848000, "2017-12-10", "Waiting for payment", "Muccah10", "SL775", "SH281" );
INSERT INTO ItemOrder VALUES ( "IO-E1021892", 135600, "2017-11-3", "recived", "Qac14", "SL763", "SH281" );
INSERT INTO ItemOrder VALUES ( "IO-E1021909", 187400, "2017-11-12", "Waiting for payment", "Ustsx8", "SL744", "SH279" );
INSERT INTO ItemOrder VALUES ( "IO-B1021926", 161000, "2017-11-10", "recived", "Omrzas3", "SL785", "SH279" );
INSERT INTO ItemOrder VALUES ( "IO-O1021943", 16700, "2017-10-17", "recived", "Ppqa12", "SL743", "SH279" );
INSERT INTO ItemOrder VALUES ( "IO-Oplw1021960", 1512000, "2017-10-3", "Confirm payment", "Ppqa12", "SL743", "SH279" );
INSERT INTO ItemOrder VALUES ( "IO-Z1021977", 1803060, "2017-10-1", "Confirm payment", "Vonubeimxxyestj17", "SL762", "SH281" );
INSERT INTO ItemOrder VALUES ( "IO-Oidi1021994", 96000, "2017-9-15", "Confirm payment", "Kthwxizcioazcylmz13", "SL746", "SH279" );
INSERT INTO ItemOrder VALUES ( "IO-Gyy1022011", 110, "2017-9-4", "shipping", "Pzkbzcvyy15", "SL737", "SH279" );
INSERT INTO ItemOrder VALUES ( "IO-Akup1022028", 249820, "2017-9-10", "Confirm payment", "Ppqa12", "SL743", "SH279" );
INSERT INTO ItemOrder VALUES ( "IO-Pgdw1022045", 549870, "2017-8-10", "Confirm payment", "Figerdrkwplerg6", "SL745", "SH280" );
INSERT INTO ItemOrder VALUES ( "IO-Dqnp1022062", 27020, "2017-8-16", "Confirm payment", "Pzkbzcvyy15", "SL737", "SH279" );
INSERT INTO ItemOrder VALUES ( "IO-O1022079", 1272000, "2017-8-3", "Waiting for payment", "Doyklvmqyh14", "SL732", "SH280" );
INSERT INTO ItemOrder VALUES ( "IO-Hi1022096", 9000, "2017-7-20", "recived", "Ustsx8", "SL744", "SH279" );
INSERT INTO ItemOrder VALUES ( "IO-Q1022113", 17080, "2017-7-11", "Waiting for payment", "Pzkbzcvyy15", "SL737", "SH279" );
INSERT INTO ItemOrder VALUES ( "IO-L1022130", 134400, "2017-7-26", "Confirm payment", "Qac14", "SL763", "SH281" );
INSERT INTO ItemOrder VALUES ( "IO-V1022147", 13610, "2017-6-14", "Confirm payment", "Cdulalemer7", "SL749", "SH279" );
INSERT INTO ItemOrder VALUES ( "IO-Qi1022164", 11430, "2017-6-11", "recived", "Ekoznex12", "SL740", "SH279" );
INSERT INTO ItemOrder VALUES ( "IO-Dlea1022181", 203400, "2017-6-13", "Confirm payment", "Pzkbzcvyy15", "SL737", "SH279" );
INSERT INTO ItemOrder VALUES ( "IO-Ct1022198", 7140000, "2017-5-0", "shipping", "Zdzdabcbj13", "SL776", "SH279" );
INSERT INTO ItemOrder VALUES ( "IO-Ywm1022215", 1737740, "2017-5-10", "shipping", "Ppqa12", "SL743", "SH279" );
INSERT INTO ItemOrder VALUES ( "IO-Tun1022232", 835000, "2017-5-19", "shipping", "Ofjithncs11", "SL738", "SH279" );
INSERT INTO ItemOrder VALUES ( "IO-R1022249", 229820, "2017-4-17", "Confirm payment", "Lyrchfixxmermdja4", "SL774", "SH280" );
INSERT INTO ItemOrder VALUES ( "IO-Woxs1022266", 46800, "2017-4-5", "Waiting for payment", "Wdzxc8", "SL731", "SH281" );
INSERT INTO ItemOrder VALUES ( "IO-Hpzi1022283", 7200, "2017-4-6", "Confirm payment", "Dkbvhsg13", "SL770", "SH281" );
INSERT INTO ItemOrder VALUES ( "IO-M1022300", 231820, "2017-3-14", "shipping", "Anhjhoxogjclgblop11", "SL761", "SH281" );
INSERT INTO ItemOrder VALUES ( "IO-Gfzf1022317", 22360, "2017-3-25", "Waiting for payment", "Dkbvhsg13", "SL770", "SH281" );
INSERT INTO ItemOrder VALUES ( "IO-Wkd1022334", 158520, "2017-3-20", "Confirm payment", "Cdulalemer7", "SL749", "SH279" );
INSERT INTO ItemOrder VALUES ( "IO-Jc1022351", 82160, "2017-2-26", "shipping", "Lyrchfixxmermdja4", "SL774", "SH280" );
INSERT INTO ItemOrder VALUES ( "IO-Fb1022368", 1392000, "2017-2-12", "shipping", "Gvuqaqnmpcism15", "SL782", "SH280" );
INSERT INTO ItemOrder VALUES ( "IO-T1022385", 28880, "2017-2-8", "Waiting for payment", "Pegwhos14", "SL766", "SH281" );
INSERT INTO ItemOrder VALUES ( "IO-Ykor1022402", 9540, "2017-1-12", "Confirm payment", "Ccxlkkua15", "SL748", "SH279" );
INSERT INTO ItemOrder VALUES ( "IO-U1022419", 35520, "2017-1-15", "Confirm payment", "Kthwxizcioazcylmz13", "SL746", "SH279" );
INSERT INTO ItemOrder VALUES ( "IO-S1022436", 53400, "2017-1-25", "Confirm payment", "Kembaomqdeo7", "SL757", "SH279" );
INSERT INTO ItemOrder VALUES ( "IO-Yovx1022453", 142130, "2016-12-5", "Confirm payment", "Wknea9", "SL778", "SH281" );
INSERT INTO ItemOrder VALUES ( "IO-Sae1022470", 3508420, "2016-12-12", "Waiting for payment", "Wvetpaexkjejybvii15", "SL767", "SH279" );
INSERT INTO ItemOrder VALUES ( "IO-N1022487", 3129300, "2016-12-25", "recived", "Hqpcgcvpxrdxluz9", "SL783", "SH281" );
INSERT INTO ItemOrder VALUES ( "IO-L1022504", 456770, "2016-11-26", "Waiting for payment", "Jnxuihvzygl5", "SL752", "SH279" );
INSERT INTO ItemOrder VALUES ( "IO-S1022521", 602800, "2016-11-20", "shipping", "Ljuitasikiozf15", "SL750", "SH280" );
INSERT INTO ItemOrder VALUES ( "IO-Uuj1022538", 173600, "2016-11-14", "Waiting for payment", "Ueczhdqwyhw16", "SL758", "SH281" );
INSERT INTO ItemOrder VALUES ( "IO-O1022555", 624190, "2016-10-2", "recived", "Npwli10", "SL780", "SH280" );
INSERT INTO ItemOrder VALUES ( "IO-D1022572", 553610, "2016-10-26", "Confirm payment", "Wvetpaexkjejybvii15", "SL767", "SH279" );
INSERT INTO ItemOrder VALUES ( "IO-Qpn1022589", 159100, "2016-10-17", "Confirm payment", "Wvetpaexkjejybvii15", "SL767", "SH279" );
INSERT INTO ItemOrder VALUES ( "IO-X1022606", 383250, "2016-9-11", "Confirm payment", "Ofjithncs11", "SL738", "SH279" );
INSERT INTO ItemOrder VALUES ( "IO-Soe1022623", 15470000, "2016-9-26", "Waiting for payment", "Vqbgklsuc15", "SL768", "SH279" );
INSERT INTO ItemOrder VALUES ( "IO-Izzw1022640", 71100, "2016-9-18", "shipping", "Ppqa12", "SL743", "SH279" );
INSERT INTO ItemOrder VALUES ( "IO-L1022657", 65560, "2016-8-6", "shipping", "Naolxr4", "SL773", "SH281" );
INSERT INTO ItemOrder VALUES ( "IO-Yx1022674", 14460, "2016-8-4", "Confirm payment", "Xbs4", "SL742", "SH279" );
INSERT INTO ItemOrder VALUES ( "IO-U1022691", 32100, "2016-8-8", "shipping", "Qac14", "SL763", "SH281" );
INSERT INTO ItemOrder VALUES ( "IO-U1022708", 742100, "2016-7-7", "shipping", "Ppqa12", "SL743", "SH279" );
INSERT INTO ItemOrder VALUES ( "IO-Csr1022725", 2240, "2016-7-18", "shipping", "Naolxr4", "SL773", "SH281" );
INSERT INTO ItemOrder VALUES ( "IO-Jodg1022742", 43260, "2016-7-26", "Waiting for payment", "Tpxmmgyo13", "SL759", "SH279" );
INSERT INTO ItemOrder VALUES ( "IO-Cwt1022759", 7200, "2016-6-6", "shipping", "Wdzxc8", "SL731", "SH281" );
INSERT INTO ItemOrder VALUES ( "IO-A1022776", 567000, "2016-6-5", "recived", "Uxjk9", "SL779", "SH281" );
INSERT INTO ItemOrder VALUES ( "IO-Li1022793", 211310, "2016-6-21", "shipping", "Tbmgobvfptc15", "SL751", "SH281" );
INSERT INTO ItemOrder VALUES ( "IO-Ardf1022810", 16000, "2016-5-5", "shipping", "Cdulalemer7", "SL749", "SH279" );
INSERT INTO ItemOrder VALUES ( "IO-H1022827", 58000, "2016-5-12", "recived", "Kthwxizcioazcylmz13", "SL746", "SH279" );
INSERT INTO ItemOrder VALUES ( "IO-Zso1022844", 8450, "2016-5-10", "shipping", "Doyklvmqyh14", "SL732", "SH280" );
INSERT INTO ItemOrder VALUES ( "IO-Sec1022861", 44850, "2016-4-10", "recived", "Lyrchfixxmermdja4", "SL774", "SH280" );
INSERT INTO ItemOrder VALUES ( "IO-Nt1022878", 60120, "2016-4-17", "Waiting for payment", "Tpxmmgyo13", "SL759", "SH279" );
INSERT INTO ItemOrder VALUES ( "IO-A1022895", 624450, "2016-4-8", "Waiting for payment", "Eimmpxkdbbf17", "SL736", "SH280" );
INSERT INTO ItemOrder VALUES ( "IO-U1022912", 100620, "2016-3-11", "recived", "Tpxmmgyo13", "SL759", "SH279" );
INSERT INTO ItemOrder VALUES ( "IO-Jutd1022929", 4770, "2016-3-2", "Confirm payment", "Eimmpxkdbbf17", "SL736", "SH280" );
INSERT INTO ItemOrder VALUES ( "IO-D1022946", 51000, "2016-3-15", "shipping", "Jnxuihvzygl5", "SL752", "SH279" );
INSERT INTO ItemOrder VALUES ( "IO-Lp1022963", 45549000, "2016-2-24", "Confirm payment", "Hqpcgcvpxrdxluz9", "SL783", "SH281" );
INSERT INTO ItemOrder VALUES ( "IO-Ejfm1022980", 124820, "2016-2-4", "recived", "Gvuqaqnmpcism15", "SL782", "SH280" );
INSERT INTO ItemOrder VALUES ( "IO-Z1022997", 303000, "2016-2-22", "shipping", "Wkegaooizxysy14", "SL764", "SH281" );
INSERT INTO ItemOrder VALUES ( "IO-L1023014", 25200, "2016-1-24", "shipping", "Qac14", "SL763", "SH281" );
INSERT INTO ItemOrder VALUES ( "IO-Liuq1023031", 147380, "2016-1-9", "shipping", "Jmahqt13", "SL756", "SH280" );
INSERT INTO ItemOrder VALUES ( "IO-Hl1023048", 11560, "2016-1-6", "shipping", "Tqtz10", "SL753", "SH279" );
INSERT INTO ItemOrder VALUES ( "IO-Awqx1023065", 4820, "2015-12-11", "shipping", "Cdulalemer7", "SL749", "SH279" );
INSERT INTO ItemOrder VALUES ( "IO-R1023082", 655900, "2015-12-13", "recived", "Rqtgznfaerjebjkba15", "SL741", "SH280" );
INSERT INTO ItemOrder VALUES ( "IO-Czma1023099", 38200, "2015-12-18", "shipping", "Tbmgobvfptc15", "SL751", "SH281" );
INSERT INTO ItemOrder VALUES ( "IO-R1023116", 102230, "2015-11-12", "recived", "Lyrchfixxmermdja4", "SL774", "SH280" );
INSERT INTO ItemOrder VALUES ( "IO-Zvah1023133", 8600, "2015-11-5", "Waiting for payment", "Doyklvmqyh14", "SL732", "SH280" );
INSERT INTO ItemOrder VALUES ( "IO-G1023150", 184000, "2015-11-5", "Confirm payment", "Doyklvmqyh14", "SL732", "SH280" );
INSERT INTO ItemOrder VALUES ( "IO-Dyn1023167", 769640, "2015-10-11", "recived", "Zdzdabcbj13", "SL776", "SH279" );
INSERT INTO ItemOrder VALUES ( "IO-Cauv1023184", 31700, "2015-10-20", "Confirm payment", "Ppqa12", "SL743", "SH279" );
INSERT INTO ItemOrder VALUES ( "IO-Ncq1023201", 31061000, "2015-10-13", "shipping", "Muccah10", "SL775", "SH281" );
INSERT INTO ItemOrder VALUES ( "IO-Lg1023218", 22896000, "2015-9-9", "recived", "Hqpcgcvpxrdxluz9", "SL783", "SH281" );
INSERT INTO ItemOrder VALUES ( "IO-Mqw1023235", 1558200, "2015-9-23", "Waiting for payment", "Vqbgklsuc15", "SL768", "SH279" );
INSERT INTO ItemOrder VALUES ( "IO-Qma1023252", 128800, "2015-9-17", "Waiting for payment", "Anhjhoxogjclgblop11", "SL761", "SH281" );
INSERT INTO ItemOrder VALUES ( "IO-N1023269", 9460, "2015-8-19", "recived", "Ixupyn15", "SL734", "SH279" );
INSERT INTO ItemOrder VALUES ( "IO-T1023286", 134790, "2015-8-18", "recived", "Pzkbzcvyy15", "SL737", "SH279" );
INSERT INTO ItemOrder VALUES ( "IO-Ppot1023303", 1380000, "2015-8-17", "Confirm payment", "Zdzdabcbj13", "SL776", "SH279" );
INSERT INTO ItemOrder VALUES ( "IO-Lyby1023320", 115000, "2015-7-14", "shipping", "Eimmpxkdbbf17", "SL736", "SH280" );
INSERT INTO ItemOrder VALUES ( "IO-D1023337", 2410, "2015-7-9", "recived", "Kembaomqdeo7", "SL757", "SH279" );
INSERT INTO ItemOrder VALUES ( "IO-Ury1023354", 548600, "2015-7-25", "Waiting for payment", "Ozkglhrfsmnv9", "SL747", "SH281" );
INSERT INTO ItemOrder VALUES ( "IO-S1023371", 15250420, "2015-6-14", "Confirm payment", "Gvuqaqnmpcism15", "SL782", "SH280" );
INSERT INTO ItemOrder VALUES ( "IO-Xv1023388", 4418400, "2015-6-1", "shipping", "Ronezkfayl3", "SL771", "SH279" );
INSERT INTO ItemOrder VALUES ( "IO-Orbp1023405", 203000, "2015-6-17", "Waiting for payment", "Doyklvmqyh14", "SL732", "SH280" );
INSERT INTO ItemOrder VALUES ( "IO-X1023422", 627200, "2015-5-4", "Waiting for payment", "Wqptttfcphmfhyjs5", "SL765", "SH279" );
INSERT INTO ItemOrder VALUES ( "IO-Hyf1023439", 531440, "2015-5-5", "Confirm payment", "Vqbgklsuc15", "SL768", "SH279" );
INSERT INTO ItemOrder VALUES ( "IO-H1023456", 3900, "2015-5-16", "Confirm payment", "Qac14", "SL763", "SH281" );
INSERT INTO ItemOrder VALUES ( "IO-Mfp1023473", 4820, "2015-4-18", "shipping", "Ofjithncs11", "SL738", "SH279" );
INSERT INTO ItemOrder VALUES ( "IO-K1023490", 229500, "2015-4-8", "shipping", "Eimmpxkdbbf17", "SL736", "SH280" );
INSERT INTO ItemOrder VALUES ( "IO-Vr1023507", 201620, "2015-4-22", "shipping", "Omrzas3", "SL785", "SH279" );
INSERT INTO ItemOrder VALUES ( "IO-N1023524", 18050, "2015-3-15", "Confirm payment", "Ofjithncs11", "SL738", "SH279" );
INSERT INTO ItemOrder VALUES ( "IO-Hq1023541", 81520, "2015-3-14", "Confirm payment", "Kthwxizcioazcylmz13", "SL746", "SH279" );
INSERT INTO ItemOrder VALUES ( "IO-Mi1023558", 203000, "2015-3-0", "Waiting for payment", "Ofjithncs11", "SL738", "SH279" );
INSERT INTO ItemOrder VALUES ( "IO-Pjpb1023575", 32850, "2015-2-9", "Waiting for payment", "Kthwxizcioazcylmz13", "SL746", "SH279" );
INSERT INTO ItemOrder VALUES ( "IO-Kpqu1023592", 440, "2015-2-20", "shipping", "Ljuitasikiozf15", "SL750", "SH280" );
INSERT INTO ItemOrder VALUES ( "IO-N1023609", 12544000, "2015-2-4", "shipping", "Wkegaooizxysy14", "SL764", "SH281" );
INSERT INTO ItemOrder VALUES ( "IO-Finb1023626", 93250, "2015-1-5", "shipping", "Eimmpxkdbbf17", "SL736", "SH280" );
INSERT INTO ItemOrder VALUES ( "IO-Fhh1023643", 6725550, "2015-1-8", "recived", "Wvetpaexkjejybvii15", "SL767", "SH279" );
INSERT INTO ItemOrder VALUES ( "IO-Mcq1023660", 21400, "2015-1-25", "shipping", "Cpmizhlmmkfkwf3", "SL754", "SH280" );
INSERT INTO ItemOrder VALUES ( "IO-T1023677", 319410, "2014-12-12", "recived", "Wknea9", "SL778", "SH281" );
INSERT INTO ItemOrder VALUES ( "IO-Atuf1023694", 120000, "2014-12-25", "Confirm payment", "Ueczhdqwyhw16", "SL758", "SH281" );
INSERT INTO ItemOrder VALUES ( "IO-F1023711", 253460, "2014-12-17", "Waiting for payment", "Kembaomqdeo7", "SL757", "SH279" );
INSERT INTO ItemOrder VALUES ( "IO-Q1023728", 646200, "2014-11-20", "Waiting for payment", "Rqtgznfaerjebjkba15", "SL741", "SH280" );
INSERT INTO ItemOrder VALUES ( "IO-Eik1023745", 152470, "2014-11-6", "recived", "Dtevri9", "SL735", "SH279" );
INSERT INTO ItemOrder VALUES ( "IO-Fkwd1023762", 32400, "2014-11-5", "shipping", "Lnnbvovl10", "SL755", "SH281" );
INSERT INTO ItemOrder VALUES ( "IO-Zg1023779", 398000, "2014-10-14", "shipping", "Figerdrkwplerg6", "SL745", "SH280" );
INSERT INTO ItemOrder VALUES ( "IO-D1023796", 8751600, "2014-10-2", "Waiting for payment", "Lphpyzfiqjnd10", "SL777", "SH280" );
INSERT INTO ItemOrder VALUES ( "IO-Tyn1023813", 316700, "2014-10-12", "shipping", "Ustsx8", "SL744", "SH279" );
INSERT INTO ItemOrder VALUES ( "IO-Elg1023830", 25560, "2014-9-15", "shipping", "Wknea9", "SL778", "SH281" );
INSERT INTO ItemOrder VALUES ( "IO-Zmhp1023847", 7378000, "2014-9-12", "Waiting for payment", "Wkegaooizxysy14", "SL764", "SH281" );
INSERT INTO ItemOrder VALUES ( "IO-Ftkd1023864", 136890, "2014-9-23", "recived", "Wvetpaexkjejybvii15", "SL767", "SH279" );
INSERT INTO ItemOrder VALUES ( "IO-E1023881", 2200, "2014-8-13", "recived", "Ustsx8", "SL744", "SH279" );
INSERT INTO ItemOrder VALUES ( "IO-Cziq1023898", 60950, "2014-8-10", "Confirm payment", "Rqtgznfaerjebjkba15", "SL741", "SH280" );
INSERT INTO ItemOrder VALUES ( "IO-Qzj1023915", 10081200, "2014-8-2", "shipping", "Vqbgklsuc15", "SL768", "SH279" );
INSERT INTO ItemOrder VALUES ( "IO-Deq1023932", 13340, "2014-7-10", "Waiting for payment", "Figerdrkwplerg6", "SL745", "SH280" );
INSERT INTO ItemOrder VALUES ( "IO-Wqg1023949", 50820, "2014-7-22", "Confirm payment", "Xbs4", "SL742", "SH279" );
INSERT INTO ItemOrder VALUES ( "IO-Qdjg1023966", 2254000, "2014-7-25", "Confirm payment", "Wvetpaexkjejybvii15", "SL767", "SH279" );
INSERT INTO ItemOrder VALUES ( "IO-M1023983", 391900, "2014-6-26", "Confirm payment", "Uxjk9", "SL779", "SH281" );
INSERT INTO ItemOrder VALUES ( "IO-Sr1024000", 4740, "2014-6-20", "Waiting for payment", "Uxjk9", "SL779", "SH281" );
INSERT INTO ItemOrder VALUES ( "IO-Mev1024017", 1813050, "2014-6-26", "shipping", "Ueczhdqwyhw16", "SL758", "SH281" );
INSERT INTO ItemOrder VALUES ( "IO-Hqk1024034", 1305000, "2014-5-7", "shipping", "Lnnbvovl10", "SL755", "SH281" );
INSERT INTO ItemOrder VALUES ( "IO-Yjr1024051", 8720, "2014-5-21", "Waiting for payment", "Xbs4", "SL742", "SH279" );
INSERT INTO ItemOrder VALUES ( "IO-Gjke1024068", 12900, "2014-5-10", "Waiting for payment", "Doyklvmqyh14", "SL732", "SH280" );
INSERT INTO ItemOrder VALUES ( "IO-Z1024085", 1592870, "2014-4-13", "shipping", "Vonubeimxxyestj17", "SL762", "SH281" );
INSERT INTO ItemOrder VALUES ( "IO-Nv1024102", 214230, "2014-4-24", "Confirm payment", "Eimmpxkdbbf17", "SL736", "SH280" );
INSERT INTO ItemOrder VALUES ( "IO-Lu1024119", 1592000, "2014-4-12", "Confirm payment", "Xcewzomcxygxvcy5", "SL772", "SH279" );
INSERT INTO ItemOrder VALUES ( "IO-Svlw1024136", 42984000, "2014-3-13", "shipping", "Lphpyzfiqjnd10", "SL777", "SH280" );
INSERT INTO ItemOrder VALUES ( "IO-Bqy1024153", 754160, "2014-3-0", "recived", "Figerdrkwplerg6", "SL745", "SH280" );
INSERT INTO ItemOrder VALUES ( "IO-Qm1024170", 35880, "2014-3-25", "Confirm payment", "Ixupyn15", "SL734", "SH279" );
INSERT INTO ItemOrder VALUES ( "IO-E1024187", 48556000, "2014-2-14", "Waiting for payment", "Ztplvubydlppjcx17", "SL769", "SH280" );
INSERT INTO ItemOrder VALUES ( "IO-Svdk1024204", 21660, "2014-2-14", "Confirm payment", "Tbmgobvfptc15", "SL751", "SH281" );
INSERT INTO ItemOrder VALUES ( "IO-Xh1024221", 121400, "2014-2-7", "shipping", "Rqtgznfaerjebjkba15", "SL741", "SH280" );
INSERT INTO ItemOrder VALUES ( "IO-B1024238", 53360, "2014-1-0", "recived", "Eimmpxkdbbf17", "SL736", "SH280" );
INSERT INTO ItemOrder VALUES ( "IO-Mdrj1024255", 14460, "2014-1-2", "Waiting for payment", "Kthwxizcioazcylmz13", "SL746", "SH279" );
INSERT INTO ItemOrder VALUES ( "IO-Leox1024272", 8340, "2014-1-26", "Waiting for payment", "Ppqa12", "SL743", "SH279" );
INSERT INTO ItemOrder VALUES ( "IO-S1024289", 2200, "2013-12-26", "shipping", "Doyklvmqyh14", "SL732", "SH280" );
INSERT INTO ItemOrder VALUES ( "IO-Mxgx1024306", 2440, "2013-12-11", "Waiting for payment", "Uxjk9", "SL779", "SH281" );
INSERT INTO ItemOrder VALUES ( "IO-Eno1024323", 488410, "2013-12-20", "recived", "Ronezkfayl3", "SL771", "SH279" );
INSERT INTO ItemOrder VALUES ( "IO-Ltzl1024340", 247250, "2013-11-17", "Waiting for payment", "Ppqa12", "SL743", "SH279" );
INSERT INTO ItemOrder VALUES ( "IO-J1024357", 8340, "2013-11-25", "Waiting for payment", "Anhjhoxogjclgblop11", "SL761", "SH281" );
INSERT INTO ItemOrder VALUES ( "IO-W1024374", 160120, "2013-11-5", "Confirm payment", "Ixupyn15", "SL734", "SH279" );
INSERT INTO ItemOrder VALUES ( "IO-Chy1024391", 918950, "2013-10-14", "shipping", "Ccxlkkua15", "SL748", "SH279" );
INSERT INTO ItemOrder VALUES ( "IO-K1024408", 208720, "2013-10-21", "recived", "Anhjhoxogjclgblop11", "SL761", "SH281" );
INSERT INTO ItemOrder VALUES ( "IO-Nw1024425", 1830, "2013-10-20", "recived", "Eimmpxkdbbf17", "SL736", "SH280" );
INSERT INTO ItemOrder VALUES ( "IO-Y1024442", 2440, "2013-9-12", "shipping", "Ccxlkkua15", "SL748", "SH279" );
INSERT INTO ItemOrder VALUES ( "IO-U1024459", 10140, "2013-9-21", "Confirm payment", "Rppfwnsjnmxbxbv5", "SL760", "SH280" );
INSERT INTO ItemOrder VALUES ( "IO-Ro1024476", 17200, "2013-9-0", "shipping", "Ixupyn15", "SL734", "SH279" );
INSERT INTO ItemOrder VALUES ( "IO-W1024493", 1080000, "2013-8-5", "Confirm payment", "Vqbgklsuc15", "SL768", "SH279" );
INSERT INTO ItemOrder VALUES ( "IO-T1024510", 78400, "2013-8-16", "Confirm payment", "Eimmpxkdbbf17", "SL736", "SH280" );
INSERT INTO ItemOrder VALUES ( "IO-P1024527", 69760, "2013-8-7", "Waiting for payment", "Doyklvmqyh14", "SL732", "SH280" );
INSERT INTO ItemOrder VALUES ( "IO-Gu1024544", 16075000, "2013-7-8", "Confirm payment", "Wqptttfcphmfhyjs5", "SL765", "SH279" );
INSERT INTO ItemOrder VALUES ( "IO-Zv1024561", 67900, "2013-7-8", "Confirm payment", "Kthwxizcioazcylmz13", "SL746", "SH279" );
INSERT INTO ItemOrder VALUES ( "IO-P1024578", 43980, "2013-7-14", "recived", "Ixupyn15", "SL734", "SH279" );
INSERT INTO ItemOrder VALUES ( "IO-Nk1024595", 83475000, "2013-6-13", "Waiting for payment", "Vonubeimxxyestj17", "SL762", "SH281" );
INSERT INTO ItemOrder VALUES ( "IO-B1024612", 39960, "2013-6-10", "Confirm payment", "Tqtz10", "SL753", "SH279" );
INSERT INTO ItemOrder VALUES ( "IO-To1024629", 16866000, "2013-6-21", "Confirm payment", "Hqpcgcvpxrdxluz9", "SL783", "SH281" );
INSERT INTO ItemOrder VALUES ( "IO-N1024646", 627000, "2013-5-2", "Waiting for payment", "Ustsx8", "SL744", "SH279" );
INSERT INTO ItemOrder VALUES ( "IO-Alu1024663", 476000, "2013-5-20", "Confirm payment", "Ekoznex12", "SL740", "SH279" );
INSERT INTO ItemOrder VALUES ( "IO-Sl1024680", 212900, "2013-5-15", "Waiting for payment", "Ppqa12", "SL743", "SH279" );
INSERT INTO ItemOrder VALUES ( "IO-Eaq1024697", 271870, "2013-4-23", "recived", "Qac14", "SL763", "SH281" );
INSERT INTO ItemOrder VALUES ( "IO-Iasd1024714", 768000, "2013-4-12", "recived", "Rqtgznfaerjebjkba15", "SL741", "SH280" );
INSERT INTO ItemOrder VALUES ( "IO-G1024731", 35750, "2013-4-8", "Confirm payment", "Lyrchfixxmermdja4", "SL774", "SH280" );
INSERT INTO ItemOrder VALUES ( "IO-Ftm1024748", 1006400, "2013-3-1", "Confirm payment", "Qac14", "SL763", "SH281" );
INSERT INTO ItemOrder VALUES ( "IO-Ac1024765", 214500, "2013-3-9", "shipping", "Csdfxdmhlxmlbptru17", "SL739", "SH280" );
INSERT INTO ItemOrder VALUES ( "IO-Fzjr1024782", 252000, "2013-3-21", "Waiting for payment", "Tpxmmgyo13", "SL759", "SH279" );
INSERT INTO ItemOrder VALUES ( "IO-Scye1024799", 88200, "2013-2-20", "shipping", "Ofjithncs11", "SL738", "SH279" );
INSERT INTO ItemOrder VALUES ( "IO-Ajid1024816", 42800, "2013-2-1", "Waiting for payment", "Ustsx8", "SL744", "SH279" );
INSERT INTO ItemOrder VALUES ( "IO-K1024833", 1881000, "2013-2-25", "shipping", "Dkbvhsg13", "SL770", "SH281" );
INSERT INTO ItemOrder VALUES ( "IO-Wvc1024850", 523820, "2013-1-19", "Confirm payment", "Wvetpaexkjejybvii15", "SL767", "SH279" );
INSERT INTO ItemOrder VALUES ( "IO-Glx1024867", 20160, "2013-1-19", "recived", "Wdzxc8", "SL731", "SH281" );
INSERT INTO ItemOrder VALUES ( "IO-U1024884", 18040, "2013-1-19", "Waiting for payment", "Muccah10", "SL775", "SH281" );
INSERT INTO ItemOrder VALUES ( "IO-Ze1024901", 28917000, "2012-12-7", "Waiting for payment", "Vonubeimxxyestj17", "SL762", "SH281" );
INSERT INTO ItemOrder VALUES ( "IO-Ksa1024918", 420820, "2012-12-21", "Waiting for payment", "Dkbvhsg13", "SL770", "SH281" );
INSERT INTO ItemOrder VALUES ( "IO-I1024935", 91590, "2012-12-24", "shipping", "Cpmizhlmmkfkwf3", "SL754", "SH280" );
INSERT INTO ItemOrder VALUES ( "IO-De1024952", 79200, "2012-11-3", "recived", "Xcewzomcxygxvcy5", "SL772", "SH279" );
INSERT INTO ItemOrder VALUES ( "IO-Q1024969", 1156010, "2012-11-21", "Waiting for payment", "Tpxmmgyo13", "SL759", "SH279" );
INSERT INTO ItemOrder VALUES ( "IO-Gto1024986", 86620, "2012-11-22", "recived", "Wknea9", "SL778", "SH281" );
INSERT INTO ItemOrder VALUES ( "IO-Um1025003", 142680, "2012-10-0", "Confirm payment", "Ekoznex12", "SL740", "SH279" );
INSERT INTO ItemOrder VALUES ( "IO-Q1025020", 843300, "2012-10-21", "shipping", "Ekoznex12", "SL740", "SH279" );
INSERT INTO ItemOrder VALUES ( "IO-Kv1025037", 7133600, "2012-10-15", "Waiting for payment", "Lphpyzfiqjnd10", "SL777", "SH280" );
INSERT INTO ItemOrder VALUES ( "IO-Vmb1025054", 30980, "2012-9-23", "shipping", "Tpxmmgyo13", "SL759", "SH279" );
INSERT INTO ItemOrder VALUES ( "IO-L1025071", 476480, "2012-9-13", "Waiting for payment", "Kthwxizcioazcylmz13", "SL746", "SH279" );
INSERT INTO ItemOrder VALUES ( "IO-Znf1025088", 237300, "2012-9-24", "recived", "Figerdrkwplerg6", "SL745", "SH280" );
INSERT INTO ItemOrder VALUES ( "IO-Pty1025105", 62000, "2012-8-16", "Waiting for payment", "Ljuitasikiozf15", "SL750", "SH280" );
INSERT INTO ItemOrder VALUES ( "IO-Afb1025122", 2032800, "2012-8-24", "Confirm payment", "Hqpcgcvpxrdxluz9", "SL783", "SH281" );
INSERT INTO ItemOrder VALUES ( "IO-Pyt1025139", 21120, "2012-8-3", "Confirm payment", "Ztplvubydlppjcx17", "SL769", "SH280" );
INSERT INTO ItemOrder VALUES ( "IO-Bexj1025156", 7230, "2012-7-23", "shipping", "Tbmgobvfptc15", "SL751", "SH281" );
INSERT INTO ItemOrder VALUES ( "IO-Vmt1025173", 435240, "2012-7-5", "recived", "Muccah10", "SL775", "SH281" );
INSERT INTO ItemOrder VALUES ( "IO-Hj1025190", 487780, "2012-7-24", "Confirm payment", "Pegwhos14", "SL766", "SH281" );
INSERT INTO ItemOrder VALUES ( "IO-G1025207", 90920, "2012-6-9", "Waiting for payment", "Doyklvmqyh14", "SL732", "SH280" );
INSERT INTO ItemOrder VALUES ( "IO-G1025224", 42800, "2012-6-13", "Waiting for payment", "Ppqa12", "SL743", "SH279" );
INSERT INTO ItemOrder VALUES ( "IO-Mw1025241", 1990, "2012-6-3", "recived", "Dtevri9", "SL735", "SH279" );
INSERT INTO ItemOrder VALUES ( "IO-E1025258", 21150, "2012-5-9", "recived", "Cdulalemer7", "SL749", "SH279" );
INSERT INTO ItemOrder VALUES ( "IO-Fifz1025275", 23400, "2012-5-6", "shipping", "Xbs4", "SL742", "SH279" );
INSERT INTO ItemOrder VALUES ( "IO-Luwc1025292", 40227000, "2012-5-25", "Confirm payment", "Hqpcgcvpxrdxluz9", "SL783", "SH281" );
INSERT INTO ItemOrder VALUES ( "IO-M1025309", 1167600, "2012-4-19", "recived", "Ixupyn15", "SL734", "SH279" );
INSERT INTO ItemOrder VALUES ( "IO-Nuwl1025326", 167850, "2012-4-15", "shipping", "Wdzxc8", "SL731", "SH281" );
INSERT INTO ItemOrder VALUES ( "IO-Gdaa1025343", 627000, "2012-4-5", "recived", "Anhjhoxogjclgblop11", "SL761", "SH281" );
INSERT INTO ItemOrder VALUES ( "IO-Oqoy1025360", 945000, "2012-3-18", "shipping", "Kembaomqdeo7", "SL757", "SH279" );
INSERT INTO ItemOrder VALUES ( "IO-Ojp1025377", 69000, "2012-3-20", "shipping", "Naolxr4", "SL773", "SH281" );
INSERT INTO ItemOrder VALUES ( "IO-Ii1025394", 718740, "2012-3-5", "recived", "Wvetpaexkjejybvii15", "SL767", "SH279" );
INSERT INTO ItemOrder VALUES ( "IO-V1025411", 16720, "2012-2-14", "recived", "Tqtz10", "SL753", "SH279" );
INSERT INTO ItemOrder VALUES ( "IO-Vv1025428", 641060, "2012-2-24", "Confirm payment", "Ztplvubydlppjcx17", "SL769", "SH280" );
INSERT INTO ItemOrder VALUES ( "IO-Kk1025445", 2440, "2012-2-10", "Waiting for payment", "Xbs4", "SL742", "SH279" );
INSERT INTO ItemOrder VALUES ( "IO-Wluc1025462", 128000, "2012-1-13", "shipping", "Xcewzomcxygxvcy5", "SL772", "SH279" );
INSERT INTO ItemOrder VALUES ( "IO-Qdpr1025479", 86400, "2012-1-2", "shipping", "Tqtz10", "SL753", "SH279" );
INSERT INTO ItemOrder VALUES ( "IO-Gyj1025496", 1389040, "2012-1-1", "recived", "Rppfwnsjnmxbxbv5", "SL760", "SH280" );
INSERT INTO ItemOrder VALUES ( "IO-Vow1025513", 305550, "2011-12-24", "Waiting for payment", "Naolxr4", "SL773", "SH281" );
INSERT INTO ItemOrder VALUES ( "IO-T1025530", 10030, "2011-12-6", "shipping", "Qac14", "SL763", "SH281" );
INSERT INTO ItemOrder VALUES ( "IO-Yr1025547", 78650, "2011-12-19", "shipping", "Npwli10", "SL780", "SH280" );
INSERT INTO ItemOrder VALUES ( "IO-Gfid1025564", 305100, "2011-11-2", "Confirm payment", "Eimmpxkdbbf17", "SL736", "SH280" );
INSERT INTO ItemOrder VALUES ( "IO-Us1025581", 199000, "2011-11-1", "shipping", "Rqtgznfaerjebjkba15", "SL741", "SH280" );
INSERT INTO ItemOrder VALUES ( "IO-Acq1025598", 155760, "2011-11-8", "recived", "Qac14", "SL763", "SH281" );
INSERT INTO ItemOrder VALUES ( "IO-Uf1025615", 51000, "2011-10-15", "Confirm payment", "Ixupyn15", "SL734", "SH279" );
INSERT INTO ItemOrder VALUES ( "IO-Lcnb1025632", 21660, "2011-10-7", "Waiting for payment", "Kembaomqdeo7", "SL757", "SH279" );
INSERT INTO ItemOrder VALUES ( "IO-Qrx1025649", 240, "2011-10-14", "Confirm payment", "Xmzlvzku14", "SL733", "SH281" );
INSERT INTO ItemOrder VALUES ( "IO-Byb1025666", 43200, "2011-9-17", "Waiting for payment", "Cpmizhlmmkfkwf3", "SL754", "SH280" );
INSERT INTO ItemOrder VALUES ( "IO-S1025683", 88800, "2011-9-14", "recived", "Cdulalemer7", "SL749", "SH279" );
INSERT INTO ItemOrder VALUES ( "IO-H1025700", 264360, "2011-9-8", "Confirm payment", "Wdzxc8", "SL731", "SH281" );
INSERT INTO ItemOrder VALUES ( "IO-O1025717", 14286770, "2011-8-19", "Waiting for payment", "Muccah10", "SL775", "SH281" );
INSERT INTO ItemOrder VALUES ( "IO-N1025734", 4530250, "2011-8-24", "Confirm payment", "Ronezkfayl3", "SL771", "SH279" );
INSERT INTO ItemOrder VALUES ( "IO-Bsq1025751", 2672980, "2011-8-0", "shipping", "Ronezkfayl3", "SL771", "SH279" );
INSERT INTO ItemOrder VALUES ( "IO-Crl1025768", 39520, "2011-7-15", "recived", "Xmzlvzku14", "SL733", "SH281" );
INSERT INTO ItemOrder VALUES ( "IO-Cv1025785", 888000, "2011-7-6", "shipping", "Wqptttfcphmfhyjs5", "SL765", "SH279" );
INSERT INTO ItemOrder VALUES ( "IO-Wqt1025802", 121660, "2011-7-22", "recived", "Wqptttfcphmfhyjs5", "SL765", "SH279" );
INSERT INTO ItemOrder VALUES ( "IO-D1025819", 8340, "2011-6-26", "Waiting for payment", "Naolxr4", "SL773", "SH281" );
INSERT INTO ItemOrder VALUES ( "IO-Zo1025836", 1754640, "2011-6-25", "recived", "Farknqavki16", "SL784", "SH279" );
INSERT INTO ItemOrder VALUES ( "IO-Mme1025853", 6805400, "2011-6-5", "recived", "Gvuqaqnmpcism15", "SL782", "SH280" );
INSERT INTO ItemOrder VALUES ( "IO-C1025870", 68005000, "2011-5-20", "Waiting for payment", "Npwli10", "SL780", "SH280" );
INSERT INTO ItemOrder VALUES ( "IO-U1025887", 1519200, "2011-5-3", "Waiting for payment", "Npwli10", "SL780", "SH280" );
INSERT INTO ItemOrder VALUES ( "IO-Oj1025904", 1568800, "2011-5-4", "recived", "Lyrchfixxmermdja4", "SL774", "SH280" );
INSERT INTO ItemOrder VALUES ( "IO-M1025921", 461790, "2011-4-10", "Confirm payment", "Tbmgobvfptc15", "SL751", "SH281" );
INSERT INTO ItemOrder VALUES ( "IO-Y1025938", 1864800, "2011-4-2", "Confirm payment", "Ronezkfayl3", "SL771", "SH279" );
INSERT INTO ItemOrder VALUES ( "IO-Nbac1025955", 5040, "2011-4-23", "recived", "Ppqa12", "SL743", "SH279" );
INSERT INTO ItemOrder VALUES ( "IO-Vk1025972", 11120, "2011-3-15", "shipping", "Qac14", "SL763", "SH281" );
INSERT INTO ItemOrder VALUES ( "IO-Pe1025989", 28380, "2011-3-23", "recived", "Csdfxdmhlxmlbptru17", "SL739", "SH280" );
INSERT INTO ItemOrder VALUES ( "IO-P1026006", 2716100, "2011-3-25", "shipping", "Ronezkfayl3", "SL771", "SH279" );
INSERT INTO ItemOrder VALUES ( "IO-Phc1026023", 756000, "2011-2-11", "Waiting for payment", "Lnnbvovl10", "SL755", "SH281" );
INSERT INTO ItemOrder VALUES ( "IO-Kt1026040", 160000, "2011-2-23", "Waiting for payment", "Dkbvhsg13", "SL770", "SH281" );
INSERT INTO ItemOrder VALUES ( "IO-Qci1026057", 48152760, "2011-2-21", "Waiting for payment", "Ztplvubydlppjcx17", "SL769", "SH280" );
INSERT INTO ItemOrder VALUES ( "IO-H1026074", 463230, "2011-1-6", "Confirm payment", "Uxjk9", "SL779", "SH281" );
INSERT INTO ItemOrder VALUES ( "IO-Hs1026091", 272600, "2011-1-2", "recived", "Kthwxizcioazcylmz13", "SL746", "SH279" );
INSERT INTO ItemOrder VALUES ( "IO-Mre1026108", 640000, "2011-1-5", "Waiting for payment", "Jmahqt13", "SL756", "SH280" );
INSERT INTO ItemOrder VALUES ( "IO-Nil1026125", 5216210, "2010-12-2", "recived", "Wqptttfcphmfhyjs5", "SL765", "SH279" );
INSERT INTO ItemOrder VALUES ( "IO-Kvuh1026142", 627000, "2010-12-21", "Waiting for payment", "Anhjhoxogjclgblop11", "SL761", "SH281" );
INSERT INTO ItemOrder VALUES ( "IO-Zzkk1026159", 35520, "2010-12-25", "Confirm payment", "Dkbvhsg13", "SL770", "SH281" );
INSERT INTO ItemOrder VALUES ( "IO-R1026176", 15210, "2010-11-17", "Waiting for payment", "Doyklvmqyh14", "SL732", "SH280" );
INSERT INTO ItemOrder VALUES ( "IO-F1026193", 22400, "2010-11-26", "recived", "Ozkglhrfsmnv9", "SL747", "SH281" );
INSERT INTO ItemOrder VALUES ( "IO-B1026210", 435120, "2010-11-16", "Waiting for payment", "Gvuqaqnmpcism15", "SL782", "SH280" );
INSERT INTO ItemOrder VALUES ( "IO-X1026227", 32595000, "2010-10-9", "shipping", "Farknqavki16", "SL784", "SH279" );
INSERT INTO ItemOrder VALUES ( "IO-Yiz1026244", 66780, "2010-10-5", "shipping", "Rppfwnsjnmxbxbv5", "SL760", "SH280" );
INSERT INTO ItemOrder VALUES ( "IO-T1026261", 119990, "2010-10-3", "Confirm payment", "Zdzdabcbj13", "SL776", "SH279" );
INSERT INTO ItemOrder VALUES ( "IO-Nye1026278", 360320, "2010-9-4", "recived", "Lphpyzfiqjnd10", "SL777", "SH280" );
INSERT INTO ItemOrder VALUES ( "IO-Wkh1026295", 14440, "2010-9-16", "Waiting for payment", "Csdfxdmhlxmlbptru17", "SL739", "SH280" );
INSERT INTO ItemOrder VALUES ( "IO-V1026312", 194940, "2010-9-18", "shipping", "Lyrchfixxmermdja4", "SL774", "SH280" );
INSERT INTO ItemOrder VALUES ( "IO-U1026329", 576500, "2010-8-1", "shipping", "Lyrchfixxmermdja4", "SL774", "SH280" );
INSERT INTO ItemOrder VALUES ( "IO-Ey1026346", 371840, "2010-8-5", "Confirm payment", "Vonubeimxxyestj17", "SL762", "SH281" );
INSERT INTO ItemOrder VALUES ( "IO-Xj1026363", 88000, "2010-8-3", "Confirm payment", "Csdfxdmhlxmlbptru17", "SL739", "SH280" );
INSERT INTO ItemOrder VALUES ( "IO-D1026380", 1197500, "2010-7-2", "Confirm payment", "Ozkglhrfsmnv9", "SL747", "SH281" );
INSERT INTO ItemOrder VALUES ( "IO-Mw1026397", 945000, "2010-7-1", "recived", "Dtevri9", "SL735", "SH279" );
INSERT INTO ItemOrder VALUES ( "IO-Fdsm1026414", 20010, "2010-7-3", "Confirm payment", "Ekoznex12", "SL740", "SH279" );
INSERT INTO ItemOrder VALUES ( "IO-Y1026431", 368550, "2010-6-21", "recived", "Wvetpaexkjejybvii15", "SL767", "SH279" );
INSERT INTO ItemOrder VALUES ( "IO-Qxq1026448", 3907200, "2010-6-14", "Waiting for payment", "Muccah10", "SL775", "SH281" );
INSERT INTO ItemOrder VALUES ( "IO-Okuc1026465", 30600, "2010-6-8", "shipping", "Dtevri9", "SL735", "SH279" );
INSERT INTO ItemOrder VALUES ( "IO-Btw1026482", 770, "2010-5-24", "Waiting for payment", "Xbs4", "SL742", "SH279" );
INSERT INTO ItemOrder VALUES ( "IO-Vxmw1026499", 108000, "2010-5-20", "Confirm payment", "Dtevri9", "SL735", "SH279" );
INSERT INTO ItemOrder VALUES ( "IO-Kj1026516", 756000, "2010-5-17", "Confirm payment", "Csdfxdmhlxmlbptru17", "SL739", "SH280" );
INSERT INTO ItemOrder VALUES ( "IO-Owg1026533", 16144000, "2010-4-14", "shipping", "Zdzdabcbj13", "SL776", "SH279" );
INSERT INTO ItemOrder VALUES ( "IO-Qzch1026550", 26025910, "2010-4-23", "Waiting for payment", "Muccah10", "SL775", "SH281" );
INSERT INTO ItemOrder VALUES ( "IO-Uoo1026567", 2590, "2010-4-10", "recived", "Cdulalemer7", "SL749", "SH279" );
INSERT INTO ItemOrder VALUES ( "IO-U1026584", 23000, "2010-3-11", "recived", "Anhjhoxogjclgblop11", "SL761", "SH281" );
INSERT INTO ItemOrder VALUES ( "IO-Iq1026601", 16170, "2010-3-8", "recived", "Figerdrkwplerg6", "SL745", "SH280" );
INSERT INTO ItemOrder VALUES ( "IO-Dg1026618", 6138000, "2010-3-6", "Confirm payment", "Wkegaooizxysy14", "SL764", "SH281" );
INSERT INTO ItemOrder VALUES ( "IO-Puo1026635", 333760, "2010-2-3", "Waiting for payment", "Wknea9", "SL778", "SH281" );
INSERT INTO ItemOrder VALUES ( "IO-Gk1026652", 418000, "2010-2-14", "Waiting for payment", "Dtevri9", "SL735", "SH279" );
INSERT INTO ItemOrder VALUES ( "IO-Tq1026669", 13520, "2010-2-22", "Confirm payment", "Ofjithncs11", "SL738", "SH279" );
INSERT INTO ItemOrder VALUES ( "IO-Uksl1026686", 14400, "2010-1-3", "Confirm payment", "Ccxlkkua15", "SL748", "SH279" );
INSERT INTO ItemOrder VALUES ( "IO-Ojqw1026703", 13333000, "2010-1-5", "recived", "Lyrchfixxmermdja4", "SL774", "SH280" );
INSERT INTO ItemOrder VALUES ( "IO-Ebr1026720", 152040, "2010-1-26", "recived", "Uxjk9", "SL779", "SH281" );
INSERT INTO ItemOrder VALUES ( "IO-X1026737", 15750, "2009-12-8", "recived", "Qac14", "SL763", "SH281" );
INSERT INTO ItemOrder VALUES ( "IO-Xdj1026754", 226010, "2009-12-25", "Confirm payment", "Uxjk9", "SL779", "SH281" );
INSERT INTO ItemOrder VALUES ( "IO-N1026771", 77850, "2009-12-9", "recived", "Kthwxizcioazcylmz13", "SL746", "SH279" );
INSERT INTO ItemOrder VALUES ( "IO-R1026788", 4092250, "2009-11-21", "shipping", "Hqpcgcvpxrdxluz9", "SL783", "SH281" );
INSERT INTO ItemOrder VALUES ( "IO-L1026805", 36000, "2009-11-20", "recived", "Ppqa12", "SL743", "SH279" );
INSERT INTO ItemOrder VALUES ( "IO-Ggmi1026822", 9730, "2009-11-3", "recived", "Wdzxc8", "SL731", "SH281" );
INSERT INTO ItemOrder VALUES ( "IO-Tz1026839", 33600, "2009-10-11", "Waiting for payment", "Jnxuihvzygl5", "SL752", "SH279" );
INSERT INTO ItemOrder VALUES ( "IO-Ifm1026856", 12096000, "2009-10-0", "shipping", "Wvetpaexkjejybvii15", "SL767", "SH279" );
INSERT INTO ItemOrder VALUES ( "IO-U1026873", 6600, "2009-10-4", "shipping", "Ustsx8", "SL744", "SH279" );
INSERT INTO ItemOrder VALUES ( "IO-Fymu1026890", 7131230, "2009-9-15", "recived", "Npwli10", "SL780", "SH280" );
INSERT INTO ItemOrder VALUES ( "IO-Hg1026907", 9730, "2009-9-1", "Waiting for payment", "Anhjhoxogjclgblop11", "SL761", "SH281" );
INSERT INTO ItemOrder VALUES ( "IO-Hi1026924", 65800, "2009-9-19", "Confirm payment", "Eimmpxkdbbf17", "SL736", "SH280" );
INSERT INTO ItemOrder VALUES ( "IO-Mptx1026941", 120000, "2009-8-24", "Confirm payment", "Ofjithncs11", "SL738", "SH279" );
INSERT INTO ItemOrder VALUES ( "IO-Kig1026958", 43200, "2009-8-10", "Waiting for payment", "Jmahqt13", "SL756", "SH280" );
INSERT INTO ItemOrder VALUES ( "IO-C1026975", 36395000, "2009-8-17", "Confirm payment", "Muccah10", "SL775", "SH281" );
INSERT INTO ItemOrder VALUES ( "IO-Wgdu1026992", 15050, "2009-7-16", "shipping", "Kembaomqdeo7", "SL757", "SH279" );
INSERT INTO ItemOrder VALUES ( "IO-C1027009", 1870, "2009-7-4", "Waiting for payment", "Dtevri9", "SL735", "SH279" );
INSERT INTO ItemOrder VALUES ( "IO-Uq1027026", 36040, "2009-7-21", "Confirm payment", "Tqtz10", "SL753", "SH279" );
INSERT INTO ItemOrder VALUES ( "IO-Iaw1027043", 494000, "2009-6-5", "shipping", "Tpxmmgyo13", "SL759", "SH279" );
INSERT INTO ItemOrder VALUES ( "IO-N1027060", 504000, "2009-6-24", "Waiting for payment", "Naolxr4", "SL773", "SH281" );
INSERT INTO ItemOrder VALUES ( "IO-S1027077", 8200, "2009-6-17", "Confirm payment", "Csdfxdmhlxmlbptru17", "SL739", "SH280" );
INSERT INTO ItemOrder VALUES ( "IO-Ftfb1027094", 5760980, "2009-5-18", "recived", "Vonubeimxxyestj17", "SL762", "SH281" );
INSERT INTO ItemOrder VALUES ( "IO-Oqdw1027111", 1327140, "2009-5-15", "Waiting for payment", "Ronezkfayl3", "SL771", "SH279" );
INSERT INTO ItemOrder VALUES ( "IO-Sndz1027128", 1701000, "2009-5-8", "Waiting for payment", "Ixupyn15", "SL734", "SH279" );
INSERT INTO ItemOrder VALUES ( "IO-Klg1027145", 11700, "2009-4-24", "recived", "Anhjhoxogjclgblop11", "SL761", "SH281" );
INSERT INTO ItemOrder VALUES ( "IO-Mxw1027162", 571200, "2009-4-18", "recived", "Lyrchfixxmermdja4", "SL774", "SH280" );
INSERT INTO ItemOrder VALUES ( "IO-M1027179", 23000, "2009-4-20", "shipping", "Cdulalemer7", "SL749", "SH279" );
INSERT INTO ItemOrder VALUES ( "IO-Ym1027196", 7000, "2009-3-17", "recived", "Csdfxdmhlxmlbptru17", "SL739", "SH280" );
INSERT INTO ItemOrder VALUES ( "IO-Z1027213", 2390120, "2009-3-0", "shipping", "Ronezkfayl3", "SL771", "SH279" );
INSERT INTO ItemOrder VALUES ( "IO-V1027230", 619260, "2009-3-21", "shipping", "Jmahqt13", "SL756", "SH280" );
INSERT INTO ItemOrder VALUES ( "IO-Ptgt1027247", 39600, "2009-2-19", "shipping", "Ofjithncs11", "SL738", "SH279" );
INSERT INTO ItemOrder VALUES ( "IO-Yk1027264", 8364000, "2009-2-20", "Waiting for payment", "Hqpcgcvpxrdxluz9", "SL783", "SH281" );
INSERT INTO ItemOrder VALUES ( "IO-Eu1027281", 58020, "2009-2-0", "Confirm payment", "Xbs4", "SL742", "SH279" );
INSERT INTO ItemOrder VALUES ( "IO-Ts1027298", 98040, "2009-1-25", "Waiting for payment", "Xcewzomcxygxvcy5", "SL772", "SH279" );
INSERT INTO ItemOrder VALUES ( "IO-N1027315", 150700, "2009-1-17", "recived", "Ipjnhonqxdpkqe3", "SL781", "SH281" );
INSERT INTO ItemOrder VALUES ( "IO-Ggp1027332", 1309070, "2009-1-3", "shipping", "Vqbgklsuc15", "SL768", "SH279" );
INSERT INTO ItemOrder VALUES ( "IO-M1027349", 100800, "2008-12-15", "recived", "Tpxmmgyo13", "SL759", "SH279" );
INSERT INTO ItemOrder VALUES ( "IO-Eud1027366", 136000, "2008-12-21", "Confirm payment", "Xcewzomcxygxvcy5", "SL772", "SH279" );
INSERT INTO ItemOrder VALUES ( "IO-Ka1027383", 25017200, "2008-12-17", "shipping", "Npwli10", "SL780", "SH280" );
INSERT INTO ItemOrder VALUES ( "IO-Z1027400", 418000, "2008-11-16", "Confirm payment", "Qac14", "SL763", "SH281" );
INSERT INTO ItemOrder VALUES ( "IO-Eqf1027417", 8754000, "2008-11-5", "shipping", "Npwli10", "SL780", "SH280" );
INSERT INTO ItemOrder VALUES ( "IO-V1027434", 271600, "2008-11-25", "Waiting for payment", "Rppfwnsjnmxbxbv5", "SL760", "SH280" );
INSERT INTO ItemOrder VALUES ( "IO-A1027451", 3847100, "2008-10-17", "Confirm payment", "Vqbgklsuc15", "SL768", "SH279" );
INSERT INTO ItemOrder VALUES ( "IO-Rrma1027468", 21360, "2008-10-20", "shipping", "Ljuitasikiozf15", "SL750", "SH280" );
INSERT INTO ItemOrder VALUES ( "IO-Jugp1027485", 411440, "2008-10-9", "shipping", "Ronezkfayl3", "SL771", "SH279" );
INSERT INTO ItemOrder VALUES ( "IO-R1027502", 169500, "2008-9-6", "shipping", "Cdulalemer7", "SL749", "SH279" );
INSERT INTO ItemOrder VALUES ( "IO-Q1027519", 9640, "2008-9-16", "recived", "Xcewzomcxygxvcy5", "SL772", "SH279" );
INSERT INTO ItemOrder VALUES ( "IO-J1027536", 952000, "2008-9-5", "Confirm payment", "Dtevri9", "SL735", "SH279" );
INSERT INTO ItemOrder VALUES ( "IO-Qf1027553", 6720, "2008-8-26", "Confirm payment", "Qac14", "SL763", "SH281" );
INSERT INTO ItemOrder VALUES ( "IO-T1027570", 8576000, "2008-8-20", "recived", "Wkegaooizxysy14", "SL764", "SH281" );
INSERT INTO ItemOrder VALUES ( "IO-Zulg1027587", 388600, "2008-8-22", "Confirm payment", "Jnxuihvzygl5", "SL752", "SH279" );
INSERT INTO ItemOrder VALUES ( "IO-Zl1027604", 1175430, "2008-7-13", "shipping", "Zdzdabcbj13", "SL776", "SH279" );
INSERT INTO ItemOrder VALUES ( "IO-Ip1027621", 86800, "2008-7-11", "Confirm payment", "Ustsx8", "SL744", "SH279" );
INSERT INTO ItemOrder VALUES ( "IO-B1027638", 360, "2008-7-21", "shipping", "Ppqa12", "SL743", "SH279" );
INSERT INTO ItemOrder VALUES ( "IO-Jld1027655", 7593720, "2008-6-6", "shipping", "Wvetpaexkjejybvii15", "SL767", "SH279" );
INSERT INTO ItemOrder VALUES ( "IO-Og1027672", 2450, "2008-6-20", "recived", "Rppfwnsjnmxbxbv5", "SL760", "SH280" );
INSERT INTO ItemOrder VALUES ( "IO-W1027689", 2410, "2008-6-17", "Confirm payment", "Dkbvhsg13", "SL770", "SH281" );
INSERT INTO ItemOrder VALUES ( "IO-Of1027706", 228950, "2008-5-2", "Waiting for payment", "Wvetpaexkjejybvii15", "SL767", "SH279" );
INSERT INTO ItemOrder VALUES ( "IO-L1027723", 67000, "2008-5-5", "shipping", "Wqptttfcphmfhyjs5", "SL765", "SH279" );
INSERT INTO ItemOrder VALUES ( "IO-N1027740", 3000, "2008-5-11", "shipping", "Xcewzomcxygxvcy5", "SL772", "SH279" );
INSERT INTO ItemOrder VALUES ( "IO-P1027757", 48980, "2008-4-6", "shipping", "Ueczhdqwyhw16", "SL758", "SH281" );
INSERT INTO ItemOrder VALUES ( "IO-F1027774", 308450, "2008-4-20", "Waiting for payment", "Ueczhdqwyhw16", "SL758", "SH281" );
INSERT INTO ItemOrder VALUES ( "IO-M1027791", 55640, "2008-4-11", "recived", "Kembaomqdeo7", "SL757", "SH279" );
INSERT INTO ItemOrder VALUES ( "IO-K1027808", 88200, "2008-3-1", "Confirm payment", "Kthwxizcioazcylmz13", "SL746", "SH279" );
INSERT INTO ItemOrder VALUES ( "IO-Guui1027825", 1138170, "2008-3-10", "shipping", "Uxjk9", "SL779", "SH281" );
INSERT INTO ItemOrder VALUES ( "IO-Grtq1027842", 14440, "2008-3-17", "shipping", "Cdulalemer7", "SL749", "SH279" );
INSERT INTO ItemOrder VALUES ( "IO-X1027859", 62800, "2008-2-0", "shipping", "Rqtgznfaerjebjkba15", "SL741", "SH280" );


INSERT INTO BasketContains VALUES ( "Cpmizhlmmkfkwf3", "Zayf1020492", "W828-0064", 4 );
INSERT INTO BasketContains VALUES ( "Ixupyn15", "Ir1020352", "W113-8133", 1 );
INSERT INTO BasketContains VALUES ( "Cpmizhlmmkfkwf3", "Zayf1020492", "W879-0011", 8 );
INSERT INTO BasketContains VALUES ( "Wvetpaexkjejybvii15", "Oy1020583", "C132-1070", 87 );
INSERT INTO BasketContains VALUES ( "Kembaomqdeo7", "Rdxwpj1020513", "W848-9197", 9 );
INSERT INTO BasketContains VALUES ( "Cpmizhlmmkfkwf3", "Zayf1020492", "C100-1811", 7 );
INSERT INTO BasketContains VALUES ( "Vqbgklsuc15", "Ihx1020590", "C102-3071", 196 );
INSERT INTO BasketContains VALUES ( "Ljuitasikiozf15", "Aw1020464", "W113-7921", 7 );
INSERT INTO BasketContains VALUES ( "Ccxlkkua15", "Sgr1020450", "C102-3071", 7 );
INSERT INTO BasketContains VALUES ( "Ccxlkkua15", "Sgr1020450", "W864-4697", 1 );
INSERT INTO BasketContains VALUES ( "Cpmizhlmmkfkwf3", "Zayf1020492", "C132-2848", 1 );
INSERT INTO BasketContains VALUES ( "Eimmpxkdbbf17", "Umwpp1020366", "C132-1070", 3 );
INSERT INTO BasketContains VALUES ( "Xbs4", "Ptwzni1020408", "W868-0945", 4 );
INSERT INTO BasketContains VALUES ( "Dkbvhsg13", "Jjy1020604", "C142-0034", 2 );
INSERT INTO BasketContains VALUES ( "Qac14", "Qaee1020555", "W863-0250", 9 );
INSERT INTO BasketContains VALUES ( "Tbmgobvfptc15", "Oik1020471", "W102-4584", 5 );
INSERT INTO BasketContains VALUES ( "Cpmizhlmmkfkwf3", "Zayf1020492", "W879-0303", 1 );
INSERT INTO BasketContains VALUES ( "Xmzlvzku14", "Elpeeq1020345", "W888-1818", 1 );
INSERT INTO BasketContains VALUES ( "Eimmpxkdbbf17", "Umwpp1020366", "W820-0022", 2 );
INSERT INTO BasketContains VALUES ( "Kthwxizcioazcylmz13", "Dsxnt1020436", "W849-9635", 4 );
INSERT INTO BasketContains VALUES ( "Ueczhdqwyhw16", "Geumj1020520", "C132-1070", 4 );
INSERT INTO BasketContains VALUES ( "Tpxmmgyo13", "Scnss1020527", "C171-5589", 2 );
INSERT INTO BasketContains VALUES ( "Dkbvhsg13", "Jjy1020604", "C100-2102", 9 );
INSERT INTO BasketContains VALUES ( "Eimmpxkdbbf17", "Umwpp1020366", "W879-0303", 9 );
INSERT INTO BasketContains VALUES ( "Wqptttfcphmfhyjs5", "Gsqcw1020569", "C142-0034", 60 );
INSERT INTO BasketContains VALUES ( "Tpxmmgyo13", "Scnss1020527", "C102-3071", 2 );
INSERT INTO BasketContains VALUES ( "Dtevri9", "Eiuu1020359", "W102-4584", 4 );
INSERT INTO BasketContains VALUES ( "Tbmgobvfptc15", "Oik1020471", "W828-0019", 5 );
INSERT INTO BasketContains VALUES ( "Wvetpaexkjejybvii15", "Oy1020583", "W864-5304", 76 );
INSERT INTO BasketContains VALUES ( "Jnxuihvzygl5", "Rraqf1020478", "C177-0805", 2 );
INSERT INTO BasketContains VALUES ( "Pzkbzcvyy15", "Lm1020373", "C401-0148", 2 );
INSERT INTO BasketContains VALUES ( "Figerdrkwplerg6", "Cricw1020429", "C101-5610", 9 );
INSERT INTO BasketContains VALUES ( "Xbs4", "Ptwzni1020408", "W846-5753", 2 );
INSERT INTO BasketContains VALUES ( "Ueczhdqwyhw16", "Geumj1020520", "W864-8897", 2 );
INSERT INTO BasketContains VALUES ( "Tpxmmgyo13", "Scnss1020527", "W875-7238", 2 );
INSERT INTO BasketContains VALUES ( "Vqbgklsuc15", "Ihx1020590", "W899-2442", 193 );
INSERT INTO BasketContains VALUES ( "Ueczhdqwyhw16", "Geumj1020520", "C177-1424", 2 );
INSERT INTO BasketContains VALUES ( "Anhjhoxogjclgblop11", "Twpx1020541", "W820-0022", 2 );
INSERT INTO BasketContains VALUES ( "Csdfxdmhlxmlbptru17", "Goow1020387", "W820-0022", 5 );
INSERT INTO BasketContains VALUES ( "Rppfwnsjnmxbxbv5", "Frka1020534", "C177-1424", 1 );
INSERT INTO BasketContains VALUES ( "Kembaomqdeo7", "Rdxwpj1020513", "W899-2442", 4 );
INSERT INTO BasketContains VALUES ( "Ljuitasikiozf15", "Aw1020464", "W144-3123", 3 );
INSERT INTO BasketContains VALUES ( "Wkegaooizxysy14", "Hmby1020562", "C142-0016", 59 );
INSERT INTO BasketContains VALUES ( "Wkegaooizxysy14", "Hmby1020562", "C132-1061", 89 );
INSERT INTO BasketContains VALUES ( "Ekoznex12", "Uvnrn1020394", "C132-1070", 5 );
INSERT INTO BasketContains VALUES ( "Jmahqt13", "Wqk1020506", "W819-0035", 4 );
INSERT INTO BasketContains VALUES ( "Wqptttfcphmfhyjs5", "Gsqcw1020569", "W868-0699", 95 );
INSERT INTO BasketContains VALUES ( "Ueczhdqwyhw16", "Geumj1020520", "W868-0680", 3 );
INSERT INTO BasketContains VALUES ( "Cdulalemer7", "Njmthe1020457", "C100-4119", 5 );
INSERT INTO BasketContains VALUES ( "Wkegaooizxysy14", "Hmby1020562", "W868-0699", 62 );
INSERT INTO BasketContains VALUES ( "Ueczhdqwyhw16", "Geumj1020520", "C166-0915", 5 );
INSERT INTO BasketContains VALUES ( "Figerdrkwplerg6", "Cricw1020429", "W868-0680", 6 );
INSERT INTO BasketContains VALUES ( "Cdulalemer7", "Njmthe1020457", "C100-4128", 4 );
INSERT INTO BasketContains VALUES ( "Doyklvmqyh14", "Ogtr1020338", "C100-1811", 6 );
INSERT INTO BasketContains VALUES ( "Tqtz10", "Trtmn1020485", "W833-0439", 7 );
INSERT INTO BasketContains VALUES ( "Rppfwnsjnmxbxbv5", "Frka1020534", "W843-8704", 7 );
INSERT INTO BasketContains VALUES ( "Jmahqt13", "Wqk1020506", "W868-0945", 6 );
INSERT INTO BasketContains VALUES ( "Doyklvmqyh14", "Ogtr1020338", "W864-9993", 9 );
INSERT INTO BasketContains VALUES ( "Ztplvubydlppjcx17", "Ej1020597", "W864-5456", 286 );
INSERT INTO BasketContains VALUES ( "Wkegaooizxysy14", "Hmby1020562", "W820-0475", 73 );
INSERT INTO BasketContains VALUES ( "Csdfxdmhlxmlbptru17", "Goow1020387", "W820-0022", 9 );
INSERT INTO BasketContains VALUES ( "Tqtz10", "Trtmn1020485", "W850-0029", 5 );
INSERT INTO BasketContains VALUES ( "Pegwhos14", "Zixll1020576", "W864-5456", 8 );
INSERT INTO BasketContains VALUES ( "Pzkbzcvyy15", "Lm1020373", "C401-0111", 5 );
INSERT INTO BasketContains VALUES ( "Rqtgznfaerjebjkba15", "Rb1020401", "W864-5313", 2 );
INSERT INTO BasketContains VALUES ( "Cpmizhlmmkfkwf3", "Zayf1020492", "W113-7949", 8 );
INSERT INTO BasketContains VALUES ( "Ccxlkkua15", "Sgr1020450", "W899-2442", 4 );
INSERT INTO BasketContains VALUES ( "Ztplvubydlppjcx17", "Ej1020597", "W863-0250", 256 );
INSERT INTO BasketContains VALUES ( "Kthwxizcioazcylmz13", "Dsxnt1020436", "W879-0303", 1 );
INSERT INTO BasketContains VALUES ( "Anhjhoxogjclgblop11", "Twpx1020541", "W843-8704", 7 );
INSERT INTO BasketContains VALUES ( "Kembaomqdeo7", "Rdxwpj1020513", "W875-7238", 2 );
INSERT INTO BasketContains VALUES ( "Rqtgznfaerjebjkba15", "Rb1020401", "W864-4697", 9 );
INSERT INTO BasketContains VALUES ( "Rppfwnsjnmxbxbv5", "Frka1020534", "C177-0805", 2 );
INSERT INTO BasketContains VALUES ( "Ccxlkkua15", "Sgr1020450", "W144-3123", 7 );
INSERT INTO BasketContains VALUES ( "Ekoznex12", "Uvnrn1020394", "W113-7949", 7 );
INSERT INTO BasketContains VALUES ( "Rppfwnsjnmxbxbv5", "Frka1020534", "W144-4371", 3 );
INSERT INTO BasketContains VALUES ( "Dkbvhsg13", "Jjy1020604", "C166-0915", 6 );
INSERT INTO BasketContains VALUES ( "Wkegaooizxysy14", "Hmby1020562", "W868-0680", 79 );
INSERT INTO BasketContains VALUES ( "Jmahqt13", "Wqk1020506", "W864-8897", 1 );
INSERT INTO BasketContains VALUES ( "Cdulalemer7", "Njmthe1020457", "C132-2848", 5 );
INSERT INTO BasketContains VALUES ( "Pegwhos14", "Zixll1020576", "W899-2442", 2 );
INSERT INTO BasketContains VALUES ( "Ccxlkkua15", "Sgr1020450", "W879-0303", 5 );
INSERT INTO BasketContains VALUES ( "Jnxuihvzygl5", "Rraqf1020478", "W818-2911", 7 );
INSERT INTO BasketContains VALUES ( "Doyklvmqyh14", "Ogtr1020338", "W102-4584", 8 );
INSERT INTO BasketContains VALUES ( "Dkbvhsg13", "Jjy1020604", "W113-7949", 2 );
INSERT INTO BasketContains VALUES ( "Kembaomqdeo7", "Rdxwpj1020513", "W868-0699", 8 );
INSERT INTO BasketContains VALUES ( "Xmzlvzku14", "Elpeeq1020345", "C177-1406", 4 );
INSERT INTO BasketContains VALUES ( "Rppfwnsjnmxbxbv5", "Frka1020534", "C132-1070", 3 );
INSERT INTO BasketContains VALUES ( "Rppfwnsjnmxbxbv5", "Frka1020534", "C171-6065", 8 );
INSERT INTO BasketContains VALUES ( "Vqbgklsuc15", "Ihx1020590", "W863-0250", 176 );
INSERT INTO BasketContains VALUES ( "Cdulalemer7", "Njmthe1020457", "W845-0900", 5 );
INSERT INTO BasketContains VALUES ( "Doyklvmqyh14", "Ogtr1020338", "W868-0945", 1 );
INSERT INTO BasketContains VALUES ( "Ofjithncs11", "Mzlt1020380", "W864-8897", 2 );
INSERT INTO BasketContains VALUES ( "Rqtgznfaerjebjkba15", "Rb1020401", "C166-0915", 8 );
INSERT INTO BasketContains VALUES ( "Kembaomqdeo7", "Rdxwpj1020513", "C171-5516", 5 );
INSERT INTO BasketContains VALUES ( "Ueczhdqwyhw16", "Geumj1020520", "W863-0278", 6 );
INSERT INTO BasketContains VALUES ( "Tpxmmgyo13", "Scnss1020527", "W864-5304", 9 );
INSERT INTO BasketContains VALUES ( "Doyklvmqyh14", "Ogtr1020338", "W864-9993", 8 );
INSERT INTO BasketContains VALUES ( "Ofjithncs11", "Mzlt1020380", "C166-0915", 6 );
INSERT INTO BasketContains VALUES ( "Jmahqt13", "Wqk1020506", "W864-5456", 1 );
INSERT INTO BasketContains VALUES ( "Tpxmmgyo13", "Scnss1020527", "W820-0022", 6 );
INSERT INTO BasketContains VALUES ( "Ofjithncs11", "Mzlt1020380", "W113-7921", 3 );
INSERT INTO BasketContains VALUES ( "Ppqa12", "Tj1020415", "W863-0250", 2 );
INSERT INTO BasketContains VALUES ( "Ueczhdqwyhw16", "Geumj1020520", "W828-0019", 6 );
INSERT INTO BasketContains VALUES ( "Wdzxc8", "Djp1020331", "C132-2848", 1 );
INSERT INTO BasketContains VALUES ( "Rqtgznfaerjebjkba15", "Rb1020401", "C100-4128", 7 );
INSERT INTO BasketContains VALUES ( "Ofjithncs11", "Mzlt1020380", "W864-9993", 4 );
INSERT INTO BasketContains VALUES ( "Wdzxc8", "Djp1020331", "C100-1811", 8 );
INSERT INTO BasketContains VALUES ( "Ztplvubydlppjcx17", "Ej1020597", "W864-5456", 103 );
INSERT INTO BasketContains VALUES ( "Ofjithncs11", "Mzlt1020380", "C132-1070", 6 );
INSERT INTO BasketContains VALUES ( "Anhjhoxogjclgblop11", "Twpx1020541", "C166-0915", 3 );
INSERT INTO BasketContains VALUES ( "Tpxmmgyo13", "Scnss1020527", "C101-5610", 1 );
INSERT INTO BasketContains VALUES ( "Dtevri9", "Eiuu1020359", "W868-0559", 4 );
INSERT INTO BasketContains VALUES ( "Cdulalemer7", "Njmthe1020457", "C102-3071", 9 );
INSERT INTO BasketContains VALUES ( "Tbmgobvfptc15", "Oik1020471", "W113-8133", 7 );
INSERT INTO BasketContains VALUES ( "Wkegaooizxysy14", "Hmby1020562", "C100-4119", 82 );
INSERT INTO BasketContains VALUES ( "Xbs4", "Ptwzni1020408", "W843-8704", 4 );
INSERT INTO BasketContains VALUES ( "Dkbvhsg13", "Jjy1020604", "W849-9635", 5 );
INSERT INTO BasketContains VALUES ( "Ekoznex12", "Uvnrn1020394", "W843-9961", 1 );
INSERT INTO BasketContains VALUES ( "Vqbgklsuc15", "Ihx1020590", "W818-0542", 239 );
INSERT INTO BasketContains VALUES ( "Anhjhoxogjclgblop11", "Twpx1020541", "W888-1818", 2 );
INSERT INTO BasketContains VALUES ( "Wkegaooizxysy14", "Hmby1020562", "W875-7238", 77 );
INSERT INTO BasketContains VALUES ( "Ccxlkkua15", "Sgr1020450", "W818-0542", 5 );
INSERT INTO BasketContains VALUES ( "Ppqa12", "Tj1020415", "W868-0559", 9 );
INSERT INTO BasketContains VALUES ( "Xbs4", "Ptwzni1020408", "C132-1070", 8 );
INSERT INTO BasketContains VALUES ( "Ekoznex12", "Uvnrn1020394", "W849-9635", 3 );
INSERT INTO BasketContains VALUES ( "Xbs4", "Ptwzni1020408", "W875-7238", 7 );
INSERT INTO BasketContains VALUES ( "Ofjithncs11", "Mzlt1020380", "W833-0439", 4 );
INSERT INTO BasketContains VALUES ( "Doyklvmqyh14", "Ogtr1020338", "W868-0699", 2 );
INSERT INTO BasketContains VALUES ( "Ozkglhrfsmnv9", "Gz1020443", "W863-0250", 9 );
INSERT INTO BasketContains VALUES ( "Vqbgklsuc15", "Ihx1020590", "W833-0439", 182 );
INSERT INTO BasketContains VALUES ( "Tpxmmgyo13", "Scnss1020527", "W843-8704", 9 );
INSERT INTO BasketContains VALUES ( "Pegwhos14", "Zixll1020576", "C131-0092", 4 );
INSERT INTO BasketContains VALUES ( "Vonubeimxxyestj17", "Erlhvv1020548", "W868-0559", 183 );
INSERT INTO BasketContains VALUES ( "Ztplvubydlppjcx17", "Ej1020597", "C100-2102", 140 );
INSERT INTO BasketContains VALUES ( "Cpmizhlmmkfkwf3", "Zayf1020492", "W879-0303", 2 );
INSERT INTO BasketContains VALUES ( "Wvetpaexkjejybvii15", "Oy1020583", "C101-5601", 62 );
INSERT INTO BasketContains VALUES ( "Figerdrkwplerg6", "Cricw1020429", "W820-0475", 7 );
INSERT INTO BasketContains VALUES ( "Tpxmmgyo13", "Scnss1020527", "W864-9993", 9 );
INSERT INTO BasketContains VALUES ( "Ekoznex12", "Uvnrn1020394", "W847-4821", 5 );
INSERT INTO BasketContains VALUES ( "Rppfwnsjnmxbxbv5", "Frka1020534", "W847-4821", 6 );
INSERT INTO BasketContains VALUES ( "Ueczhdqwyhw16", "Geumj1020520", "W113-7921", 3 );
INSERT INTO BasketContains VALUES ( "Qac14", "Qaee1020555", "W847-4821", 8 );
INSERT INTO BasketContains VALUES ( "Dkbvhsg13", "Jjy1020604", "W140-1862", 4 );
INSERT INTO BasketContains VALUES ( "Ueczhdqwyhw16", "Geumj1020520", "C131-0092", 9 );
INSERT INTO BasketContains VALUES ( "Eimmpxkdbbf17", "Umwpp1020366", "W848-9197", 2 );
INSERT INTO BasketContains VALUES ( "Wdzxc8", "Djp1020331", "W868-0945", 1 );
INSERT INTO BasketContains VALUES ( "Pzkbzcvyy15", "Lm1020373", "W875-7238", 8 );
INSERT INTO BasketContains VALUES ( "Wvetpaexkjejybvii15", "Oy1020583", "W864-5313", 64 );
INSERT INTO BasketContains VALUES ( "Jmahqt13", "Wqk1020506", "W845-0900", 4 );
INSERT INTO BasketContains VALUES ( "Ljuitasikiozf15", "Aw1020464", "W843-9961", 4 );
INSERT INTO BasketContains VALUES ( "Ustsx8", "Tzc1020422", "C101-5601", 2 );
INSERT INTO BasketContains VALUES ( "Tbmgobvfptc15", "Oik1020471", "W863-0278", 5 );
INSERT INTO BasketContains VALUES ( "Tbmgobvfptc15", "Oik1020471", "C100-4119", 6 );
INSERT INTO BasketContains VALUES ( "Kembaomqdeo7", "Rdxwpj1020513", "W864-9595", 1 );
INSERT INTO BasketContains VALUES ( "Cdulalemer7", "Njmthe1020457", "C171-6065", 3 );
INSERT INTO BasketContains VALUES ( "Kembaomqdeo7", "Rdxwpj1020513", "W864-4697", 7 );
INSERT INTO BasketContains VALUES ( "Wkegaooizxysy14", "Hmby1020562", "C100-1811", 65 );
INSERT INTO BasketContains VALUES ( "Ustsx8", "Tzc1020422", "W820-0022", 5 );
INSERT INTO BasketContains VALUES ( "Lnnbvovl10", "Uv1020499", "W879-0011", 5 );
INSERT INTO BasketContains VALUES ( "Jmahqt13", "Wqk1020506", "C171-6065", 5 );
INSERT INTO BasketContains VALUES ( "Vqbgklsuc15", "Ihx1020590", "C100-4128", 120 );
INSERT INTO BasketContains VALUES ( "Ueczhdqwyhw16", "Geumj1020520", "C132-1070", 8 );
INSERT INTO BasketContains VALUES ( "Ekoznex12", "Uvnrn1020394", "W819-0026", 4 );
INSERT INTO BasketContains VALUES ( "Ustsx8", "Tzc1020422", "C100-1811", 6 );
INSERT INTO BasketContains VALUES ( "Csdfxdmhlxmlbptru17", "Goow1020387", "W105-3373", 9 );
INSERT INTO BasketContains VALUES ( "Ofjithncs11", "Mzlt1020380", "C401-0148", 3 );
INSERT INTO BasketContains VALUES ( "Lnnbvovl10", "Uv1020499", "W875-7238", 7 );
INSERT INTO BasketContains VALUES ( "Wqptttfcphmfhyjs5", "Gsqcw1020569", "C171-6065", 58 );
INSERT INTO BasketContains VALUES ( "Anhjhoxogjclgblop11", "Twpx1020541", "C177-1424", 7 );
INSERT INTO BasketContains VALUES ( "Csdfxdmhlxmlbptru17", "Goow1020387", "W820-0475", 8 );
INSERT INTO BasketContains VALUES ( "Jmahqt13", "Wqk1020506", "W850-4788", 2 );
INSERT INTO BasketContains VALUES ( "Xbs4", "Ptwzni1020408", "W864-5456", 7 );
INSERT INTO BasketContains VALUES ( "Anhjhoxogjclgblop11", "Twpx1020541", "C100-4128", 5 );
INSERT INTO BasketContains VALUES ( "Csdfxdmhlxmlbptru17", "Goow1020387", "C131-0092", 8 );
INSERT INTO BasketContains VALUES ( "Jnxuihvzygl5", "Rraqf1020478", "C131-0092", 5 );
INSERT INTO BasketContains VALUES ( "Cdulalemer7", "Njmthe1020457", "W868-0945", 3 );
INSERT INTO BasketContains VALUES ( "Jmahqt13", "Wqk1020506", "W868-0680", 1 );
INSERT INTO BasketContains VALUES ( "Lnnbvovl10", "Uv1020499", "W888-1818", 4 );
INSERT INTO BasketContains VALUES ( "Csdfxdmhlxmlbptru17", "Goow1020387", "C177-1406", 9 );
INSERT INTO BasketContains VALUES ( "Ljuitasikiozf15", "Aw1020464", "C166-0915", 6 );
INSERT INTO BasketContains VALUES ( "Vonubeimxxyestj17", "Erlhvv1020548", "C102-3071", 257 );
INSERT INTO BasketContains VALUES ( "Ccxlkkua15", "Sgr1020450", "C142-0016", 9 );
INSERT INTO BasketContains VALUES ( "Wvetpaexkjejybvii15", "Oy1020583", "W864-8541", 79 );
INSERT INTO BasketContains VALUES ( "Cpmizhlmmkfkwf3", "Zayf1020492", "W864-4697", 9 );
INSERT INTO BasketContains VALUES ( "Tqtz10", "Trtmn1020485", "C177-1424", 4 );
INSERT INTO BasketContains VALUES ( "Anhjhoxogjclgblop11", "Twpx1020541", "W843-9961", 2 );
INSERT INTO BasketContains VALUES ( "Ixupyn15", "Ir1020352", "W848-9197", 2 );
INSERT INTO BasketContains VALUES ( "Ztplvubydlppjcx17", "Ej1020597", "W868-0699", 204 );
INSERT INTO BasketContains VALUES ( "Tbmgobvfptc15", "Oik1020471", "C171-6065", 6 );
INSERT INTO BasketContains VALUES ( "Ccxlkkua15", "Sgr1020450", "C401-0111", 8 );
INSERT INTO BasketContains VALUES ( "Vonubeimxxyestj17", "Erlhvv1020548", "C100-1811", 211 );
INSERT INTO BasketContains VALUES ( "Dtevri9", "Eiuu1020359", "W843-8704", 8 );
INSERT INTO BasketContains VALUES ( "Anhjhoxogjclgblop11", "Twpx1020541", "W863-0278", 9 );
INSERT INTO BasketContains VALUES ( "Ljuitasikiozf15", "Aw1020464", "W899-2442", 6 );
INSERT INTO BasketContains VALUES ( "Figerdrkwplerg6", "Cricw1020429", "C100-4119", 6 );
INSERT INTO BasketContains VALUES ( "Csdfxdmhlxmlbptru17", "Goow1020387", "W847-4821", 9 );
INSERT INTO BasketContains VALUES ( "Ccxlkkua15", "Sgr1020450", "W144-4371", 3 );
INSERT INTO BasketContains VALUES ( "Ozkglhrfsmnv9", "Gz1020443", "W846-2808", 8 );
INSERT INTO BasketContains VALUES ( "Wvetpaexkjejybvii15", "Oy1020583", "W863-0278", 74 );
INSERT INTO BasketContains VALUES ( "Ekoznex12", "Uvnrn1020394", "W847-4821", 8 );
INSERT INTO BasketContains VALUES ( "Jmahqt13", "Wqk1020506", "C100-4128", 5 );
INSERT INTO BasketContains VALUES ( "Rqtgznfaerjebjkba15", "Rb1020401", "W845-0900", 4 );
INSERT INTO BasketContains VALUES ( "Jmahqt13", "Wqk1020506", "W102-4584", 5 );
INSERT INTO BasketContains VALUES ( "Rqtgznfaerjebjkba15", "Rb1020401", "W879-4017", 3 );
INSERT INTO BasketContains VALUES ( "Kthwxizcioazcylmz13", "Dsxnt1020436", "C171-5589", 3 );
INSERT INTO BasketContains VALUES ( "Anhjhoxogjclgblop11", "Twpx1020541", "W864-8897", 5 );
INSERT INTO BasketContains VALUES ( "Tbmgobvfptc15", "Oik1020471", "W818-2911", 3 );
INSERT INTO BasketContains VALUES ( "Kthwxizcioazcylmz13", "Dsxnt1020436", "W113-8133", 6 );
INSERT INTO BasketContains VALUES ( "Kthwxizcioazcylmz13", "Dsxnt1020436", "C177-1406", 8 );
INSERT INTO BasketContains VALUES ( "Tbmgobvfptc15", "Oik1020471", "C142-0016", 6 );
INSERT INTO BasketContains VALUES ( "Pzkbzcvyy15", "Lm1020373", "W848-9197", 2 );
INSERT INTO BasketContains VALUES ( "Doyklvmqyh14", "Ogtr1020338", "W845-0900", 8 );
INSERT INTO BasketContains VALUES ( "Doyklvmqyh14", "Ogtr1020338", "C177-1424", 3 );
INSERT INTO BasketContains VALUES ( "Ueczhdqwyhw16", "Geumj1020520", "W868-0699", 8 );
INSERT INTO BasketContains VALUES ( "Xbs4", "Ptwzni1020408", "W843-8704", 1 );
INSERT INTO BasketContains VALUES ( "Vonubeimxxyestj17", "Erlhvv1020548", "W879-4017", 288 );
INSERT INTO BasketContains VALUES ( "Qac14", "Qaee1020555", "W868-0680", 4 );
INSERT INTO BasketContains VALUES ( "Tpxmmgyo13", "Scnss1020527", "W864-5304", 6 );
INSERT INTO BasketContains VALUES ( "Pzkbzcvyy15", "Lm1020373", "C132-2848", 7 );
INSERT INTO BasketContains VALUES ( "Anhjhoxogjclgblop11", "Twpx1020541", "C100-2111", 8 );
INSERT INTO BasketContains VALUES ( "Jmahqt13", "Wqk1020506", "W113-7949", 4 );
INSERT INTO BasketContains VALUES ( "Ztplvubydlppjcx17", "Ej1020597", "C177-0805", 183 );
INSERT INTO BasketContains VALUES ( "Dtevri9", "Eiuu1020359", "W843-9961", 7 );
INSERT INTO BasketContains VALUES ( "Kembaomqdeo7", "Rdxwpj1020513", "W105-3373", 5 );
INSERT INTO BasketContains VALUES ( "Figerdrkwplerg6", "Cricw1020429", "W846-2808", 5 );
INSERT INTO BasketContains VALUES ( "Pegwhos14", "Zixll1020576", "W850-0029", 2 );
INSERT INTO BasketContains VALUES ( "Tpxmmgyo13", "Scnss1020527", "W864-9993", 3 );
INSERT INTO BasketContains VALUES ( "Ustsx8", "Tzc1020422", "C171-5516", 6 );
INSERT INTO BasketContains VALUES ( "Ljuitasikiozf15", "Aw1020464", "W864-9993", 3 );
INSERT INTO BasketContains VALUES ( "Csdfxdmhlxmlbptru17", "Goow1020387", "W864-8541", 7 );
INSERT INTO BasketContains VALUES ( "Wvetpaexkjejybvii15", "Oy1020583", "W879-3841", 91 );
INSERT INTO BasketContains VALUES ( "Wdzxc8", "Djp1020331", "W848-9197", 7 );
INSERT INTO BasketContains VALUES ( "Ofjithncs11", "Mzlt1020380", "C100-2102", 1 );
INSERT INTO BasketContains VALUES ( "Xbs4", "Ptwzni1020408", "W864-9595", 9 );
INSERT INTO BasketContains VALUES ( "Ztplvubydlppjcx17", "Ej1020597", "W144-4371", 247 );
INSERT INTO BasketContains VALUES ( "Ccxlkkua15", "Sgr1020450", "W864-9993", 8 );
INSERT INTO BasketContains VALUES ( "Anhjhoxogjclgblop11", "Twpx1020541", "W864-5456", 5 );
INSERT INTO BasketContains VALUES ( "Wkegaooizxysy14", "Hmby1020562", "W879-0303", 57 );
INSERT INTO BasketContains VALUES ( "Vqbgklsuc15", "Ihx1020590", "W868-0559", 112 );
INSERT INTO BasketContains VALUES ( "Wvetpaexkjejybvii15", "Oy1020583", "W888-1818", 79 );
INSERT INTO BasketContains VALUES ( "Figerdrkwplerg6", "Cricw1020429", "W144-3123", 1 );
INSERT INTO BasketContains VALUES ( "Rppfwnsjnmxbxbv5", "Frka1020534", "W879-0303", 8 );
INSERT INTO BasketContains VALUES ( "Doyklvmqyh14", "Ogtr1020338", "W864-8897", 1 );
INSERT INTO BasketContains VALUES ( "Rppfwnsjnmxbxbv5", "Frka1020534", "W864-4697", 5 );
INSERT INTO BasketContains VALUES ( "Qac14", "Qaee1020555", "W105-3373", 6 );
INSERT INTO BasketContains VALUES ( "Lnnbvovl10", "Uv1020499", "W850-4788", 5 );
INSERT INTO BasketContains VALUES ( "Kembaomqdeo7", "Rdxwpj1020513", "W864-4697", 6 );
INSERT INTO BasketContains VALUES ( "Wvetpaexkjejybvii15", "Oy1020583", "W843-8704", 78 );
INSERT INTO BasketContains VALUES ( "Ccxlkkua15", "Sgr1020450", "W888-1818", 4 );
INSERT INTO BasketContains VALUES ( "Vqbgklsuc15", "Ihx1020590", "W843-9961", 199 );
INSERT INTO BasketContains VALUES ( "Dtevri9", "Eiuu1020359", "C177-1406", 8 );
INSERT INTO BasketContains VALUES ( "Kembaomqdeo7", "Rdxwpj1020513", "W144-4371", 9 );
INSERT INTO BasketContains VALUES ( "Jmahqt13", "Wqk1020506", "C177-1424", 4 );
INSERT INTO BasketContains VALUES ( "Vqbgklsuc15", "Ihx1020590", "W818-2911", 103 );
INSERT INTO BasketContains VALUES ( "Cpmizhlmmkfkwf3", "Zayf1020492", "W105-3373", 2 );
INSERT INTO BasketContains VALUES ( "Tpxmmgyo13", "Scnss1020527", "C171-5516", 6 );
INSERT INTO BasketContains VALUES ( "Kembaomqdeo7", "Rdxwpj1020513", "W820-0022", 4 );
INSERT INTO BasketContains VALUES ( "Xbs4", "Ptwzni1020408", "C131-0092", 4 );
INSERT INTO BasketContains VALUES ( "Cdulalemer7", "Njmthe1020457", "W879-0011", 6 );
INSERT INTO BasketContains VALUES ( "Rppfwnsjnmxbxbv5", "Frka1020534", "W868-0945", 3 );
INSERT INTO BasketContains VALUES ( "Tbmgobvfptc15", "Oik1020471", "W113-7949", 1 );
INSERT INTO BasketContains VALUES ( "Ozkglhrfsmnv9", "Gz1020443", "C171-5589", 7 );
INSERT INTO BasketContains VALUES ( "Ozkglhrfsmnv9", "Gz1020443", "W868-0945", 3 );
INSERT INTO BasketContains VALUES ( "Ccxlkkua15", "Sgr1020450", "C177-1424", 3 );
INSERT INTO BasketContains VALUES ( "Csdfxdmhlxmlbptru17", "Goow1020387", "W850-0029", 7 );
INSERT INTO BasketContains VALUES ( "Xmzlvzku14", "Elpeeq1020345", "W820-0022", 5 );
INSERT INTO BasketContains VALUES ( "Xbs4", "Ptwzni1020408", "C142-0034", 2 );
INSERT INTO BasketContains VALUES ( "Lnnbvovl10", "Uv1020499", "W833-0439", 3 );
INSERT INTO BasketContains VALUES ( "Tpxmmgyo13", "Scnss1020527", "W875-7238", 2 );
INSERT INTO BasketContains VALUES ( "Ekoznex12", "Uvnrn1020394", "W820-0475", 1 );
INSERT INTO BasketContains VALUES ( "Vonubeimxxyestj17", "Erlhvv1020548", "W864-5304", 231 );
INSERT INTO BasketContains VALUES ( "Lnnbvovl10", "Uv1020499", "W888-1818", 1 );
INSERT INTO BasketContains VALUES ( "Pzkbzcvyy15", "Lm1020373", "C171-6065", 4 );
INSERT INTO BasketContains VALUES ( "Xbs4", "Ptwzni1020408", "W819-0026", 1 );
INSERT INTO BasketContains VALUES ( "Wqptttfcphmfhyjs5", "Gsqcw1020569", "W868-0559", 92 );
INSERT INTO BasketContains VALUES ( "Tqtz10", "Trtmn1020485", "W863-0250", 6 );
INSERT INTO BasketContains VALUES ( "Ixupyn15", "Ir1020352", "W864-5313", 4 );
INSERT INTO BasketContains VALUES ( "Wkegaooizxysy14", "Hmby1020562", "C100-4119", 90 );
INSERT INTO BasketContains VALUES ( "Ekoznex12", "Uvnrn1020394", "W848-9197", 1 );
INSERT INTO BasketContains VALUES ( "Kthwxizcioazcylmz13", "Dsxnt1020436", "C100-1811", 3 );
INSERT INTO BasketContains VALUES ( "Ccxlkkua15", "Sgr1020450", "C142-0034", 9 );
INSERT INTO BasketContains VALUES ( "Ccxlkkua15", "Sgr1020450", "C177-1406", 8 );
INSERT INTO BasketContains VALUES ( "Vqbgklsuc15", "Ihx1020590", "W113-7921", 269 );
INSERT INTO BasketContains VALUES ( "Xmzlvzku14", "Elpeeq1020345", "W868-0699", 1 );
INSERT INTO BasketContains VALUES ( "Wqptttfcphmfhyjs5", "Gsqcw1020569", "C142-0034", 54 );
INSERT INTO BasketContains VALUES ( "Rppfwnsjnmxbxbv5", "Frka1020534", "W879-3841", 4 );
INSERT INTO BasketContains VALUES ( "Csdfxdmhlxmlbptru17", "Goow1020387", "C401-0111", 3 );
INSERT INTO BasketContains VALUES ( "Csdfxdmhlxmlbptru17", "Goow1020387", "W899-2442", 8 );
INSERT INTO BasketContains VALUES ( "Dtevri9", "Eiuu1020359", "C100-1811", 3 );
INSERT INTO BasketContains VALUES ( "Ppqa12", "Tj1020415", "C101-5601", 7 );
INSERT INTO BasketContains VALUES ( "Wqptttfcphmfhyjs5", "Gsqcw1020569", "W846-2808", 59 );
INSERT INTO BasketContains VALUES ( "Cpmizhlmmkfkwf3", "Zayf1020492", "C177-0805", 3 );
INSERT INTO BasketContains VALUES ( "Vonubeimxxyestj17", "Erlhvv1020548", "C100-2102", 269 );
INSERT INTO BasketContains VALUES ( "Csdfxdmhlxmlbptru17", "Goow1020387", "W868-0699", 2 );
INSERT INTO BasketContains VALUES ( "Qac14", "Qaee1020555", "W818-0542", 6 );
INSERT INTO BasketContains VALUES ( "Ueczhdqwyhw16", "Geumj1020520", "W845-0900", 5 );
INSERT INTO BasketContains VALUES ( "Vqbgklsuc15", "Ihx1020590", "W833-0439", 283 );
INSERT INTO BasketContains VALUES ( "Lnnbvovl10", "Uv1020499", "W864-5456", 6 );
INSERT INTO BasketContains VALUES ( "Tqtz10", "Trtmn1020485", "W848-9197", 1 );
INSERT INTO BasketContains VALUES ( "Ofjithncs11", "Mzlt1020380", "W868-0559", 3 );
INSERT INTO BasketContains VALUES ( "Qac14", "Qaee1020555", "W819-0035", 4 );
INSERT INTO BasketContains VALUES ( "Cpmizhlmmkfkwf3", "Zayf1020492", "W868-0945", 9 );
INSERT INTO BasketContains VALUES ( "Tpxmmgyo13", "Scnss1020527", "W144-4371", 3 );
INSERT INTO BasketContains VALUES ( "Ixupyn15", "Ir1020352", "C102-3071", 8 );
INSERT INTO BasketContains VALUES ( "Kthwxizcioazcylmz13", "Dsxnt1020436", "W850-4788", 5 );
INSERT INTO BasketContains VALUES ( "Vqbgklsuc15", "Ihx1020590", "W868-0699", 163 );
INSERT INTO BasketContains VALUES ( "Figerdrkwplerg6", "Cricw1020429", "W864-5313", 8 );
INSERT INTO BasketContains VALUES ( "Tqtz10", "Trtmn1020485", "C132-2848", 7 );
INSERT INTO BasketContains VALUES ( "Kembaomqdeo7", "Rdxwpj1020513", "W879-0011", 5 );
INSERT INTO BasketContains VALUES ( "Eimmpxkdbbf17", "Umwpp1020366", "W850-4788", 2 );
INSERT INTO BasketContains VALUES ( "Lnnbvovl10", "Uv1020499", "C100-4128", 1 );
INSERT INTO BasketContains VALUES ( "Ztplvubydlppjcx17", "Ej1020597", "W828-0064", 159 );
INSERT INTO BasketContains VALUES ( "Wdzxc8", "Djp1020331", "C171-5589", 2 );
INSERT INTO BasketContains VALUES ( "Dkbvhsg13", "Jjy1020604", "C100-1811", 1 );
INSERT INTO BasketContains VALUES ( "Jmahqt13", "Wqk1020506", "W879-0303", 4 );
INSERT INTO BasketContains VALUES ( "Ustsx8", "Tzc1020422", "C101-5601", 6 );
INSERT INTO BasketContains VALUES ( "Kthwxizcioazcylmz13", "Dsxnt1020436", "C177-0805", 4 );
INSERT INTO BasketContains VALUES ( "Vonubeimxxyestj17", "Erlhvv1020548", "C100-2111", 210 );
INSERT INTO BasketContains VALUES ( "Tqtz10", "Trtmn1020485", "C132-1070", 5 );
INSERT INTO BasketContains VALUES ( "Cpmizhlmmkfkwf3", "Zayf1020492", "W849-9635", 9 );
INSERT INTO BasketContains VALUES ( "Ljuitasikiozf15", "Aw1020464", "W140-1862", 2 );
INSERT INTO BasketContains VALUES ( "Ztplvubydlppjcx17", "Ej1020597", "W879-4017", 272 );
INSERT INTO BasketContains VALUES ( "Xmzlvzku14", "Elpeeq1020345", "W113-8133", 1 );
INSERT INTO BasketContains VALUES ( "Rqtgznfaerjebjkba15", "Rb1020401", "W879-3841", 5 );
INSERT INTO BasketContains VALUES ( "Doyklvmqyh14", "Ogtr1020338", "C132-1061", 6 );
INSERT INTO BasketContains VALUES ( "Kthwxizcioazcylmz13", "Dsxnt1020436", "W864-8897", 4 );
INSERT INTO BasketContains VALUES ( "Tbmgobvfptc15", "Oik1020471", "C142-0034", 4 );
INSERT INTO BasketContains VALUES ( "Tqtz10", "Trtmn1020485", "W864-9993", 7 );
INSERT INTO BasketContains VALUES ( "Ustsx8", "Tzc1020422", "C100-4128", 4 );
INSERT INTO BasketContains VALUES ( "Rppfwnsjnmxbxbv5", "Frka1020534", "C100-4119", 9 );
INSERT INTO BasketContains VALUES ( "Ekoznex12", "Uvnrn1020394", "C177-1406", 2 );
INSERT INTO BasketContains VALUES ( "Eimmpxkdbbf17", "Umwpp1020366", "W820-0022", 8 );
INSERT INTO BasketContains VALUES ( "Kembaomqdeo7", "Rdxwpj1020513", "W868-0680", 7 );
INSERT INTO BasketContains VALUES ( "Ueczhdqwyhw16", "Geumj1020520", "W868-0699", 7 );
INSERT INTO BasketContains VALUES ( "Cdulalemer7", "Njmthe1020457", "W868-0559", 2 );
INSERT INTO BasketContains VALUES ( "Vqbgklsuc15", "Ihx1020590", "W864-5304", 169 );
INSERT INTO BasketContains VALUES ( "Cdulalemer7", "Njmthe1020457", "C132-1061", 2 );
INSERT INTO BasketContains VALUES ( "Ppqa12", "Tj1020415", "C131-0092", 9 );
INSERT INTO BasketContains VALUES ( "Qac14", "Qaee1020555", "W819-0026", 9 );
INSERT INTO BasketContains VALUES ( "Ppqa12", "Tj1020415", "W875-7238", 1 );
INSERT INTO BasketContains VALUES ( "Figerdrkwplerg6", "Cricw1020429", "W879-0303", 3 );
INSERT INTO BasketContains VALUES ( "Vqbgklsuc15", "Ihx1020590", "C270-2661", 118 );
INSERT INTO BasketContains VALUES ( "Cpmizhlmmkfkwf3", "Zayf1020492", "C131-0092", 4 );
INSERT INTO BasketContains VALUES ( "Xmzlvzku14", "Elpeeq1020345", "W845-0900", 7 );
INSERT INTO BasketContains VALUES ( "Cpmizhlmmkfkwf3", "Zayf1020492", "W864-5304", 1 );
INSERT INTO BasketContains VALUES ( "Ozkglhrfsmnv9", "Gz1020443", "W113-7921", 6 );
INSERT INTO BasketContains VALUES ( "Wdzxc8", "Djp1020331", "W847-4821", 2 );
INSERT INTO BasketContains VALUES ( "Eimmpxkdbbf17", "Umwpp1020366", "W868-0945", 5 );
INSERT INTO BasketContains VALUES ( "Rppfwnsjnmxbxbv5", "Frka1020534", "C270-2661", 5 );
INSERT INTO BasketContains VALUES ( "Rqtgznfaerjebjkba15", "Rb1020401", "W818-0542", 7 );
INSERT INTO BasketContains VALUES ( "Wqptttfcphmfhyjs5", "Gsqcw1020569", "C100-2111", 59 );
INSERT INTO BasketContains VALUES ( "Kembaomqdeo7", "Rdxwpj1020513", "C102-3071", 9 );
INSERT INTO BasketContains VALUES ( "Ofjithncs11", "Mzlt1020380", "W144-3123", 7 );
INSERT INTO BasketContains VALUES ( "Ozkglhrfsmnv9", "Gz1020443", "C166-0915", 8 );
INSERT INTO BasketContains VALUES ( "Pegwhos14", "Zixll1020576", "W868-0699", 4 );
INSERT INTO BasketContains VALUES ( "Lnnbvovl10", "Uv1020499", "W818-2911", 2 );
INSERT INTO BasketContains VALUES ( "Tbmgobvfptc15", "Oik1020471", "W818-2911", 2 );
INSERT INTO BasketContains VALUES ( "Anhjhoxogjclgblop11", "Twpx1020541", "C100-4119", 4 );
INSERT INTO BasketContains VALUES ( "Pegwhos14", "Zixll1020576", "C101-5610", 8 );
INSERT INTO BasketContains VALUES ( "Xmzlvzku14", "Elpeeq1020345", "W819-0035", 1 );
INSERT INTO BasketContains VALUES ( "Ccxlkkua15", "Sgr1020450", "W850-4788", 7 );
INSERT INTO BasketContains VALUES ( "Csdfxdmhlxmlbptru17", "Goow1020387", "W144-4371", 7 );
INSERT INTO BasketContains VALUES ( "Kembaomqdeo7", "Rdxwpj1020513", "W843-9961", 4 );
INSERT INTO BasketContains VALUES ( "Rppfwnsjnmxbxbv5", "Frka1020534", "C100-2111", 4 );
INSERT INTO BasketContains VALUES ( "Cdulalemer7", "Njmthe1020457", "W875-7238", 5 );
INSERT INTO BasketContains VALUES ( "Tbmgobvfptc15", "Oik1020471", "C166-0915", 3 );
INSERT INTO BasketContains VALUES ( "Wqptttfcphmfhyjs5", "Gsqcw1020569", "W868-0680", 89 );
INSERT INTO BasketContains VALUES ( "Ztplvubydlppjcx17", "Ej1020597", "W864-9595", 189 );
INSERT INTO BasketContains VALUES ( "Tqtz10", "Trtmn1020485", "C171-5589", 9 );
INSERT INTO BasketContains VALUES ( "Qac14", "Qaee1020555", "W102-4584", 1 );
INSERT INTO BasketContains VALUES ( "Cpmizhlmmkfkwf3", "Zayf1020492", "W843-9961", 2 );
INSERT INTO BasketContains VALUES ( "Dkbvhsg13", "Jjy1020604", "C401-0148", 1 );
INSERT INTO BasketContains VALUES ( "Anhjhoxogjclgblop11", "Twpx1020541", "C171-6065", 7 );
INSERT INTO BasketContains VALUES ( "Qac14", "Qaee1020555", "C142-0016", 2 );
INSERT INTO BasketContains VALUES ( "Eimmpxkdbbf17", "Umwpp1020366", "C100-4119", 8 );
INSERT INTO BasketContains VALUES ( "Tpxmmgyo13", "Scnss1020527", "C142-0016", 2 );
INSERT INTO BasketContains VALUES ( "Vqbgklsuc15", "Ihx1020590", "C401-0148", 149 );
INSERT INTO BasketContains VALUES ( "Xbs4", "Ptwzni1020408", "C100-4119", 2 );
INSERT INTO BasketContains VALUES ( "Ekoznex12", "Uvnrn1020394", "W875-7238", 4 );
INSERT INTO BasketContains VALUES ( "Kembaomqdeo7", "Rdxwpj1020513", "W144-3123", 1 );
INSERT INTO BasketContains VALUES ( "Ztplvubydlppjcx17", "Ej1020597", "C171-5589", 180 );
INSERT INTO BasketContains VALUES ( "Kthwxizcioazcylmz13", "Dsxnt1020436", "W819-0035", 1 );
INSERT INTO BasketContains VALUES ( "Ppqa12", "Tj1020415", "C100-2111", 4 );
INSERT INTO BasketContains VALUES ( "Cpmizhlmmkfkwf3", "Zayf1020492", "C100-4128", 7 );
INSERT INTO BasketContains VALUES ( "Ekoznex12", "Uvnrn1020394", "W864-4697", 4 );
INSERT INTO BasketContains VALUES ( "Cdulalemer7", "Njmthe1020457", "W888-1818", 8 );
INSERT INTO BasketContains VALUES ( "Eimmpxkdbbf17", "Umwpp1020366", "W828-0064", 7 );
INSERT INTO BasketContains VALUES ( "Qac14", "Qaee1020555", "C100-2102", 2 );
INSERT INTO BasketContains VALUES ( "Dkbvhsg13", "Jjy1020604", "C100-2111", 3 );
INSERT INTO BasketContains VALUES ( "Tbmgobvfptc15", "Oik1020471", "C132-2848", 2 );
INSERT INTO BasketContains VALUES ( "Ztplvubydlppjcx17", "Ej1020597", "C171-5589", 132 );
INSERT INTO BasketContains VALUES ( "Ofjithncs11", "Mzlt1020380", "W899-2442", 9 );
INSERT INTO BasketContains VALUES ( "Wdzxc8", "Djp1020331", "W899-2442", 4 );
INSERT INTO BasketContains VALUES ( "Ccxlkkua15", "Sgr1020450", "W105-3373", 1 );
INSERT INTO BasketContains VALUES ( "Kembaomqdeo7", "Rdxwpj1020513", "W820-0475", 9 );
INSERT INTO BasketContains VALUES ( "Tpxmmgyo13", "Scnss1020527", "W879-4017", 3 );
INSERT INTO BasketContains VALUES ( "Wkegaooizxysy14", "Hmby1020562", "W819-0035", 77 );
INSERT INTO BasketContains VALUES ( "Ueczhdqwyhw16", "Geumj1020520", "W845-0900", 3 );
INSERT INTO BasketContains VALUES ( "Dtevri9", "Eiuu1020359", "C171-6065", 8 );
INSERT INTO BasketContains VALUES ( "Ztplvubydlppjcx17", "Ej1020597", "W102-4584", 192 );
INSERT INTO BasketContains VALUES ( "Ljuitasikiozf15", "Aw1020464", "W102-4584", 5 );
INSERT INTO BasketContains VALUES ( "Wdzxc8", "Djp1020331", "C270-2661", 9 );
INSERT INTO BasketContains VALUES ( "Kembaomqdeo7", "Rdxwpj1020513", "W818-2911", 5 );
INSERT INTO BasketContains VALUES ( "Doyklvmqyh14", "Ogtr1020338", "C132-1061", 9 );
INSERT INTO BasketContains VALUES ( "Wqptttfcphmfhyjs5", "Gsqcw1020569", "C171-5589", 98 );
INSERT INTO BasketContains VALUES ( "Cpmizhlmmkfkwf3", "Zayf1020492", "W833-0439", 5 );
INSERT INTO BasketContains VALUES ( "Ixupyn15", "Ir1020352", "W843-9961", 2 );
INSERT INTO BasketContains VALUES ( "Cdulalemer7", "Njmthe1020457", "W863-0250", 2 );
INSERT INTO BasketContains VALUES ( "Xbs4", "Ptwzni1020408", "C100-4119", 8 );
INSERT INTO BasketContains VALUES ( "Doyklvmqyh14", "Ogtr1020338", "C171-6065", 3 );
INSERT INTO BasketContains VALUES ( "Figerdrkwplerg6", "Cricw1020429", "C142-0034", 8 );
INSERT INTO BasketContains VALUES ( "Wqptttfcphmfhyjs5", "Gsqcw1020569", "W820-0475", 89 );
INSERT INTO BasketContains VALUES ( "Ekoznex12", "Uvnrn1020394", "W819-0026", 1 );
INSERT INTO BasketContains VALUES ( "Anhjhoxogjclgblop11", "Twpx1020541", "W863-0278", 4 );
INSERT INTO BasketContains VALUES ( "Ppqa12", "Tj1020415", "C132-2848", 1 );
INSERT INTO BasketContains VALUES ( "Ozkglhrfsmnv9", "Gz1020443", "C132-1070", 1 );
INSERT INTO BasketContains VALUES ( "Lnnbvovl10", "Uv1020499", "W864-5456", 5 );
INSERT INTO BasketContains VALUES ( "Ztplvubydlppjcx17", "Ej1020597", "W818-0542", 122 );
INSERT INTO BasketContains VALUES ( "Lnnbvovl10", "Uv1020499", "W899-2442", 8 );
INSERT INTO BasketContains VALUES ( "Kembaomqdeo7", "Rdxwpj1020513", "C171-5516", 8 );
INSERT INTO BasketContains VALUES ( "Kembaomqdeo7", "Rdxwpj1020513", "C401-0148", 5 );
INSERT INTO BasketContains VALUES ( "Cdulalemer7", "Njmthe1020457", "C401-0111", 1 );
INSERT INTO BasketContains VALUES ( "Tqtz10", "Trtmn1020485", "W819-0026", 1 );
INSERT INTO BasketContains VALUES ( "Eimmpxkdbbf17", "Umwpp1020366", "C171-5516", 5 );
INSERT INTO BasketContains VALUES ( "Xmzlvzku14", "Elpeeq1020345", "W864-9993", 4 );
INSERT INTO BasketContains VALUES ( "Wkegaooizxysy14", "Hmby1020562", "W850-0029", 92 );
INSERT INTO BasketContains VALUES ( "Wdzxc8", "Djp1020331", "W113-7921", 7 );
INSERT INTO BasketContains VALUES ( "Ueczhdqwyhw16", "Geumj1020520", "W102-4584", 1 );
INSERT INTO BasketContains VALUES ( "Kthwxizcioazcylmz13", "Dsxnt1020436", "C166-0915", 8 );
INSERT INTO BasketContains VALUES ( "Dkbvhsg13", "Jjy1020604", "C401-0111", 5 );
INSERT INTO BasketContains VALUES ( "Ozkglhrfsmnv9", "Gz1020443", "W820-0475", 4 );
INSERT INTO BasketContains VALUES ( "Eimmpxkdbbf17", "Umwpp1020366", "W864-5313", 2 );
INSERT INTO BasketContains VALUES ( "Cdulalemer7", "Njmthe1020457", "W843-8704", 6 );
INSERT INTO BasketContains VALUES ( "Tpxmmgyo13", "Scnss1020527", "C177-0805", 3 );
INSERT INTO BasketContains VALUES ( "Rqtgznfaerjebjkba15", "Rb1020401", "C401-0111", 8 );
INSERT INTO BasketContains VALUES ( "Ekoznex12", "Uvnrn1020394", "W140-1862", 3 );
INSERT INTO BasketContains VALUES ( "Wqptttfcphmfhyjs5", "Gsqcw1020569", "W819-0026", 73 );
INSERT INTO BasketContains VALUES ( "Wqptttfcphmfhyjs5", "Gsqcw1020569", "C270-2661", 85 );
INSERT INTO BasketContains VALUES ( "Ccxlkkua15", "Sgr1020450", "C401-0148", 4 );
INSERT INTO BasketContains VALUES ( "Anhjhoxogjclgblop11", "Twpx1020541", "W899-2442", 8 );
INSERT INTO BasketContains VALUES ( "Vonubeimxxyestj17", "Erlhvv1020548", "W850-4788", 238 );
INSERT INTO BasketContains VALUES ( "Jmahqt13", "Wqk1020506", "C100-4128", 2 );
INSERT INTO BasketContains VALUES ( "Eimmpxkdbbf17", "Umwpp1020366", "W864-9595", 5 );
INSERT INTO BasketContains VALUES ( "Ztplvubydlppjcx17", "Ej1020597", "W144-4371", 258 );
INSERT INTO BasketContains VALUES ( "Anhjhoxogjclgblop11", "Twpx1020541", "W819-0035", 7 );
INSERT INTO BasketContains VALUES ( "Tqtz10", "Trtmn1020485", "W868-0680", 9 );
INSERT INTO BasketContains VALUES ( "Kembaomqdeo7", "Rdxwpj1020513", "W113-8133", 6 );
INSERT INTO BasketContains VALUES ( "Tbmgobvfptc15", "Oik1020471", "W864-5304", 1 );
INSERT INTO BasketContains VALUES ( "Ppqa12", "Tj1020415", "W833-0439", 4 );
INSERT INTO BasketContains VALUES ( "Rqtgznfaerjebjkba15", "Rb1020401", "W899-2442", 7 );
INSERT INTO BasketContains VALUES ( "Ppqa12", "Tj1020415", "W846-5753", 6 );
INSERT INTO BasketContains VALUES ( "Tqtz10", "Trtmn1020485", "W863-0250", 2 );
INSERT INTO BasketContains VALUES ( "Ztplvubydlppjcx17", "Ej1020597", "C132-1061", 145 );
INSERT INTO BasketContains VALUES ( "Cpmizhlmmkfkwf3", "Zayf1020492", "C101-5601", 6 );
INSERT INTO BasketContains VALUES ( "Csdfxdmhlxmlbptru17", "Goow1020387", "W864-9595", 2 );
INSERT INTO BasketContains VALUES ( "Tbmgobvfptc15", "Oik1020471", "C401-0148", 4 );
INSERT INTO BasketContains VALUES ( "Kthwxizcioazcylmz13", "Dsxnt1020436", "W879-3841", 8 );
INSERT INTO BasketContains VALUES ( "Ozkglhrfsmnv9", "Gz1020443", "W818-0542", 5 );
INSERT INTO BasketContains VALUES ( "Anhjhoxogjclgblop11", "Twpx1020541", "W875-7238", 6 );
INSERT INTO BasketContains VALUES ( "Cdulalemer7", "Njmthe1020457", "W140-1862", 9 );
INSERT INTO BasketContains VALUES ( "Rqtgznfaerjebjkba15", "Rb1020401", "C100-1811", 2 );
INSERT INTO BasketContains VALUES ( "Wkegaooizxysy14", "Hmby1020562", "W849-9635", 60 );
INSERT INTO BasketContains VALUES ( "Tqtz10", "Trtmn1020485", "W849-9635", 8 );
INSERT INTO BasketContains VALUES ( "Xbs4", "Ptwzni1020408", "W828-0064", 6 );
INSERT INTO BasketContains VALUES ( "Rqtgznfaerjebjkba15", "Rb1020401", "W828-0064", 7 );
INSERT INTO BasketContains VALUES ( "Ustsx8", "Tzc1020422", "W864-5313", 5 );
INSERT INTO BasketContains VALUES ( "Dkbvhsg13", "Jjy1020604", "W828-0064", 6 );
INSERT INTO BasketContains VALUES ( "Dkbvhsg13", "Jjy1020604", "W828-0064", 3 );
INSERT INTO BasketContains VALUES ( "Vonubeimxxyestj17", "Erlhvv1020548", "W864-8897", 274 );
INSERT INTO BasketContains VALUES ( "Wdzxc8", "Djp1020331", "C100-4119", 7 );
INSERT INTO BasketContains VALUES ( "Kthwxizcioazcylmz13", "Dsxnt1020436", "C100-2102", 5 );
INSERT INTO BasketContains VALUES ( "Kthwxizcioazcylmz13", "Dsxnt1020436", "W846-5753", 8 );
INSERT INTO BasketContains VALUES ( "Xbs4", "Ptwzni1020408", "W850-0029", 4 );
INSERT INTO BasketContains VALUES ( "Tbmgobvfptc15", "Oik1020471", "C100-2102", 6 );
INSERT INTO BasketContains VALUES ( "Dkbvhsg13", "Jjy1020604", "C142-0034", 1 );
INSERT INTO BasketContains VALUES ( "Figerdrkwplerg6", "Cricw1020429", "W828-0064", 8 );
INSERT INTO BasketContains VALUES ( "Ztplvubydlppjcx17", "Ej1020597", "W847-4821", 106 );
INSERT INTO BasketContains VALUES ( "Wdzxc8", "Djp1020331", "C102-3071", 8 );
INSERT INTO BasketContains VALUES ( "Ustsx8", "Tzc1020422", "W879-0303", 4 );
INSERT INTO BasketContains VALUES ( "Xmzlvzku14", "Elpeeq1020345", "C131-0092", 6 );
INSERT INTO BasketContains VALUES ( "Figerdrkwplerg6", "Cricw1020429", "W864-9595", 7 );
INSERT INTO BasketContains VALUES ( "Pzkbzcvyy15", "Lm1020373", "W848-9197", 4 );
INSERT INTO BasketContains VALUES ( "Wdzxc8", "Djp1020331", "W102-4584", 5 );
INSERT INTO BasketContains VALUES ( "Ppqa12", "Tj1020415", "W819-0026", 7 );
INSERT INTO BasketContains VALUES ( "Cdulalemer7", "Njmthe1020457", "W868-0699", 5 );
INSERT INTO BasketContains VALUES ( "Wvetpaexkjejybvii15", "Oy1020583", "W864-9993", 57 );
INSERT INTO BasketContains VALUES ( "Ofjithncs11", "Mzlt1020380", "W843-8704", 1 );
INSERT INTO BasketContains VALUES ( "Ppqa12", "Tj1020415", "W848-9197", 6 );
INSERT INTO BasketContains VALUES ( "Wdzxc8", "Djp1020331", "C100-4128", 9 );
INSERT INTO BasketContains VALUES ( "Ustsx8", "Tzc1020422", "W846-2808", 8 );
INSERT INTO BasketContains VALUES ( "Cdulalemer7", "Njmthe1020457", "C401-0148", 3 );
INSERT INTO BasketContains VALUES ( "Ccxlkkua15", "Sgr1020450", "W888-1818", 7 );
INSERT INTO BasketContains VALUES ( "Wvetpaexkjejybvii15", "Oy1020583", "W113-8133", 77 );
INSERT INTO BasketContains VALUES ( "Ccxlkkua15", "Sgr1020450", "W868-0945", 3 );
INSERT INTO BasketContains VALUES ( "Vqbgklsuc15", "Ihx1020590", "C132-2848", 131 );
INSERT INTO BasketContains VALUES ( "Lnnbvovl10", "Uv1020499", "C101-5610", 5 );
INSERT INTO BasketContains VALUES ( "Ixupyn15", "Ir1020352", "W863-0250", 5 );
INSERT INTO BasketContains VALUES ( "Ljuitasikiozf15", "Aw1020464", "C142-0034", 8 );
INSERT INTO BasketContains VALUES ( "Jmahqt13", "Wqk1020506", "W848-9197", 5 );
INSERT INTO BasketContains VALUES ( "Xbs4", "Ptwzni1020408", "W846-5753", 8 );
INSERT INTO BasketContains VALUES ( "Wdzxc8", "Djp1020331", "W850-4788", 2 );
INSERT INTO BasketContains VALUES ( "Xmzlvzku14", "Elpeeq1020345", "W113-7921", 4 );
INSERT INTO BasketContains VALUES ( "Tpxmmgyo13", "Scnss1020527", "W863-0250", 4 );
INSERT INTO BasketContains VALUES ( "Wvetpaexkjejybvii15", "Oy1020583", "C177-0805", 72 );
INSERT INTO BasketContains VALUES ( "Vonubeimxxyestj17", "Erlhvv1020548", "W850-0029", 175 );
INSERT INTO BasketContains VALUES ( "Cdulalemer7", "Njmthe1020457", "W820-0475", 9 );
INSERT INTO BasketContains VALUES ( "Ppqa12", "Tj1020415", "C166-0915", 4 );
INSERT INTO BasketContains VALUES ( "Cdulalemer7", "Njmthe1020457", "W864-5313", 1 );
INSERT INTO BasketContains VALUES ( "Ozkglhrfsmnv9", "Gz1020443", "C171-5589", 5 );
INSERT INTO BasketContains VALUES ( "Pegwhos14", "Zixll1020576", "W875-7238", 7 );
INSERT INTO BasketContains VALUES ( "Kthwxizcioazcylmz13", "Dsxnt1020436", "C166-0915", 8 );
INSERT INTO BasketContains VALUES ( "Wvetpaexkjejybvii15", "Oy1020583", "C100-4128", 63 );
INSERT INTO BasketContains VALUES ( "Jnxuihvzygl5", "Rraqf1020478", "W818-0542", 2 );
INSERT INTO BasketContains VALUES ( "Ueczhdqwyhw16", "Geumj1020520", "W833-0439", 1 );
INSERT INTO BasketContains VALUES ( "Jnxuihvzygl5", "Rraqf1020478", "W140-1862", 4 );
INSERT INTO BasketContains VALUES ( "Ppqa12", "Tj1020415", "C100-1811", 2 );
INSERT INTO BasketContains VALUES ( "Figerdrkwplerg6", "Cricw1020429", "W818-2911", 7 );
INSERT INTO BasketContains VALUES ( "Ozkglhrfsmnv9", "Gz1020443", "C101-5610", 3 );
INSERT INTO BasketContains VALUES ( "Cdulalemer7", "Njmthe1020457", "W864-5304", 9 );
INSERT INTO BasketContains VALUES ( "Pzkbzcvyy15", "Lm1020373", "W819-0026", 7 );
INSERT INTO BasketContains VALUES ( "Tbmgobvfptc15", "Oik1020471", "W846-5753", 3 );
INSERT INTO BasketContains VALUES ( "Ekoznex12", "Uvnrn1020394", "C142-0016", 7 );
INSERT INTO BasketContains VALUES ( "Jnxuihvzygl5", "Rraqf1020478", "C100-2102", 5 );
INSERT INTO BasketContains VALUES ( "Ccxlkkua15", "Sgr1020450", "W828-0019", 5 );
INSERT INTO BasketContains VALUES ( "Wvetpaexkjejybvii15", "Oy1020583", "W828-0064", 81 );
INSERT INTO BasketContains VALUES ( "Anhjhoxogjclgblop11", "Twpx1020541", "C131-0092", 1 );
INSERT INTO BasketContains VALUES ( "Ztplvubydlppjcx17", "Ej1020597", "C401-0148", 220 );
INSERT INTO BasketContains VALUES ( "Ppqa12", "Tj1020415", "W846-2808", 2 );
INSERT INTO BasketContains VALUES ( "Anhjhoxogjclgblop11", "Twpx1020541", "C171-5589", 8 );
INSERT INTO BasketContains VALUES ( "Rppfwnsjnmxbxbv5", "Frka1020534", "W863-0250", 4 );
INSERT INTO BasketContains VALUES ( "Csdfxdmhlxmlbptru17", "Goow1020387", "W828-0019", 1 );
INSERT INTO BasketContains VALUES ( "Rppfwnsjnmxbxbv5", "Frka1020534", "C100-2111", 9 );
INSERT INTO BasketContains VALUES ( "Tqtz10", "Trtmn1020485", "C100-1811", 3 );
INSERT INTO BasketContains VALUES ( "Kthwxizcioazcylmz13", "Dsxnt1020436", "W113-7921", 2 );
INSERT INTO BasketContains VALUES ( "Wqptttfcphmfhyjs5", "Gsqcw1020569", "C132-1061", 89 );
INSERT INTO BasketContains VALUES ( "Dkbvhsg13", "Jjy1020604", "C100-2111", 8 );
INSERT INTO BasketContains VALUES ( "Wqptttfcphmfhyjs5", "Gsqcw1020569", "W113-8133", 88 );
INSERT INTO BasketContains VALUES ( "Rqtgznfaerjebjkba15", "Rb1020401", "W843-8704", 4 );
INSERT INTO BasketContains VALUES ( "Pegwhos14", "Zixll1020576", "C100-1811", 9 );
INSERT INTO BasketContains VALUES ( "Pegwhos14", "Zixll1020576", "W868-0699", 6 );
INSERT INTO BasketContains VALUES ( "Tpxmmgyo13", "Scnss1020527", "W875-7238", 9 );
INSERT INTO BasketContains VALUES ( "Csdfxdmhlxmlbptru17", "Goow1020387", "C142-0016", 8 );
INSERT INTO BasketContains VALUES ( "Pzkbzcvyy15", "Lm1020373", "W864-5456", 1 );
INSERT INTO BasketContains VALUES ( "Doyklvmqyh14", "Ogtr1020338", "W140-1862", 4 );
INSERT INTO BasketContains VALUES ( "Doyklvmqyh14", "Ogtr1020338", "W105-3373", 9 );
INSERT INTO BasketContains VALUES ( "Qac14", "Qaee1020555", "W846-5753", 2 );
INSERT INTO BasketContains VALUES ( "Ixupyn15", "Ir1020352", "W879-0303", 5 );
INSERT INTO BasketContains VALUES ( "Pzkbzcvyy15", "Lm1020373", "W113-7921", 5 );
INSERT INTO BasketContains VALUES ( "Ueczhdqwyhw16", "Geumj1020520", "C100-2102", 7 );
INSERT INTO BasketContains VALUES ( "Dtevri9", "Eiuu1020359", "W848-9197", 9 );
INSERT INTO BasketContains VALUES ( "Lnnbvovl10", "Uv1020499", "W845-0900", 5 );
INSERT INTO BasketContains VALUES ( "Lnnbvovl10", "Uv1020499", "C132-1070", 2 );
INSERT INTO BasketContains VALUES ( "Pegwhos14", "Zixll1020576", "C100-1811", 5 );
INSERT INTO BasketContains VALUES ( "Dtevri9", "Eiuu1020359", "C142-0016", 4 );
INSERT INTO BasketContains VALUES ( "Dkbvhsg13", "Jjy1020604", "W868-0699", 8 );
INSERT INTO BasketContains VALUES ( "Lnnbvovl10", "Uv1020499", "C171-5516", 2 );
INSERT INTO BasketContains VALUES ( "Xmzlvzku14", "Elpeeq1020345", "C100-4119", 8 );
INSERT INTO BasketContains VALUES ( "Ekoznex12", "Uvnrn1020394", "C171-6065", 8 );
INSERT INTO BasketContains VALUES ( "Ccxlkkua15", "Sgr1020450", "W833-0439", 9 );
INSERT INTO BasketContains VALUES ( "Wdzxc8", "Djp1020331", "C132-1070", 3 );
INSERT INTO BasketContains VALUES ( "Xmzlvzku14", "Elpeeq1020345", "W899-2442", 7 );
INSERT INTO BasketContains VALUES ( "Wvetpaexkjejybvii15", "Oy1020583", "W868-0699", 96 );
INSERT INTO BasketContains VALUES ( "Pegwhos14", "Zixll1020576", "W818-2911", 8 );
INSERT INTO BasketContains VALUES ( "Jnxuihvzygl5", "Rraqf1020478", "W864-8541", 5 );
INSERT INTO BasketContains VALUES ( "Ozkglhrfsmnv9", "Gz1020443", "W864-5313", 4 );
INSERT INTO BasketContains VALUES ( "Qac14", "Qaee1020555", "C142-0034", 2 );
INSERT INTO BasketContains VALUES ( "Vonubeimxxyestj17", "Erlhvv1020548", "W843-9961", 171 );
INSERT INTO BasketContains VALUES ( "Kthwxizcioazcylmz13", "Dsxnt1020436", "C270-2661", 6 );
INSERT INTO BasketContains VALUES ( "Ppqa12", "Tj1020415", "W144-3123", 9 );
INSERT INTO BasketContains VALUES ( "Rppfwnsjnmxbxbv5", "Frka1020534", "C142-0016", 4 );
INSERT INTO BasketContains VALUES ( "Ustsx8", "Tzc1020422", "W818-0542", 5 );
INSERT INTO BasketContains VALUES ( "Vonubeimxxyestj17", "Erlhvv1020548", "W105-3373", 290 );
INSERT INTO BasketContains VALUES ( "Ljuitasikiozf15", "Aw1020464", "W879-0303", 4 );
INSERT INTO BasketContains VALUES ( "Kthwxizcioazcylmz13", "Dsxnt1020436", "W846-2808", 2 );
INSERT INTO BasketContains VALUES ( "Ixupyn15", "Ir1020352", "W864-8897", 9 );
INSERT INTO BasketContains VALUES ( "Ccxlkkua15", "Sgr1020450", "C132-2848", 9 );
INSERT INTO BasketContains VALUES ( "Ljuitasikiozf15", "Aw1020464", "W144-3123", 8 );
INSERT INTO BasketContains VALUES ( "Ztplvubydlppjcx17", "Ej1020597", "C142-0034", 135 );
INSERT INTO BasketContains VALUES ( "Xmzlvzku14", "Elpeeq1020345", "C100-1811", 3 );
INSERT INTO BasketContains VALUES ( "Rqtgznfaerjebjkba15", "Rb1020401", "C102-3071", 3 );
INSERT INTO BasketContains VALUES ( "Ozkglhrfsmnv9", "Gz1020443", "C166-0915", 5 );
INSERT INTO BasketContains VALUES ( "Wdzxc8", "Djp1020331", "C101-5610", 9 );
INSERT INTO BasketContains VALUES ( "Wqptttfcphmfhyjs5", "Gsqcw1020569", "W113-8133", 52 );
INSERT INTO BasketContains VALUES ( "Xbs4", "Ptwzni1020408", "C100-4119", 4 );
INSERT INTO BasketContains VALUES ( "Tqtz10", "Trtmn1020485", "W868-0680", 2 );
INSERT INTO BasketContains VALUES ( "Eimmpxkdbbf17", "Umwpp1020366", "W879-0303", 3 );
INSERT INTO BasketContains VALUES ( "Lnnbvovl10", "Uv1020499", "W868-0945", 7 );
INSERT INTO BasketContains VALUES ( "Qac14", "Qaee1020555", "C131-0092", 8 );
INSERT INTO BasketContains VALUES ( "Ofjithncs11", "Mzlt1020380", "W843-9961", 6 );
INSERT INTO BasketContains VALUES ( "Doyklvmqyh14", "Ogtr1020338", "C132-1061", 3 );
INSERT INTO BasketContains VALUES ( "Figerdrkwplerg6", "Cricw1020429", "W846-5753", 5 );
INSERT INTO BasketContains VALUES ( "Wqptttfcphmfhyjs5", "Gsqcw1020569", "W113-7921", 75 );
INSERT INTO BasketContains VALUES ( "Ofjithncs11", "Mzlt1020380", "W140-1862", 4 );
INSERT INTO BasketContains VALUES ( "Ofjithncs11", "Mzlt1020380", "W140-1862", 9 );
INSERT INTO BasketContains VALUES ( "Xbs4", "Ptwzni1020408", "C177-0805", 1 );
INSERT INTO BasketContains VALUES ( "Tbmgobvfptc15", "Oik1020471", "C270-2661", 8 );
INSERT INTO BasketContains VALUES ( "Figerdrkwplerg6", "Cricw1020429", "W113-7949", 9 );
INSERT INTO BasketContains VALUES ( "Dtevri9", "Eiuu1020359", "W819-0026", 8 );
INSERT INTO BasketContains VALUES ( "Wvetpaexkjejybvii15", "Oy1020583", "W845-0900", 65 );
INSERT INTO BasketContains VALUES ( "Ppqa12", "Tj1020415", "C100-4119", 4 );
INSERT INTO BasketContains VALUES ( "Rppfwnsjnmxbxbv5", "Frka1020534", "W864-4697", 1 );
INSERT INTO BasketContains VALUES ( "Wqptttfcphmfhyjs5", "Gsqcw1020569", "W863-0250", 60 );
INSERT INTO BasketContains VALUES ( "Xbs4", "Ptwzni1020408", "W820-0475", 1 );
INSERT INTO BasketContains VALUES ( "Csdfxdmhlxmlbptru17", "Goow1020387", "W850-4788", 7 );
INSERT INTO BasketContains VALUES ( "Pegwhos14", "Zixll1020576", "C100-2102", 2 );
INSERT INTO BasketContains VALUES ( "Ofjithncs11", "Mzlt1020380", "C100-4128", 2 );
INSERT INTO BasketContains VALUES ( "Ustsx8", "Tzc1020422", "W113-7921", 9 );
INSERT INTO BasketContains VALUES ( "Tpxmmgyo13", "Scnss1020527", "W850-0029", 3 );
INSERT INTO BasketContains VALUES ( "Wqptttfcphmfhyjs5", "Gsqcw1020569", "W848-9197", 97 );
INSERT INTO BasketContains VALUES ( "Jnxuihvzygl5", "Rraqf1020478", "C177-1424", 5 );
INSERT INTO BasketContains VALUES ( "Wqptttfcphmfhyjs5", "Gsqcw1020569", "W879-0303", 98 );
INSERT INTO BasketContains VALUES ( "Ekoznex12", "Uvnrn1020394", "W864-8541", 4 );
INSERT INTO BasketContains VALUES ( "Eimmpxkdbbf17", "Umwpp1020366", "W144-4371", 4 );
INSERT INTO BasketContains VALUES ( "Ixupyn15", "Ir1020352", "W144-3123", 8 );
INSERT INTO BasketContains VALUES ( "Lnnbvovl10", "Uv1020499", "W864-9993", 3 );
INSERT INTO BasketContains VALUES ( "Wdzxc8", "Djp1020331", "W868-0945", 9 );
INSERT INTO BasketContains VALUES ( "Tpxmmgyo13", "Scnss1020527", "W868-0945", 4 );
INSERT INTO BasketContains VALUES ( "Dtevri9", "Eiuu1020359", "W144-3123", 4 );
INSERT INTO BasketContains VALUES ( "Lnnbvovl10", "Uv1020499", "W144-3123", 5 );
INSERT INTO BasketContains VALUES ( "Cpmizhlmmkfkwf3", "Zayf1020492", "C177-1424", 6 );
INSERT INTO BasketContains VALUES ( "Xmzlvzku14", "Elpeeq1020345", "W102-4584", 6 );
INSERT INTO BasketContains VALUES ( "Kthwxizcioazcylmz13", "Dsxnt1020436", "C101-5601", 4 );
INSERT INTO BasketContains VALUES ( "Vqbgklsuc15", "Ihx1020590", "W819-0035", 284 );
INSERT INTO BasketContains VALUES ( "Tbmgobvfptc15", "Oik1020471", "W864-5313", 3 );
INSERT INTO BasketContains VALUES ( "Tqtz10", "Trtmn1020485", "C142-0034", 1 );
INSERT INTO BasketContains VALUES ( "Dkbvhsg13", "Jjy1020604", "W850-0029", 9 );
INSERT INTO BasketContains VALUES ( "Qac14", "Qaee1020555", "C177-1424", 9 );
INSERT INTO BasketContains VALUES ( "Wdzxc8", "Djp1020331", "W845-0900", 8 );
INSERT INTO BasketContains VALUES ( "Qac14", "Qaee1020555", "W864-4697", 4 );
INSERT INTO BasketContains VALUES ( "Tpxmmgyo13", "Scnss1020527", "W819-0026", 8 );
INSERT INTO BasketContains VALUES ( "Ekoznex12", "Uvnrn1020394", "W113-7949", 8 );
INSERT INTO BasketContains VALUES ( "Anhjhoxogjclgblop11", "Twpx1020541", "W879-4017", 6 );
INSERT INTO BasketContains VALUES ( "Ustsx8", "Tzc1020422", "W846-5753", 7 );
INSERT INTO BasketContains VALUES ( "Cdulalemer7", "Njmthe1020457", "W850-0029", 7 );
INSERT INTO BasketContains VALUES ( "Ljuitasikiozf15", "Aw1020464", "W875-7238", 5 );
INSERT INTO BasketContains VALUES ( "Wvetpaexkjejybvii15", "Oy1020583", "C171-5516", 88 );
INSERT INTO BasketContains VALUES ( "Dkbvhsg13", "Jjy1020604", "W833-0439", 1 );
INSERT INTO BasketContains VALUES ( "Lnnbvovl10", "Uv1020499", "C166-0915", 2 );
INSERT INTO BasketContains VALUES ( "Tqtz10", "Trtmn1020485", "C171-6065", 5 );
INSERT INTO BasketContains VALUES ( "Kembaomqdeo7", "Rdxwpj1020513", "W820-0475", 6 );
INSERT INTO BasketContains VALUES ( "Ztplvubydlppjcx17", "Ej1020597", "C401-0148", 156 );
INSERT INTO BasketContains VALUES ( "Ppqa12", "Tj1020415", "W849-9635", 3 );
INSERT INTO BasketContains VALUES ( "Xmzlvzku14", "Elpeeq1020345", "C177-1406", 9 );
INSERT INTO BasketContains VALUES ( "Jmahqt13", "Wqk1020506", "W864-9993", 9 );
INSERT INTO BasketContains VALUES ( "Cdulalemer7", "Njmthe1020457", "W863-0250", 6 );
INSERT INTO BasketContains VALUES ( "Figerdrkwplerg6", "Cricw1020429", "W846-2808", 4 );
INSERT INTO BasketContains VALUES ( "Cdulalemer7", "Njmthe1020457", "C132-2848", 3 );
INSERT INTO BasketContains VALUES ( "Ustsx8", "Tzc1020422", "W113-8133", 3 );
INSERT INTO BasketContains VALUES ( "Rppfwnsjnmxbxbv5", "Frka1020534", "W818-0542", 1 );
INSERT INTO BasketContains VALUES ( "Xmzlvzku14", "Elpeeq1020345", "C270-2661", 7 );
INSERT INTO BasketContains VALUES ( "Figerdrkwplerg6", "Cricw1020429", "W144-4371", 6 );
INSERT INTO BasketContains VALUES ( "Dkbvhsg13", "Jjy1020604", "W850-0029", 7 );
INSERT INTO BasketContains VALUES ( "Dtevri9", "Eiuu1020359", "C171-5516", 3 );
INSERT INTO BasketContains VALUES ( "Rqtgznfaerjebjkba15", "Rb1020401", "W845-0900", 6 );
INSERT INTO BasketContains VALUES ( "Eimmpxkdbbf17", "Umwpp1020366", "W820-0022", 8 );
INSERT INTO BasketContains VALUES ( "Ppqa12", "Tj1020415", "W843-9961", 5 );
INSERT INTO BasketContains VALUES ( "Eimmpxkdbbf17", "Umwpp1020366", "W113-8133", 3 );
INSERT INTO BasketContains VALUES ( "Dtevri9", "Eiuu1020359", "W102-4584", 1 );
INSERT INTO BasketContains VALUES ( "Cdulalemer7", "Njmthe1020457", "W843-9961", 6 );
INSERT INTO BasketContains VALUES ( "Wqptttfcphmfhyjs5", "Gsqcw1020569", "W888-1818", 78 );
INSERT INTO BasketContains VALUES ( "Cpmizhlmmkfkwf3", "Zayf1020492", "C142-0016", 8 );
INSERT INTO BasketContains VALUES ( "Kthwxizcioazcylmz13", "Dsxnt1020436", "W868-0680", 2 );
INSERT INTO BasketContains VALUES ( "Jnxuihvzygl5", "Rraqf1020478", "W820-0022", 1 );
INSERT INTO BasketContains VALUES ( "Rppfwnsjnmxbxbv5", "Frka1020534", "C101-5601", 7 );
INSERT INTO BasketContains VALUES ( "Eimmpxkdbbf17", "Umwpp1020366", "W828-0019", 4 );
INSERT INTO BasketContains VALUES ( "Tbmgobvfptc15", "Oik1020471", "W899-2442", 5 );
INSERT INTO BasketContains VALUES ( "Vqbgklsuc15", "Ihx1020590", "C401-0111", 154 );
INSERT INTO BasketContains VALUES ( "Rppfwnsjnmxbxbv5", "Frka1020534", "C177-1424", 6 );
INSERT INTO BasketContains VALUES ( "Tpxmmgyo13", "Scnss1020527", "W864-9993", 7 );
INSERT INTO BasketContains VALUES ( "Pegwhos14", "Zixll1020576", "W864-8897", 5 );
INSERT INTO BasketContains VALUES ( "Ppqa12", "Tj1020415", "W113-8133", 1 );
INSERT INTO BasketContains VALUES ( "Xbs4", "Ptwzni1020408", "W843-8704", 1 );
INSERT INTO BasketContains VALUES ( "Cpmizhlmmkfkwf3", "Zayf1020492", "W879-0303", 5 );
INSERT INTO BasketContains VALUES ( "Tpxmmgyo13", "Scnss1020527", "W879-4017", 3 );
INSERT INTO BasketContains VALUES ( "Xbs4", "Ptwzni1020408", "W864-4697", 1 );
INSERT INTO BasketContains VALUES ( "Xbs4", "Ptwzni1020408", "W843-8704", 4 );
INSERT INTO BasketContains VALUES ( "Ozkglhrfsmnv9", "Gz1020443", "W850-0029", 8 );
INSERT INTO BasketContains VALUES ( "Csdfxdmhlxmlbptru17", "Goow1020387", "W144-3123", 1 );
INSERT INTO BasketContains VALUES ( "Dkbvhsg13", "Jjy1020604", "W820-0475", 3 );
INSERT INTO BasketContains VALUES ( "Tpxmmgyo13", "Scnss1020527", "C177-1406", 8 );
INSERT INTO BasketContains VALUES ( "Rqtgznfaerjebjkba15", "Rb1020401", "W820-0022", 6 );
INSERT INTO BasketContains VALUES ( "Dkbvhsg13", "Jjy1020604", "W819-0035", 5 );
INSERT INTO BasketContains VALUES ( "Pegwhos14", "Zixll1020576", "W849-9635", 1 );
INSERT INTO BasketContains VALUES ( "Anhjhoxogjclgblop11", "Twpx1020541", "W846-2808", 1 );
INSERT INTO BasketContains VALUES ( "Ljuitasikiozf15", "Aw1020464", "C100-2102", 1 );
INSERT INTO BasketContains VALUES ( "Ljuitasikiozf15", "Aw1020464", "W879-3841", 5 );
INSERT INTO BasketContains VALUES ( "Ofjithncs11", "Mzlt1020380", "C142-0034", 8 );
INSERT INTO BasketContains VALUES ( "Tbmgobvfptc15", "Oik1020471", "W113-7949", 6 );
INSERT INTO BasketContains VALUES ( "Vonubeimxxyestj17", "Erlhvv1020548", "C401-0148", 141 );
INSERT INTO BasketContains VALUES ( "Rppfwnsjnmxbxbv5", "Frka1020534", "C100-2111", 2 );
INSERT INTO BasketContains VALUES ( "Ekoznex12", "Uvnrn1020394", "W864-9993", 2 );
INSERT INTO BasketContains VALUES ( "Pegwhos14", "Zixll1020576", "C100-4119", 8 );
INSERT INTO BasketContains VALUES ( "Cdulalemer7", "Njmthe1020457", "W820-0022", 7 );
INSERT INTO BasketContains VALUES ( "Pzkbzcvyy15", "Lm1020373", "W864-5313", 9 );
INSERT INTO BasketContains VALUES ( "Xmzlvzku14", "Elpeeq1020345", "W113-7949", 2 );
INSERT INTO BasketContains VALUES ( "Jmahqt13", "Wqk1020506", "W102-4584", 3 );
INSERT INTO BasketContains VALUES ( "Ustsx8", "Tzc1020422", "W818-2911", 1 );
INSERT INTO BasketContains VALUES ( "Wkegaooizxysy14", "Hmby1020562", "C171-5516", 84 );
INSERT INTO BasketContains VALUES ( "Ixupyn15", "Ir1020352", "C171-5516", 8 );


INSERT INTO OrderContains VALUES ( "C100-1811", "IO-Wmk1021331", 10830, 3 );
INSERT INTO OrderContains VALUES ( "W864-9993", "IO-Ndot1021348", 597000, 3 );
INSERT INTO OrderContains VALUES ( "C171-6065", "IO-Txkq1021365", 1040400, 289 );
INSERT INTO OrderContains VALUES ( "W864-5304", "IO-K1021382", 567000, 3 );
INSERT INTO OrderContains VALUES ( "W833-0439", "IO-Nut1021399", 693000, 7 );
INSERT INTO OrderContains VALUES ( "W899-2442", "IO-Q1021416", 145800, 9 );
INSERT INTO OrderContains VALUES ( "W847-4821", "IO-N1021433", 5490, 9 );
INSERT INTO OrderContains VALUES ( "W144-4371", "IO-Y1021450", 749600, 8 );
INSERT INTO OrderContains VALUES ( "C166-0915", "IO-Tpv1021467", 1580, 1 );
INSERT INTO OrderContains VALUES ( "C171-5589", "IO-A1021484", 53360, 8 );
INSERT INTO OrderContains VALUES ( "C100-4119", "IO-Bp1021501", 614880, 244 );
INSERT INTO OrderContains VALUES ( "W818-2911", "IO-Ybaz1021518", 632910, 219 );
INSERT INTO OrderContains VALUES ( "W818-0542", "IO-Hflc1021535", 100800, 9 );
INSERT INTO OrderContains VALUES ( "W140-1862", "IO-O1021552", 228000, 3 );
INSERT INTO OrderContains VALUES ( "W828-0064", "IO-Lwn1021569", 43860, 6 );
INSERT INTO OrderContains VALUES ( "W879-4017", "IO-Rhy1021586", 6392100, 149 );
INSERT INTO OrderContains VALUES ( "W879-0011", "IO-D1021603", 4100, 2 );
INSERT INTO OrderContains VALUES ( "C166-0915", "IO-Q1021620", 6320, 4 );
INSERT INTO OrderContains VALUES ( "C131-0092", "IO-D1021637", 111600, 9 );
INSERT INTO OrderContains VALUES ( "W879-4017", "IO-Sgzv1021654", 300300, 7 );
INSERT INTO OrderContains VALUES ( "C270-2661", "IO-Upwl1021671", 297990, 63 );
INSERT INTO OrderContains VALUES ( "C100-1811", "IO-Dp1021688", 14440, 4 );
INSERT INTO OrderContains VALUES ( "W864-8541", "IO-Qz1021705", 1254000, 6 );
INSERT INTO OrderContains VALUES ( "C166-0915", "IO-Mphv1021722", 1580, 1 );
INSERT INTO OrderContains VALUES ( "W845-0900", "IO-T1021739", 94240, 62 );
INSERT INTO OrderContains VALUES ( "W113-7949", "IO-J1021756", 534800, 191 );
INSERT INTO OrderContains VALUES ( "W820-0022", "IO-Dcj1021773", 14880, 8 );
INSERT INTO OrderContains VALUES ( "W846-5753", "IO-Mzj1021790", 189000, 1 );
INSERT INTO OrderContains VALUES ( "C171-5516", "IO-Hfxw1021807", 4770, 1 );
INSERT INTO OrderContains VALUES ( "W819-0035", "IO-U1021824", 11830, 7 );
INSERT INTO OrderContains VALUES ( "W864-5456", "IO-Tsq1021841", 357000, 3 );
INSERT INTO OrderContains VALUES ( "W846-5753", "IO-Poi1021858", 378000, 2 );
INSERT INTO OrderContains VALUES ( "W828-0019", "IO-Aalz1021875", 4099200, 224 );
INSERT INTO OrderContains VALUES ( "W864-4697", "IO-E1021892", 135600, 4 );
INSERT INTO OrderContains VALUES ( "W144-4371", "IO-E1021909", 187400, 2 );
INSERT INTO OrderContains VALUES ( "W850-0029", "IO-B1021926", 161000, 5 );
INSERT INTO OrderContains VALUES ( "C401-0148", "IO-O1021943", 7700, 7 );
INSERT INTO OrderContains VALUES ( "W864-5304", "IO-Oplw1021960", 1512000, 8 );
INSERT INTO OrderContains VALUES ( "W113-8133", "IO-Z1021977", 1803060, 243 );
INSERT INTO OrderContains VALUES ( "C101-5601", "IO-Oidi1021994", 96000, 6 );
INSERT INTO OrderContains VALUES ( "C177-1406", "IO-Gyy1022011", 110, 1 );
INSERT INTO OrderContains VALUES ( "W846-2808", "IO-Akup1022028", 88800, 3 );
INSERT INTO OrderContains VALUES ( "W144-3123", "IO-Pgdw1022045", 543200, 8 );
INSERT INTO OrderContains VALUES ( "C131-0092", "IO-Dqnp1022062", 12400, 1 );
INSERT INTO OrderContains VALUES ( "W864-8897", "IO-O1022079", 1272000, 8 );
INSERT INTO OrderContains VALUES ( "C142-0034", "IO-Hi1022096", 9000, 9 );
INSERT INTO OrderContains VALUES ( "W868-0559", "IO-Q1022113", 17080, 7 );
INSERT INTO OrderContains VALUES ( "C102-3071", "IO-L1022130", 134400, 8 );
INSERT INTO OrderContains VALUES ( "W879-0011", "IO-V1022147", 2050, 1 );
INSERT INTO OrderContains VALUES ( "W863-0250", "IO-Qi1022164", 6950, 5 );
INSERT INTO OrderContains VALUES ( "W864-4697", "IO-Dlea1022181", 203400, 6 );
INSERT INTO OrderContains VALUES ( "W864-5456", "IO-Ct1022198", 7140000, 60 );
INSERT INTO OrderContains VALUES ( "W864-9993", "IO-Ywm1022215", 995000, 5 );
INSERT INTO OrderContains VALUES ( "W864-5456", "IO-Tun1022232", 238000, 2 );
INSERT INTO OrderContains VALUES ( "C177-1424", "IO-R1022249", 14220, 79 );
INSERT INTO OrderContains VALUES ( "W879-3841", "IO-Woxs1022266", 46800, 8 );
INSERT INTO OrderContains VALUES ( "W102-4584", "IO-Hpzi1022283", 7200, 1 );
INSERT INTO OrderContains VALUES ( "W875-7238", "IO-M1022300", 76500, 3 );
INSERT INTO OrderContains VALUES ( "W113-7949", "IO-Gfzf1022317", 16800, 6 );
INSERT INTO OrderContains VALUES ( "W843-8704", "IO-Wkd1022334", 145000, 1 );
INSERT INTO OrderContains VALUES ( "C166-0915", "IO-Jc1022351", 82160, 52 );
INSERT INTO OrderContains VALUES ( "C101-5601", "IO-Fb1022368", 1392000, 87 );
INSERT INTO OrderContains VALUES ( "C100-1811", "IO-T1022385", 28880, 8 );
INSERT INTO OrderContains VALUES ( "C171-5516", "IO-Ykor1022402", 9540, 2 );
INSERT INTO OrderContains VALUES ( "C132-2848", "IO-U1022419", 35520, 8 );
INSERT INTO OrderContains VALUES ( "W828-0064", "IO-S1022436", 43860, 6 );
INSERT INTO OrderContains VALUES ( "W847-4821", "IO-Yovx1022453", 142130, 233 );
INSERT INTO OrderContains VALUES ( "W863-0250", "IO-Sae1022470", 108420, 78 );
INSERT INTO OrderContains VALUES ( "W828-0019", "IO-N1022487", 3129300, 171 );
INSERT INTO OrderContains VALUES ( "W140-1862", "IO-L1022504", 456000, 6 );
INSERT INTO OrderContains VALUES ( "W140-1862", "IO-S1022521", 228000, 3 );
INSERT INTO OrderContains VALUES ( "W144-3123", "IO-Uuj1022538", 67900, 1 );
INSERT INTO OrderContains VALUES ( "W868-0699", "IO-O1022555", 624190, 259 );
INSERT INTO OrderContains VALUES ( "C171-5589", "IO-D1022572", 553610, 83 );
INSERT INTO OrderContains VALUES ( "W868-0680", "IO-Qpn1022589", 159100, 74 );
INSERT INTO OrderContains VALUES ( "C401-0111", "IO-X1022606", 3250, 5 );
INSERT INTO OrderContains VALUES ( "W864-5456", "IO-Soe1022623", 15470000, 130 );
INSERT INTO OrderContains VALUES ( "W863-0278", "IO-Izzw1022640", 9730, 7 );
INSERT INTO OrderContains VALUES ( "C100-4119", "IO-L1022657", 7560, 3 );
INSERT INTO OrderContains VALUES ( "W868-0699", "IO-Yx1022674", 14460, 6 );
INSERT INTO OrderContains VALUES ( "W888-1818", "IO-U1022691", 32100, 3 );
INSERT INTO OrderContains VALUES ( "W144-4371", "IO-U1022708", 468500, 5 );
INSERT INTO OrderContains VALUES ( "W879-0303", "IO-Csr1022725", 2240, 1 );
INSERT INTO OrderContains VALUES ( "W868-0945", "IO-Jodg1022742", 14460, 6 );
INSERT INTO OrderContains VALUES ( "C171-6065", "IO-Cwt1022759", 7200, 2 );
INSERT INTO OrderContains VALUES ( "W846-5753", "IO-A1022776", 567000, 3 );
INSERT INTO OrderContains VALUES ( "W828-0064", "IO-Li1022793", 7310, 1 );
INSERT INTO OrderContains VALUES ( "C101-5601", "IO-Ardf1022810", 16000, 1 );
INSERT INTO OrderContains VALUES ( "W864-9595", "IO-H1022827", 58000, 2 );
INSERT INTO OrderContains VALUES ( "W819-0026", "IO-Zso1022844", 8450, 5 );
INSERT INTO OrderContains VALUES ( "C401-0111", "IO-Sec1022861", 44850, 69 );
INSERT INTO OrderContains VALUES ( "W875-7238", "IO-Nt1022878", 51000, 2 );
INSERT INTO OrderContains VALUES ( "W144-3123", "IO-A1022895", 611100, 9 );
INSERT INTO OrderContains VALUES ( "W868-0945", "IO-U1022912", 16870, 7 );
INSERT INTO OrderContains VALUES ( "C171-5516", "IO-Jutd1022929", 4770, 1 );
INSERT INTO OrderContains VALUES ( "W875-7238", "IO-D1022946", 51000, 2 );
INSERT INTO OrderContains VALUES ( "W864-5304", "IO-Lp1022963", 45549000, 241 );
INSERT INTO OrderContains VALUES ( "C166-0915", "IO-Ejfm1022980", 124820, 79 );
INSERT INTO OrderContains VALUES ( "C177-1424", "IO-Z1022997", 12420, 69 );
INSERT INTO OrderContains VALUES ( "W113-7949", "IO-L1023014", 25200, 9 );
INSERT INTO OrderContains VALUES ( "C101-5601", "IO-Liuq1023031", 144000, 9 );
INSERT INTO OrderContains VALUES ( "W818-2911", "IO-Hl1023048", 11560, 4 );
INSERT INTO OrderContains VALUES ( "W868-0945", "IO-Awqx1023065", 4820, 2 );
INSERT INTO OrderContains VALUES ( "W144-4371", "IO-R1023082", 655900, 7 );
INSERT INTO OrderContains VALUES ( "C401-0148", "IO-Czma1023099", 7700, 7 );
INSERT INTO OrderContains VALUES ( "W819-0026", "IO-R1023116", 94640, 56 );
INSERT INTO OrderContains VALUES ( "W868-0680", "IO-Zvah1023133", 8600, 4 );
INSERT INTO OrderContains VALUES ( "W105-3373", "IO-G1023150", 184000, 8 );
INSERT INTO OrderContains VALUES ( "W113-8133", "IO-Dyn1023167", 682640, 92 );
INSERT INTO OrderContains VALUES ( "W879-3841", "IO-Cauv1023184", 11700, 2 );
INSERT INTO OrderContains VALUES ( "W846-5753", "IO-Ncq1023201", 30996000, 164 );
INSERT INTO OrderContains VALUES ( "W864-8897", "IO-Lg1023218", 22896000, 144 );
INSERT INTO OrderContains VALUES ( "W113-8133", "IO-Mqw1023235", 1558200, 210 );
INSERT INTO OrderContains VALUES ( "W850-0029", "IO-Qma1023252", 128800, 4 );
INSERT INTO OrderContains VALUES ( "C270-2661", "IO-N1023269", 9460, 2 );
INSERT INTO OrderContains VALUES ( "W879-3841", "IO-T1023286", 40950, 7 );
INSERT INTO OrderContains VALUES ( "W105-3373", "IO-Ppot1023303", 1380000, 60 );
INSERT INTO OrderContains VALUES ( "W105-3373", "IO-Lyby1023320", 115000, 5 );
INSERT INTO OrderContains VALUES ( "W868-0945", "IO-D1023337", 2410, 1 );
INSERT INTO OrderContains VALUES ( "W864-5313", "IO-Ury1023354", 512000, 4 );
INSERT INTO OrderContains VALUES ( "W879-0303", "IO-S1023371", 179200, 80 );
INSERT INTO OrderContains VALUES ( "C102-3071", "IO-Xv1023388", 4418400, 263 );
INSERT INTO OrderContains VALUES ( "W864-9595", "IO-Orbp1023405", 203000, 7 );
INSERT INTO OrderContains VALUES ( "W818-0542", "IO-X1023422", 627200, 56 );
INSERT INTO OrderContains VALUES ( "W819-0035", "IO-Hyf1023439", 348140, 206 );
INSERT INTO OrderContains VALUES ( "C401-0111", "IO-H1023456", 3900, 6 );
INSERT INTO OrderContains VALUES ( "W868-0699", "IO-Mfp1023473", 4820, 2 );
INSERT INTO OrderContains VALUES ( "W879-4017", "IO-K1023490", 128700, 3 );
INSERT INTO OrderContains VALUES ( "W819-0026", "IO-Vr1023507", 13520, 8 );
INSERT INTO OrderContains VALUES ( "C100-1811", "IO-N1023524", 18050, 5 );
INSERT INTO OrderContains VALUES ( "W819-0035", "IO-Hq1023541", 13520, 8 );
INSERT INTO OrderContains VALUES ( "W864-9595", "IO-Mi1023558", 203000, 7 );
INSERT INTO OrderContains VALUES ( "C100-2102", "IO-Pjpb1023575", 32850, 5 );
INSERT INTO OrderContains VALUES ( "C177-1406", "IO-Kpqu1023592", 440, 4 );
INSERT INTO OrderContains VALUES ( "W864-5313", "IO-N1023609", 12544000, 98 );
INSERT INTO OrderContains VALUES ( "W820-0475", "IO-Finb1023626", 12250, 5 );
INSERT INTO OrderContains VALUES ( "W849-9635", "IO-Fhh1023643", 6552000, 78 );
INSERT INTO OrderContains VALUES ( "W888-1818", "IO-Mcq1023660", 21400, 2 );
INSERT INTO OrderContains VALUES ( "W819-0035", "IO-T1023677", 319410, 189 );
INSERT INTO OrderContains VALUES ( "C101-5610", "IO-Atuf1023694", 120000, 6 );
INSERT INTO OrderContains VALUES ( "C166-0915", "IO-F1023711", 11060, 7 );
INSERT INTO OrderContains VALUES ( "W879-3841", "IO-Q1023728", 35100, 6 );
INSERT INTO OrderContains VALUES ( "W864-4697", "IO-Eik1023745", 135600, 4 );
INSERT INTO OrderContains VALUES ( "C171-6065", "IO-Fkwd1023762", 32400, 9 );
INSERT INTO OrderContains VALUES ( "W864-9993", "IO-Zg1023779", 398000, 2 );
INSERT INTO OrderContains VALUES ( "W879-4017", "IO-D1023796", 8751600, 204 );
INSERT INTO OrderContains VALUES ( "W868-0680", "IO-Tyn1023813", 8600, 4 );
INSERT INTO OrderContains VALUES ( "C177-0805", "IO-Elg1023830", 25560, 213 );
INSERT INTO OrderContains VALUES ( "W864-5456", "IO-Zmhp1023847", 7378000, 62 );
INSERT INTO OrderContains VALUES ( "W819-0035", "IO-Ftkd1023864", 136890, 81 );
INSERT INTO OrderContains VALUES ( "C401-0148", "IO-E1023881", 2200, 2 );
INSERT INTO OrderContains VALUES ( "C101-5610", "IO-Cziq1023898", 20000, 1 );
INSERT INTO OrderContains VALUES ( "W864-4697", "IO-Qzj1023915", 6373200, 188 );
INSERT INTO OrderContains VALUES ( "C171-5589", "IO-Deq1023932", 13340, 2 );
INSERT INTO OrderContains VALUES ( "C132-1070", "IO-Wqg1023949", 50820, 7 );
INSERT INTO OrderContains VALUES ( "W850-0029", "IO-Qdjg1023966", 2254000, 70 );
INSERT INTO OrderContains VALUES ( "W144-3123", "IO-M1023983", 67900, 1 );
INSERT INTO OrderContains VALUES ( "C166-0915", "IO-Sr1024000", 4740, 3 );
INSERT INTO OrderContains VALUES ( "W820-0475", "IO-Mev1024017", 22050, 9 );
INSERT INTO OrderContains VALUES ( "W843-8704", "IO-Hqk1024034", 1305000, 9 );
INSERT INTO OrderContains VALUES ( "C100-2111", "IO-Yjr1024051", 8720, 1 );
INSERT INTO OrderContains VALUES ( "W868-0680", "IO-Gjke1024068", 12900, 6 );
INSERT INTO OrderContains VALUES ( "C100-2102", "IO-Z1024085", 834390, 127 );
INSERT INTO OrderContains VALUES ( "C100-1811", "IO-Nv1024102", 10830, 3 );
INSERT INTO OrderContains VALUES ( "W864-9993", "IO-Lu1024119", 1592000, 8 );
INSERT INTO OrderContains VALUES ( "W864-9993", "IO-Svlw1024136", 42984000, 216 );
INSERT INTO OrderContains VALUES ( "W845-0900", "IO-Bqy1024153", 4560, 3 );
INSERT INTO OrderContains VALUES ( "C102-3071", "IO-Qm1024170", 16800, 1 );
INSERT INTO OrderContains VALUES ( "W864-9993", "IO-E1024187", 48556000, 244 );
INSERT INTO OrderContains VALUES ( "C100-1811", "IO-Svdk1024204", 21660, 6 );
INSERT INTO OrderContains VALUES ( "C131-0092", "IO-Xh1024221", 111600, 9 );
INSERT INTO OrderContains VALUES ( "C171-5589", "IO-B1024238", 53360, 8 );
INSERT INTO OrderContains VALUES ( "W868-0699", "IO-Mdrj1024255", 14460, 6 );
INSERT INTO OrderContains VALUES ( "W863-0250", "IO-Leox1024272", 8340, 6 );
INSERT INTO OrderContains VALUES ( "C401-0148", "IO-S1024289", 2200, 2 );
INSERT INTO OrderContains VALUES ( "W847-4821", "IO-Mxgx1024306", 2440, 4 );
INSERT INTO OrderContains VALUES ( "W819-0026", "IO-Eno1024323", 488410, 289 );
INSERT INTO OrderContains VALUES ( "C132-2848", "IO-Ltzl1024340", 22200, 5 );
INSERT INTO OrderContains VALUES ( "W863-0250", "IO-J1024357", 8340, 6 );
INSERT INTO OrderContains VALUES ( "W843-8704", "IO-W1024374", 145000, 1 );
INSERT INTO OrderContains VALUES ( "W819-0035", "IO-Chy1024391", 11830, 7 );
INSERT INTO OrderContains VALUES ( "W845-0900", "IO-K1024408", 1520, 1 );
INSERT INTO OrderContains VALUES ( "W847-4821", "IO-Nw1024425", 1830, 3 );
INSERT INTO OrderContains VALUES ( "W868-0559", "IO-Y1024442", 2440, 1 );
INSERT INTO OrderContains VALUES ( "W819-0026", "IO-U1024459", 10140, 6 );
INSERT INTO OrderContains VALUES ( "W868-0680", "IO-Ro1024476", 17200, 8 );
INSERT INTO OrderContains VALUES ( "W102-4584", "IO-W1024493", 1080000, 150 );
INSERT INTO OrderContains VALUES ( "W818-0542", "IO-T1024510", 78400, 7 );
INSERT INTO OrderContains VALUES ( "C100-2111", "IO-P1024527", 69760, 8 );
INSERT INTO OrderContains VALUES ( "W846-5753", "IO-Gu1024544", 14364000, 76 );
INSERT INTO OrderContains VALUES ( "W144-3123", "IO-Zv1024561", 67900, 1 );
INSERT INTO OrderContains VALUES ( "C132-2848", "IO-P1024578", 39960, 9 );
INSERT INTO OrderContains VALUES ( "W864-8897", "IO-Nk1024595", 43884000, 276 );
INSERT INTO OrderContains VALUES ( "C132-2848", "IO-B1024612", 39960, 9 );
INSERT INTO OrderContains VALUES ( "W144-4371", "IO-To1024629", 16866000, 180 );
INSERT INTO OrderContains VALUES ( "W864-8541", "IO-N1024646", 627000, 3 );
INSERT INTO OrderContains VALUES ( "W864-5456", "IO-Alu1024663", 476000, 4 );
INSERT INTO OrderContains VALUES ( "C401-0111", "IO-Sl1024680", 3900, 6 );
INSERT INTO OrderContains VALUES ( "W888-1818", "IO-Eaq1024697", 64200, 6 );
INSERT INTO OrderContains VALUES ( "W864-5313", "IO-Iasd1024714", 768000, 6 );
INSERT INTO OrderContains VALUES ( "C401-0111", "IO-G1024731", 35750, 55 );
INSERT INTO OrderContains VALUES ( "W820-0022", "IO-Ftm1024748", 11160, 6 );
INSERT INTO OrderContains VALUES ( "W879-4017", "IO-Ac1024765", 214500, 5 );
INSERT INTO OrderContains VALUES ( "W849-9635", "IO-Fzjr1024782", 252000, 3 );
INSERT INTO OrderContains VALUES ( "W113-7921", "IO-Scye1024799", 88200, 9 );
INSERT INTO OrderContains VALUES ( "W888-1818", "IO-Ajid1024816", 42800, 4 );
INSERT INTO OrderContains VALUES ( "W864-8541", "IO-K1024833", 1881000, 9 );
INSERT INTO OrderContains VALUES ( "C132-1070", "IO-Wvc1024850", 450120, 62 );
INSERT INTO OrderContains VALUES ( "C100-4119", "IO-Glx1024867", 20160, 8 );
INSERT INTO OrderContains VALUES ( "C177-1406", "IO-U1024884", 18040, 164 );
INSERT INTO OrderContains VALUES ( "W864-5304", "IO-Ze1024901", 28917000, 153 );
INSERT INTO OrderContains VALUES ( "W868-0945", "IO-Ksa1024918", 4820, 2 );
INSERT INTO OrderContains VALUES ( "C270-2661", "IO-I1024935", 33110, 7 );
INSERT INTO OrderContains VALUES ( "W113-7921", "IO-De1024952", 39200, 4 );
INSERT INTO OrderContains VALUES ( "W864-5313", "IO-Q1024969", 1024000, 8 );
INSERT INTO OrderContains VALUES ( "W847-4821", "IO-Gto1024986", 86620, 142 );
INSERT INTO OrderContains VALUES ( "W848-9197", "IO-Um1025003", 68000, 1 );
INSERT INTO OrderContains VALUES ( "W144-4371", "IO-Q1025020", 843300, 9 );
INSERT INTO OrderContains VALUES ( "W846-2808", "IO-Kv1025037", 7133600, 241 );
INSERT INTO OrderContains VALUES ( "C100-2111", "IO-Vmb1025054", 26160, 3 );
INSERT INTO OrderContains VALUES ( "W848-9197", "IO-L1025071", 476000, 7 );
INSERT INTO OrderContains VALUES ( "W864-4697", "IO-Znf1025088", 237300, 7 );
INSERT INTO OrderContains VALUES ( "C131-0092", "IO-Pty1025105", 62000, 5 );
INSERT INTO OrderContains VALUES ( "C102-3071", "IO-Afb1025122", 2032800, 121 );
INSERT INTO OrderContains VALUES ( "C177-0805", "IO-Pyt1025139", 21120, 176 );
INSERT INTO OrderContains VALUES ( "W868-0945", "IO-Bexj1025156", 7230, 3 );
INSERT INTO OrderContains VALUES ( "W820-0022", "IO-Vmt1025173", 435240, 234 );
INSERT INTO OrderContains VALUES ( "W144-4371", "IO-Hj1025190", 468500, 5 );
INSERT INTO OrderContains VALUES ( "W864-4697", "IO-G1025207", 67800, 2 );
INSERT INTO OrderContains VALUES ( "W888-1818", "IO-G1025224", 42800, 4 );
INSERT INTO OrderContains VALUES ( "C177-1406", "IO-Mw1025241", 770, 7 );
INSERT INTO OrderContains VALUES ( "C142-0016", "IO-E1025258", 4000, 4 );
INSERT INTO OrderContains VALUES ( "W879-3841", "IO-Fifz1025275", 23400, 4 );
INSERT INTO OrderContains VALUES ( "W864-8897", "IO-Luwc1025292", 40227000, 253 );
INSERT INTO OrderContains VALUES ( "C102-3071", "IO-M1025309", 33600, 2 );
INSERT INTO OrderContains VALUES ( "W899-2442", "IO-Nuwl1025326", 145800, 9 );
INSERT INTO OrderContains VALUES ( "W864-8541", "IO-Gdaa1025343", 627000, 3 );
INSERT INTO OrderContains VALUES ( "W864-5304", "IO-Oqoy1025360", 945000, 5 );
INSERT INTO OrderContains VALUES ( "W105-3373", "IO-Ojp1025377", 69000, 3 );
INSERT INTO OrderContains VALUES ( "C132-1061", "IO-Ii1025394", 718740, 99 );
INSERT INTO OrderContains VALUES ( "C177-1406", "IO-V1025411", 770, 7 );
INSERT INTO OrderContains VALUES ( "W868-0945", "IO-Vv1025428", 641060, 266 );
INSERT INTO OrderContains VALUES ( "W868-0559", "IO-Kk1025445", 2440, 1 );
INSERT INTO OrderContains VALUES ( "C101-5601", "IO-Wluc1025462", 128000, 8 );
INSERT INTO OrderContains VALUES ( "W850-4788", "IO-Qdpr1025479", 86400, 6 );
INSERT INTO OrderContains VALUES ( "C100-2111", "IO-Gyj1025496", 69760, 8 );
INSERT INTO OrderContains VALUES ( "C171-5589", "IO-Vow1025513", 60030, 9 );
INSERT INTO OrderContains VALUES ( "W863-0278", "IO-T1025530", 8340, 6 );
INSERT INTO OrderContains VALUES ( "C401-0111", "IO-Yr1025547", 78650, 121 );
INSERT INTO OrderContains VALUES ( "W864-4697", "IO-Gfid1025564", 305100, 9 );
INSERT INTO OrderContains VALUES ( "W864-9993", "IO-Us1025581", 199000, 1 );
INSERT INTO OrderContains VALUES ( "C171-5516", "IO-Acq1025598", 38160, 8 );
INSERT INTO OrderContains VALUES ( "W875-7238", "IO-Uf1025615", 51000, 2 );
INSERT INTO OrderContains VALUES ( "C100-1811", "IO-Lcnb1025632", 21660, 6 );
INSERT INTO OrderContains VALUES ( "C177-0805", "IO-Qrx1025649", 240, 2 );
INSERT INTO OrderContains VALUES ( "W850-4788", "IO-Byb1025666", 43200, 3 );
INSERT INTO OrderContains VALUES ( "W846-2808", "IO-S1025683", 88800, 3 );
INSERT INTO OrderContains VALUES ( "W819-0026", "IO-H1025700", 6760, 4 );
INSERT INTO OrderContains VALUES ( "W864-5456", "IO-O1025717", 13328000, 112 );
INSERT INTO OrderContains VALUES ( "C101-5601", "IO-N1025734", 2752000, 172 );
INSERT INTO OrderContains VALUES ( "C100-2111", "IO-Bsq1025751", 2520080, 289 );
INSERT INTO OrderContains VALUES ( "W879-0303", "IO-Crl1025768", 11200, 5 );
INSERT INTO OrderContains VALUES ( "C142-0016", "IO-Cv1025785", 82000, 82 );
INSERT INTO OrderContains VALUES ( "C166-0915", "IO-Wqt1025802", 121660, 77 );
INSERT INTO OrderContains VALUES ( "W863-0250", "IO-D1025819", 8340, 6 );
INSERT INTO OrderContains VALUES ( "C166-0915", "IO-Zo1025836", 170640, 108 );
INSERT INTO OrderContains VALUES ( "W833-0439", "IO-Mme1025853", 6237000, 63 );
INSERT INTO OrderContains VALUES ( "W843-8704", "IO-C1025870", 31900000, 220 );
INSERT INTO OrderContains VALUES ( "W102-4584", "IO-U1025887", 1519200, 211 );
INSERT INTO OrderContains VALUES ( "W846-2808", "IO-Oj1025904", 1568800, 53 );
INSERT INTO OrderContains VALUES ( "W888-1818", "IO-M1025921", 85600, 8 );
INSERT INTO OrderContains VALUES ( "W102-4584", "IO-Y1025938", 1864800, 259 );
INSERT INTO OrderContains VALUES ( "C100-4119", "IO-Nbac1025955", 5040, 2 );
INSERT INTO OrderContains VALUES ( "W863-0278", "IO-Vk1025972", 11120, 8 );
INSERT INTO OrderContains VALUES ( "C270-2661", "IO-Pe1025989", 28380, 6 );
INSERT INTO OrderContains VALUES ( "C101-5610", "IO-P1026006", 2280000, 114 );
INSERT INTO OrderContains VALUES ( "W849-9635", "IO-Phc1026023", 756000, 9 );
INSERT INTO OrderContains VALUES ( "C101-5610", "IO-Kt1026040", 160000, 8 );
INSERT INTO OrderContains VALUES ( "W843-8704", "IO-Qci1026057", 23200000, 160 );
INSERT INTO OrderContains VALUES ( "W819-0026", "IO-H1026074", 1690, 1 );
INSERT INTO OrderContains VALUES ( "W818-2911", "IO-Hs1026091", 11560, 4 );
INSERT INTO OrderContains VALUES ( "W864-5313", "IO-Mre1026108", 640000, 5 );
INSERT INTO OrderContains VALUES ( "W863-0278", "IO-Nil1026125", 123710, 89 );
INSERT INTO OrderContains VALUES ( "W864-8541", "IO-Kvuh1026142", 627000, 3 );
INSERT INTO OrderContains VALUES ( "C132-2848", "IO-Zzkk1026159", 35520, 8 );
INSERT INTO OrderContains VALUES ( "W819-0035", "IO-R1026176", 15210, 9 );
INSERT INTO OrderContains VALUES ( "W113-7949", "IO-F1026193", 22400, 8 );
INSERT INTO OrderContains VALUES ( "C132-2848", "IO-B1026210", 435120, 98 );
INSERT INTO OrderContains VALUES ( "W864-8897", "IO-X1026227", 32595000, 205 );
INSERT INTO OrderContains VALUES ( "W113-8133", "IO-Yiz1026244", 66780, 9 );
INSERT INTO OrderContains VALUES ( "W819-0026", "IO-T1026261", 119990, 71 );
INSERT INTO OrderContains VALUES ( "C166-0915", "IO-Nye1026278", 347600, 220 );
INSERT INTO OrderContains VALUES ( "C100-1811", "IO-Wkh1026295", 14440, 4 );
INSERT INTO OrderContains VALUES ( "C100-1811", "IO-V1026312", 194940, 54 );
INSERT INTO OrderContains VALUES ( "W879-3841", "IO-U1026329", 386100, 66 );
INSERT INTO OrderContains VALUES ( "W879-0303", "IO-Ey1026346", 371840, 166 );
INSERT INTO OrderContains VALUES ( "C101-5601", "IO-Xj1026363", 80000, 5 );
INSERT INTO OrderContains VALUES ( "W864-4697", "IO-D1026380", 33900, 1 );
INSERT INTO OrderContains VALUES ( "W864-4697", "IO-Mw1026397", 101700, 3 );
INSERT INTO OrderContains VALUES ( "C171-5589", "IO-Fdsm1026414", 20010, 3 );
INSERT INTO OrderContains VALUES ( "W879-3841", "IO-Y1026431", 368550, 63 );
INSERT INTO OrderContains VALUES ( "W846-2808", "IO-Qxq1026448", 3907200, 132 );
INSERT INTO OrderContains VALUES ( "W899-2442", "IO-Okuc1026465", 16200, 1 );
INSERT INTO OrderContains VALUES ( "C177-1406", "IO-Btw1026482", 770, 7 );
INSERT INTO OrderContains VALUES ( "W843-9961", "IO-Vxmw1026499", 108000, 3 );
INSERT INTO OrderContains VALUES ( "W849-9635", "IO-Kj1026516", 756000, 9 );
INSERT INTO OrderContains VALUES ( "W846-5753", "IO-Owg1026533", 16065000, 85 );
INSERT INTO OrderContains VALUES ( "C171-5516", "IO-Qzch1026550", 1349910, 283 );
INSERT INTO OrderContains VALUES ( "W868-0680", "IO-Uoo1026567", 2150, 1 );
INSERT INTO OrderContains VALUES ( "W105-3373", "IO-U1026584", 23000, 1 );
INSERT INTO OrderContains VALUES ( "W819-0035", "IO-Iq1026601", 15210, 9 );
INSERT INTO OrderContains VALUES ( "W833-0439", "IO-Dg1026618", 6138000, 62 );
INSERT INTO OrderContains VALUES ( "W879-0303", "IO-Puo1026635", 333760, 149 );
INSERT INTO OrderContains VALUES ( "W864-8541", "IO-Gk1026652", 418000, 2 );
INSERT INTO OrderContains VALUES ( "W819-0026", "IO-Tq1026669", 13520, 8 );
INSERT INTO OrderContains VALUES ( "W850-4788", "IO-Uksl1026686", 14400, 1 );
INSERT INTO OrderContains VALUES ( "W864-9993", "IO-Ojqw1026703", 13333000, 67 );
INSERT INTO OrderContains VALUES ( "C132-1061", "IO-Ebr1026720", 29040, 4 );
INSERT INTO OrderContains VALUES ( "W863-0250", "IO-X1026737", 6950, 5 );
INSERT INTO OrderContains VALUES ( "W847-4821", "IO-Xdj1026754", 610, 1 );
INSERT INTO OrderContains VALUES ( "W863-0278", "IO-N1026771", 12510, 9 );
INSERT INTO OrderContains VALUES ( "W828-0019", "IO-R1026788", 3897900, 213 );
INSERT INTO OrderContains VALUES ( "W843-9961", "IO-L1026805", 36000, 1 );
INSERT INTO OrderContains VALUES ( "W863-0278", "IO-Ggmi1026822", 9730, 7 );
INSERT INTO OrderContains VALUES ( "W818-0542", "IO-Tz1026839", 33600, 3 );
INSERT INTO OrderContains VALUES ( "W846-5753", "IO-Ifm1026856", 12096000, 64 );
INSERT INTO OrderContains VALUES ( "C401-0148", "IO-U1026873", 6600, 6 );
INSERT INTO OrderContains VALUES ( "W105-3373", "IO-Fymu1026890", 5336000, 232 );
INSERT INTO OrderContains VALUES ( "W863-0278", "IO-Hg1026907", 9730, 7 );
INSERT INTO OrderContains VALUES ( "W105-3373", "IO-Hi1026924", 23000, 1 );
INSERT INTO OrderContains VALUES ( "C101-5610", "IO-Mptx1026941", 120000, 6 );
INSERT INTO OrderContains VALUES ( "W102-4584", "IO-Kig1026958", 43200, 6 );
INSERT INTO OrderContains VALUES ( "W843-8704", "IO-C1026975", 36395000, 251 );
INSERT INTO OrderContains VALUES ( "W868-0680", "IO-Wgdu1026992", 15050, 7 );
INSERT INTO OrderContains VALUES ( "C177-1406", "IO-C1027009", 770, 7 );
INSERT INTO OrderContains VALUES ( "W879-0011", "IO-Uq1027026", 14350, 7 );
INSERT INTO OrderContains VALUES ( "C171-6065", "IO-Iaw1027043", 18000, 5 );
INSERT INTO OrderContains VALUES ( "W849-9635", "IO-N1027060", 504000, 6 );
INSERT INTO OrderContains VALUES ( "W879-0011", "IO-S1027077", 8200, 4 );
INSERT INTO OrderContains VALUES ( "W868-0699", "IO-Ftfb1027094", 380780, 158 );
INSERT INTO OrderContains VALUES ( "C100-2102", "IO-Oqdw1027111", 1327140, 202 );
INSERT INTO OrderContains VALUES ( "W864-5304", "IO-Sndz1027128", 1701000, 9 );
INSERT INTO OrderContains VALUES ( "W879-3841", "IO-Klg1027145", 11700, 2 );
INSERT INTO OrderContains VALUES ( "W818-0542", "IO-Mxw1027162", 571200, 51 );
INSERT INTO OrderContains VALUES ( "W105-3373", "IO-M1027179", 23000, 1 );
INSERT INTO OrderContains VALUES ( "C142-0034", "IO-Ym1027196", 7000, 7 );
INSERT INTO OrderContains VALUES ( "W820-0022", "IO-Z1027213", 299460, 161 );
INSERT INTO OrderContains VALUES ( "W848-9197", "IO-V1027230", 612000, 9 );
INSERT INTO OrderContains VALUES ( "W819-0035", "IO-Ptgt1027247", 13520, 8 );
INSERT INTO OrderContains VALUES ( "W848-9197", "IO-Yk1027264", 8364000, 123 );
INSERT INTO OrderContains VALUES ( "C132-1070", "IO-Eu1027281", 50820, 7 );
INSERT INTO OrderContains VALUES ( "C132-1070", "IO-Ts1027298", 29040, 4 );
INSERT INTO OrderContains VALUES ( "W828-0019", "IO-N1027315", 91500, 5 );
INSERT INTO OrderContains VALUES ( "W113-8133", "IO-Ggp1027332", 860720, 116 );
INSERT INTO OrderContains VALUES ( "C102-3071", "IO-M1027349", 100800, 6 );
INSERT INTO OrderContains VALUES ( "W848-9197", "IO-Eud1027366", 136000, 2 );
INSERT INTO OrderContains VALUES ( "W849-9635", "IO-Ka1027383", 21672000, 258 );
INSERT INTO OrderContains VALUES ( "W864-8541", "IO-Z1027400", 418000, 2 );
INSERT INTO OrderContains VALUES ( "C101-5610", "IO-Eqf1027417", 2360000, 118 );
INSERT INTO OrderContains VALUES ( "W144-3123", "IO-V1027434", 271600, 4 );
INSERT INTO OrderContains VALUES ( "C401-0148", "IO-A1027451", 238700, 217 );
INSERT INTO OrderContains VALUES ( "C100-4128", "IO-Rrma1027468", 21360, 8 );
INSERT INTO OrderContains VALUES ( "W863-0278", "IO-Jugp1027485", 411440, 296 );
INSERT INTO OrderContains VALUES ( "W864-4697", "IO-R1027502", 169500, 5 );
INSERT INTO OrderContains VALUES ( "W868-0945", "IO-Q1027519", 9640, 4 );
INSERT INTO OrderContains VALUES ( "W864-5456", "IO-J1027536", 952000, 8 );
INSERT INTO OrderContains VALUES ( "W879-0303", "IO-Qf1027553", 6720, 3 );
INSERT INTO OrderContains VALUES ( "W864-5313", "IO-T1027570", 8576000, 67 );
INSERT INTO OrderContains VALUES ( "W846-5753", "IO-Zulg1027587", 378000, 2 );
INSERT INTO OrderContains VALUES ( "W899-2442", "IO-Zl1027604", 842400, 52 );
INSERT INTO OrderContains VALUES ( "C131-0092", "IO-Ip1027621", 86800, 7 );
INSERT INTO OrderContains VALUES ( "C177-0805", "IO-B1027638", 360, 3 );
INSERT INTO OrderContains VALUES ( "W140-1862", "IO-Jld1027655", 7372000, 97 );
INSERT INTO OrderContains VALUES ( "W820-0475", "IO-Og1027672", 2450, 1 );
INSERT INTO OrderContains VALUES ( "W868-0699", "IO-W1027689", 2410, 1 );
INSERT INTO OrderContains VALUES ( "W868-0699", "IO-Of1027706", 228950, 95 );
INSERT INTO OrderContains VALUES ( "C142-0016", "IO-L1027723", 67000, 67 );
INSERT INTO OrderContains VALUES ( "C142-0016", "IO-N1027740", 3000, 3 );
INSERT INTO OrderContains VALUES ( "W879-4017", "IO-P1027757", 42900, 1 );
INSERT INTO OrderContains VALUES ( "W843-8704", "IO-F1027774", 290000, 2 );
INSERT INTO OrderContains VALUES ( "W868-0945", "IO-M1027791", 4820, 2 );
INSERT INTO OrderContains VALUES ( "W113-7921", "IO-K1027808", 88200, 9 );
INSERT INTO OrderContains VALUES ( "W846-5753", "IO-Guui1027825", 1134000, 6 );
INSERT INTO OrderContains VALUES ( "C100-1811", "IO-Grtq1027842", 14440, 4 );
INSERT INTO OrderContains VALUES ( "W105-3373", "IO-X1027859", 46000, 2 );
INSERT INTO OrderContains VALUES ( "W848-9197", "IO-Hq1023541", 68000, 1 );
INSERT INTO OrderContains VALUES ( "W140-1862", "IO-Ksa1024918", 380000, 5 );
INSERT INTO OrderContains VALUES ( "W868-0680", "IO-Fymu1026890", 578350, 269 );
INSERT INTO OrderContains VALUES ( "C101-5610", "IO-Ka1027383", 2900000, 145 );
INSERT INTO OrderContains VALUES ( "W863-0250", "IO-Bsq1025751", 152900, 110 );
INSERT INTO OrderContains VALUES ( "C401-0111", "IO-Ncq1023201", 65000, 100 );
INSERT INTO OrderContains VALUES ( "W864-5304", "IO-D1026380", 1134000, 6 );
INSERT INTO OrderContains VALUES ( "W848-9197", "IO-Gyj1025496", 544000, 8 );
INSERT INTO OrderContains VALUES ( "C100-4119", "IO-W1024374", 15120, 6 );
INSERT INTO OrderContains VALUES ( "W820-0022", "IO-Ptgt1027247", 14880, 8 );
INSERT INTO OrderContains VALUES ( "W113-7949", "IO-Ka1027383", 445200, 159 );
INSERT INTO OrderContains VALUES ( "W819-0035", "IO-Ywm1022215", 10140, 6 );
INSERT INTO OrderContains VALUES ( "W849-9635", "IO-Upwl1021671", 6972000, 83 );
INSERT INTO OrderContains VALUES ( "W899-2442", "IO-U1022708", 129600, 8 );
INSERT INTO OrderContains VALUES ( "W847-4821", "IO-P1024578", 1220, 2 );
INSERT INTO OrderContains VALUES ( "C101-5610", "IO-Cauv1023184", 20000, 1 );
INSERT INTO OrderContains VALUES ( "W850-4788", "IO-Zo1025836", 1584000, 110 );
INSERT INTO OrderContains VALUES ( "W102-4584", "IO-T1023286", 64800, 9 );
INSERT INTO OrderContains VALUES ( "W864-5313", "IO-Dp1021688", 1152000, 9 );
INSERT INTO OrderContains VALUES ( "C177-1424", "IO-H1026074", 1440, 8 );
INSERT INTO OrderContains VALUES ( "C100-4128", "IO-Hfxw1021807", 24030, 9 );
INSERT INTO OrderContains VALUES ( "W848-9197", "IO-Sae1022470", 3400000, 50 );
INSERT INTO OrderContains VALUES ( "C132-2848", "IO-Tsq1021841", 8880, 2 );
INSERT INTO OrderContains VALUES ( "W820-0475", "IO-Nuwl1025326", 22050, 9 );
INSERT INTO OrderContains VALUES ( "W102-4584", "IO-Jodg1022742", 28800, 4 );
INSERT INTO OrderContains VALUES ( "C132-1061", "IO-Qci1026057", 914760, 126 );
INSERT INTO OrderContains VALUES ( "W868-0680", "IO-Zulg1027587", 2150, 1 );
INSERT INTO OrderContains VALUES ( "W113-7921", "IO-U1022912", 39200, 4 );
INSERT INTO OrderContains VALUES ( "W818-2911", "IO-Q1021416", 20230, 7 );
INSERT INTO OrderContains VALUES ( "W868-0945", "IO-Eik1023745", 16870, 7 );
INSERT INTO OrderContains VALUES ( "W868-0945", "IO-Gyj1025496", 19280, 8 );
INSERT INTO OrderContains VALUES ( "W864-5304", "IO-M1025309", 1134000, 6 );
INSERT INTO OrderContains VALUES ( "W864-5313", "IO-Chy1024391", 896000, 7 );
INSERT INTO OrderContains VALUES ( "W879-3841", "IO-Vr1023507", 35100, 6 );
INSERT INTO OrderContains VALUES ( "W144-4371", "IO-Mzj1021790", 374800, 4 );
INSERT INTO OrderContains VALUES ( "C171-6065", "IO-Eu1027281", 7200, 2 );
INSERT INTO OrderContains VALUES ( "C100-4119", "IO-S1023371", 206640, 82 );
INSERT INTO OrderContains VALUES ( "C132-1070", "IO-V1027230", 7260, 1 );
INSERT INTO OrderContains VALUES ( "W879-3841", "IO-N1025734", 1667250, 285 );
INSERT INTO OrderContains VALUES ( "C131-0092", "IO-Cv1025785", 806000, 65 );
INSERT INTO OrderContains VALUES ( "W864-9993", "IO-Ftm1024748", 995000, 5 );
INSERT INTO OrderContains VALUES ( "W820-0475", "IO-Ltzl1024340", 22050, 9 );
INSERT INTO OrderContains VALUES ( "W144-4371", "IO-M1025921", 374800, 4 );
INSERT INTO OrderContains VALUES ( "C171-5516", "IO-Qm1024170", 19080, 4 );
INSERT INTO OrderContains VALUES ( "W828-0064", "IO-Z1027213", 2090660, 286 );
INSERT INTO OrderContains VALUES ( "W140-1862", "IO-H1026074", 456000, 6 );
INSERT INTO OrderContains VALUES ( "W828-0019", "IO-Ury1023354", 36600, 2 );
INSERT INTO OrderContains VALUES ( "C102-3071", "IO-X1027859", 16800, 1 );
INSERT INTO OrderContains VALUES ( "W875-7238", "IO-Vr1023507", 153000, 6 );
INSERT INTO OrderContains VALUES ( "W818-2911", "IO-G1025207", 23120, 8 );
INSERT INTO OrderContains VALUES ( "C100-4128", "IO-A1022895", 13350, 5 );
INSERT INTO OrderContains VALUES ( "C142-0034", "IO-V1025411", 9000, 9 );
INSERT INTO OrderContains VALUES ( "W850-0029", "IO-Xdj1026754", 225400, 7 );
INSERT INTO OrderContains VALUES ( "C100-2111", "IO-Um1025003", 43600, 5 );
INSERT INTO OrderContains VALUES ( "C177-1406", "IO-R1023116", 7590, 69 );
INSERT INTO OrderContains VALUES ( "C142-0016", "IO-O1021943", 9000, 9 );
INSERT INTO OrderContains VALUES ( "W899-2442", "IO-Q1024969", 129600, 8 );
INSERT INTO OrderContains VALUES ( "W850-4788", "IO-K1023490", 100800, 7 );
INSERT INTO OrderContains VALUES ( "W864-8897", "IO-Ywm1022215", 636000, 4 );
INSERT INTO OrderContains VALUES ( "W845-0900", "IO-Nt1022878", 9120, 6 );
INSERT INTO OrderContains VALUES ( "C171-5589", "IO-Pgdw1022045", 6670, 1 );
INSERT INTO OrderContains VALUES ( "W850-0029", "IO-H1025700", 257600, 8 );
INSERT INTO OrderContains VALUES ( "W843-9961", "IO-M1023983", 324000, 9 );
INSERT INTO OrderContains VALUES ( "C132-1061", "IO-Hs1026091", 29040, 4 );
INSERT INTO OrderContains VALUES ( "W105-3373", "IO-Eqf1027417", 6394000, 278 );
INSERT INTO OrderContains VALUES ( "C132-1070", "IO-M1027791", 50820, 7 );
INSERT INTO OrderContains VALUES ( "W818-0542", "IO-Uuj1022538", 100800, 9 );
INSERT INTO OrderContains VALUES ( "W864-9993", "IO-Qzch1026550", 24676000, 124 );
INSERT INTO OrderContains VALUES ( "W879-3841", "IO-Cziq1023898", 40950, 7 );
INSERT INTO OrderContains VALUES ( "W828-0019", "IO-M1022300", 36600, 2 );
INSERT INTO OrderContains VALUES ( "W113-7921", "IO-Czma1023099", 29400, 3 );
INSERT INTO OrderContains VALUES ( "C171-6065", "IO-Aalz1021875", 748800, 208 );
INSERT INTO OrderContains VALUES ( "C171-5516", "IO-S1022436", 9540, 2 );
INSERT INTO OrderContains VALUES ( "W819-0035", "IO-Liuq1023031", 3380, 2 );
INSERT INTO OrderContains VALUES ( "C102-3071", "IO-Acq1025598", 117600, 7 );
INSERT INTO OrderContains VALUES ( "W820-0475", "IO-R1022249", 215600, 88 );
INSERT INTO OrderContains VALUES ( "W864-4697", "IO-Eaq1024697", 203400, 6 );
INSERT INTO OrderContains VALUES ( "W113-7921", "IO-Xh1024221", 9800, 1 );
INSERT INTO OrderContains VALUES ( "C142-0034", "IO-Dyn1023167", 87000, 87 );
INSERT INTO OrderContains VALUES ( "W863-0278", "IO-Chy1024391", 11120, 8 );
INSERT INTO OrderContains VALUES ( "W820-0475", "IO-P1026006", 436100, 178 );
INSERT INTO OrderContains VALUES ( "W102-4584", "IO-Ksa1024918", 36000, 5 );
INSERT INTO OrderContains VALUES ( "W113-8133", "IO-Fymu1026890", 1216880, 164 );
INSERT INTO OrderContains VALUES ( "W144-3123", "IO-Nil1026125", 5092500, 75 );
INSERT INTO OrderContains VALUES ( "W846-2808", "IO-N1027315", 59200, 2 );
INSERT INTO OrderContains VALUES ( "W864-9993", "IO-Tun1022232", 597000, 3 );
INSERT INTO OrderContains VALUES ( "W875-7238", "IO-Li1022793", 204000, 8 );
INSERT INTO OrderContains VALUES ( "C100-4119", "IO-Crl1025768", 17640, 7 );
INSERT INTO OrderContains VALUES ( "W843-8704", "IO-C1025870", 36105000, 249 );
INSERT INTO OrderContains VALUES ( "W820-0475", "IO-Ggp1027332", 448350, 183 );
INSERT INTO OrderContains VALUES ( "W845-0900", "IO-Z1024085", 404320, 266 );
INSERT INTO OrderContains VALUES ( "W863-0278", "IO-V1025411", 6950, 5 );
INSERT INTO OrderContains VALUES ( "W879-0303", "IO-Qi1022164", 4480, 2 );
INSERT INTO OrderContains VALUES ( "W818-2911", "IO-Zl1027604", 150280, 52 );
INSERT INTO OrderContains VALUES ( "C171-5589", "IO-Tpv1021467", 6670, 1 );
INSERT INTO OrderContains VALUES ( "W819-0026", "IO-Vow1025513", 13520, 8 );
INSERT INTO OrderContains VALUES ( "W864-8541", "IO-Sl1024680", 209000, 1 );
INSERT INTO OrderContains VALUES ( "W819-0035", "IO-K1021382", 3380, 2 );
INSERT INTO OrderContains VALUES ( "C132-1070", "IO-T1023286", 29040, 4 );
INSERT INTO OrderContains VALUES ( "C177-1406", "IO-U1022912", 990, 9 );
INSERT INTO OrderContains VALUES ( "W888-1818", "IO-Bp1021501", 2375400, 222 );
INSERT INTO OrderContains VALUES ( "W868-0945", "IO-Jld1027655", 221720, 92 );
INSERT INTO OrderContains VALUES ( "C177-1406", "IO-Izzw1022640", 330, 3 );
INSERT INTO OrderContains VALUES ( "W864-9993", "IO-Dp1021688", 1393000, 7 );
INSERT INTO OrderContains VALUES ( "C177-0805", "IO-Ftm1024748", 240, 2 );
INSERT INTO OrderContains VALUES ( "W820-0475", "IO-Uuj1022538", 4900, 2 );
INSERT INTO OrderContains VALUES ( "W847-4821", "IO-Eaq1024697", 4270, 7 );
INSERT INTO OrderContains VALUES ( "W849-9635", "IO-Gyj1025496", 756000, 9 );
INSERT INTO OrderContains VALUES ( "W879-0303", "IO-M1022300", 17920, 8 );
INSERT INTO OrderContains VALUES ( "W847-4821", "IO-Mw1025241", 1220, 2 );
INSERT INTO OrderContains VALUES ( "W850-0029", "IO-Ywm1022215", 96600, 3 );
INSERT INTO OrderContains VALUES ( "W828-0064", "IO-I1024935", 58480, 8 );
INSERT INTO OrderContains VALUES ( "C142-0016", "IO-N1025734", 111000, 111 );
INSERT INTO OrderContains VALUES ( "W899-2442", "IO-Ebr1026720", 48600, 3 );
INSERT INTO OrderContains VALUES ( "W888-1818", "IO-Hi1026924", 42800, 4 );
INSERT INTO OrderContains VALUES ( "W864-8897", "IO-Ndot1021348", 477000, 3 );
INSERT INTO OrderContains VALUES ( "W820-0022", "IO-Akup1022028", 13020, 7 );
INSERT INTO OrderContains VALUES ( "W820-0475", "IO-E1025258", 17150, 7 );
INSERT INTO OrderContains VALUES ( "C102-3071", "IO-M1022300", 100800, 6 );
INSERT INTO OrderContains VALUES ( "W113-7921", "IO-Mme1025853", 568400, 58 );
INSERT INTO OrderContains VALUES ( "C132-1061", "IO-U1022912", 43560, 6 );
INSERT INTO OrderContains VALUES ( "W879-4017", "IO-Hfxw1021807", 171600, 4 );
INSERT INTO OrderContains VALUES ( "W819-0035", "IO-Zulg1027587", 8450, 5 );
INSERT INTO OrderContains VALUES ( "W144-4371", "IO-S1022521", 374800, 4 );
INSERT INTO OrderContains VALUES ( "C177-0805", "IO-Nye1026278", 12720, 106 );
INSERT INTO OrderContains VALUES ( "W879-0303", "IO-Ptgt1027247", 11200, 5 );
INSERT INTO OrderContains VALUES ( "C100-4128", "IO-Fhh1023643", 173550, 65 );
INSERT INTO OrderContains VALUES ( "W864-5456", "IO-Iaw1027043", 476000, 4 );
INSERT INTO OrderContains VALUES ( "W879-0011", "IO-F1027774", 18450, 9 );
INSERT INTO OrderContains VALUES ( "W868-0945", "IO-Uq1027026", 21690, 9 );
INSERT INTO OrderContains VALUES ( "C177-0805", "IO-L1025071", 480, 4 );
INSERT INTO OrderContains VALUES ( "W819-0026", "IO-Z1022997", 162240, 96 );
INSERT INTO OrderContains VALUES ( "W864-9993", "IO-S1023371", 14726000, 74 );
INSERT INTO OrderContains VALUES ( "W102-4584", "IO-F1023711", 64800, 9 );
INSERT INTO OrderContains VALUES ( "W144-3123", "IO-Q1023728", 611100, 9 );
INSERT INTO OrderContains VALUES ( "C401-0148", "IO-X1026737", 8800, 8 );
INSERT INTO OrderContains VALUES ( "W864-9595", "IO-Ltzl1024340", 203000, 7 );
INSERT INTO OrderContains VALUES ( "W140-1862", "IO-X1022606", 380000, 5 );
INSERT INTO OrderContains VALUES ( "C131-0092", "IO-T1021739", 1227600, 99 );
INSERT INTO OrderContains VALUES ( "C101-5610", "IO-De1024952", 40000, 2 );
INSERT INTO OrderContains VALUES ( "W863-0278", "IO-M1025921", 1390, 1 );
INSERT INTO OrderContains VALUES ( "W819-0026", "IO-R1026788", 194350, 115 );
INSERT INTO OrderContains VALUES ( "C142-0034", "IO-Xj1026363", 8000, 8 );
INSERT INTO OrderContains VALUES ( "W864-9595", "IO-Ndot1021348", 232000, 8 );
INSERT INTO OrderContains VALUES ( "W846-2808", "IO-F1023711", 177600, 6 );
INSERT INTO OrderContains VALUES ( "W868-0945", "IO-Hj1025190", 19280, 8 );
INSERT INTO OrderContains VALUES ( "W828-0019", "IO-Tyn1023813", 128100, 7 );
INSERT INTO OrderContains VALUES ( "W864-9595", "IO-Hs1026091", 232000, 8 );
INSERT INTO OrderContains VALUES ( "W864-8897", "IO-Nk1024595", 39591000, 249 );
INSERT INTO OrderContains VALUES ( "W879-0011", "IO-H1026074", 4100, 2 );
INSERT INTO OrderContains VALUES ( "C401-0148", "IO-C1027009", 1100, 1 );
INSERT INTO OrderContains VALUES ( "W819-0035", "IO-Wkd1022334", 13520, 8 );
INSERT INTO OrderContains VALUES ( "C177-0805", "IO-Iq1026601", 960, 8 );
INSERT INTO OrderContains VALUES ( "C142-0034", "IO-Owg1026533", 79000, 79 );
INSERT INTO OrderContains VALUES ( "C131-0092", "IO-Ebr1026720", 74400, 6 );
INSERT INTO OrderContains VALUES ( "W864-9595", "IO-Gu1024544", 1711000, 59 );
INSERT INTO OrderContains VALUES ( "W828-0064", "IO-Dqnp1022062", 14620, 2 );
INSERT INTO OrderContains VALUES ( "W818-2911", "IO-V1022147", 11560, 4 );
INSERT INTO OrderContains VALUES ( "C401-0148", "IO-Wvc1024850", 73700, 67 );
INSERT INTO OrderContains VALUES ( "W819-0026", "IO-T1025530", 1690, 1 );
INSERT INTO OrderContains VALUES ( "C171-5516", "IO-O1025717", 958770, 201 );
INSERT INTO OrderContains VALUES ( "C132-2848", "IO-Um1025003", 31080, 7 );
INSERT INTO OrderContains VALUES ( "W863-0250", "IO-Guui1027825", 4170, 3 );
INSERT INTO OrderContains VALUES ( "W864-4697", "IO-Nv1024102", 203400, 6 );
INSERT INTO OrderContains VALUES ( "W868-0945", "IO-Vmb1025054", 4820, 2 );
INSERT INTO OrderContains VALUES ( "W828-0019", "IO-Ftfb1027094", 5380200, 294 );
INSERT INTO OrderContains VALUES ( "W843-9961", "IO-Qzj1023915", 3708000, 103 );
INSERT INTO OrderContains VALUES ( "W864-9595", "IO-Vow1025513", 232000, 8 );
INSERT INTO OrderContains VALUES ( "W845-0900", "IO-Z1024085", 354160, 233 );
INSERT INTO OrderContains VALUES ( "W846-2808", "IO-Akup1022028", 148000, 5 );
INSERT INTO OrderContains VALUES ( "C177-1406", "IO-Uoo1026567", 440, 4 );
INSERT INTO OrderContains VALUES ( "W819-0026", "IO-S1023371", 138580, 82 );
INSERT INTO OrderContains VALUES ( "W868-0680", "IO-Zl1027604", 182750, 85 );
INSERT INTO OrderContains VALUES ( "W845-0900", "IO-P1027757", 6080, 4 );
INSERT INTO OrderContains VALUES ( "C100-4128", "IO-Crl1025768", 10680, 4 );
INSERT INTO OrderContains VALUES ( "C132-1070", "IO-N1026771", 65340, 9 );
INSERT INTO OrderContains VALUES ( "W864-5456", "IO-Qci1026057", 24038000, 202 );
INSERT INTO OrderContains VALUES ( "W879-0303", "IO-U1026329", 190400, 85 );
INSERT INTO OrderContains VALUES ( "W843-9961", "IO-Tyn1023813", 180000, 5 );
INSERT INTO OrderContains VALUES ( "W850-4788", "IO-Okuc1026465", 14400, 1 );
INSERT INTO OrderContains VALUES ( "W864-4697", "IO-Dcj1021773", 305100, 9 );
INSERT INTO OrderContains VALUES ( "W850-0029", "IO-K1024408", 128800, 4 );
INSERT INTO OrderContains VALUES ( "W113-7921", "IO-K1024408", 78400, 8 );
INSERT INTO OrderContains VALUES ( "W144-4371", "IO-Bqy1024153", 749600, 8 );
INSERT INTO OrderContains VALUES ( "C100-2111", "IO-Izzw1022640", 61040, 7 );
INSERT INTO OrderContains VALUES ( "W113-7949", "IO-P1024578", 2800, 1 );
INSERT INTO OrderContains VALUES ( "C401-0148", "IO-Czma1023099", 1100, 1 );
INSERT INTO OrderContains VALUES ( "C131-0092", "IO-A1027451", 3608400, 291 );
INSERT INTO OrderContains VALUES ( "W864-9595", "IO-L1022657", 58000, 2 );
INSERT INTO OrderContains VALUES ( "W144-4371", "IO-Mw1026397", 843300, 9 );
INSERT INTO OrderContains VALUES ( "C101-5601", "IO-U1022708", 144000, 9 );
INSERT INTO OrderContains VALUES ( "W864-9993", "IO-Mev1024017", 1791000, 9 );
INSERT INTO OrderContains VALUES ( "W868-0945", "IO-Q1024969", 2410, 1 );
INSERT INTO OrderContains VALUES ( "W863-0250", "IO-Gfzf1022317", 5560, 4 );
INSERT INTO OrderContains VALUES ( "W820-0022", "IO-Z1022997", 128340, 69 );
INSERT INTO OrderContains VALUES ( "W105-3373", "IO-Ts1027298", 69000, 3 );
INSERT INTO OrderContains VALUES ( "C401-0111", "IO-Hyf1023439", 183300, 282 );
INSERT INTO OrderContains VALUES ( "W899-2442", "IO-Finb1023626", 81000, 5 );
INSERT INTO OrderContains VALUES ( "C177-1406", "IO-L1022504", 770, 7 );
INSERT INTO OrderContains VALUES ( "W846-2808", "IO-D1026380", 29600, 1 );


##################################################################################################################################################################################

#defining foreign keys
ALTER TABLE Brand ADD FOREIGN KEY (SupplierId) REFERENCES Supplier(SupplierId);
ALTER TABLE Item ADD FOREIGN KEY (BrandId) REFERENCES Brand(BrandId);
ALTER TABLE Item ADD FOREIGN KEY (CategoryId) REFERENCES Category(CategoryId);
ALTER TABLE ShoppingBasket ADD FOREIGN KEY (CustomerId) REFERENCES Customer(Id);
ALTER TABLE ItemOrder ADD FOREIGN KEY (PurchasedCustomerId) REFERENCES Customer(Id);
ALTER TABLE ItemOrder ADD FOREIGN KEY (ShipperId) REFERENCES Shipper(ShipperId);
##################################################################################################################################################################################

