INSERT INTO Supplier VALUES ( "S1233", "Kite", "Kim Il-Doo", "032-0158-1111", "oneheadk2@knu.ac.kr" );
INSERT INTO Supplier VALUES ( "S1234", "Blackcow", "Black sheet", "031-2549-7777", "blackcowMan@knu.ac.kr" );
INSERT INTO Supplier VALUES ( "S1235", "LGT Chemical", "Kim Ki-rim", "053-156-888", "rising@knu.ac.kr" );
INSERT INTO Supplier VALUES ( "S1236", "Young Chang Chemical", "Kim Young Chang", "02-568-1111", "brig@knu.ac.kr" );
INSERT INTO Supplier VALUES ( "S1237", "Smite", "Bang", "031-5498-7777", "smite@knu.ac.kr" );
INSERT INTO Supplier VALUES ( "S1238", "Excel", "Choi", "051-1597-7777", "excell@knu.ac.kr" );
INSERT INTO Supplier VALUES ( "S1239", "White horse", "Baek Jong-an", "053-7894-7777", "unicon@knu.ac.kr" );


INSERT INTO Brand VALUES ( "B4410", "K2 safety shoes", 0 );
INSERT INTO Brand VALUES ( "B4411", "K2 Korea", 0 );
INSERT INTO Brand VALUES ( "B4412", "SK Rose Bar", 0 );
INSERT INTO Brand VALUES ( "B4413", "SMATO LED lighting", 0 );
INSERT INTO Brand VALUES ( "B4414", "SMATO Lantern", 0 );
INSERT INTO Brand VALUES ( "B4415", "SMATO Safety", 0 );
INSERT INTO Brand VALUES ( "B4416", "SMATO work lights", 0 );
INSERT INTO Brand VALUES ( "B4417", "SMATO Boots", 0 );
INSERT INTO Brand VALUES ( "B4418", "Navachem", 0 );
INSERT INTO Brand VALUES ( "B4419", "Daemyung Industry", 0 );
INSERT INTO Brand VALUES ( "B4420", "Instead,", 0 );
INSERT INTO Brand VALUES ( "B4421", "Daeheung Metal", 0 );
INSERT INTO Brand VALUES ( "B4422", "Lucky Industry", 0 );
INSERT INTO Brand VALUES ( "B4423", "Lucky silicon", 0 );
INSERT INTO Brand VALUES ( "B4424", "Leisure Time", 0 );
INSERT INTO Brand VALUES ( "B4425", "Leakap", 0 );
INSERT INTO Brand VALUES ( "B4426", "White horse", 0 );
INSERT INTO Brand VALUES ( "B4427", "Vexcel", 0 );
INSERT INTO Brand VALUES ( "B4428", "Black Yak", 0 );
INSERT INTO Brand VALUES ( "B4429", "Bleach Battery", 0 );
INSERT INTO Brand VALUES ( "B4430", "Big Toss", 0 );
INSERT INTO Brand VALUES ( "B4431", "Samsung", 0 );
INSERT INTO Brand VALUES ( "B4432", "Super Rube", 0 );
INSERT INTO Brand VALUES ( "B4433", "Scarlet scissors", 0 );
INSERT INTO Brand VALUES ( "B4434", "The name of Sumata", 0 );
INSERT INTO Brand VALUES ( "B4435", "Scarlet Foundation scissors", 0 );
INSERT INTO Brand VALUES ( "B4436", "Sumato paper cup", 0 );
INSERT INTO Brand VALUES ( "B4437", "The Sumo Hammer", 0 );
INSERT INTO Brand VALUES ( "B4438", "Starlight", 0 );
INSERT INTO Brand VALUES ( "B4439", "Shinetsu", 0 );
INSERT INTO Brand VALUES ( "B4440", "Child", 0 );
INSERT INTO Brand VALUES ( "B4441", "Enwai Korea", 0 );
INSERT INTO Brand VALUES ( "B4442", "brig", 0 );
INSERT INTO Brand VALUES ( "B4443", "renewal", 0 );
INSERT INTO Brand VALUES ( "B4444", "Changshin", 0 );
INSERT INTO Brand VALUES ( "B4445", "Korea Electric Lighting", 0 );
INSERT INTO Brand VALUES ( "B4446", "Fine Well", 0 );
INSERT INTO Brand VALUES ( "B4447", "Hanshin hammer", 0 );
INSERT INTO Brand VALUES ( "B4448", "Shovel", 0 );


INSERT INTO Category VALUES ( "C1007985", "Industrial Supplies", "light", "Lamp, LED lamp", 0 );
INSERT INTO Category VALUES ( "C1007986", "Industrial Supplies", "light", "Work lights", 0 );
INSERT INTO Category VALUES ( "C1007987", "Industrial Supplies", "light", "Emitter", 0 );
INSERT INTO Category VALUES ( "C1007988", "Industrial Supplies", "Chemicals & Lubricants", "Building sealant", 0 );
INSERT INTO Category VALUES ( "C1007989", "Industrial Supplies", "Chemicals & Lubricants", "Grease", 0 );
INSERT INTO Category VALUES ( "C1007990", "Industrial Supplies", "Chemicals & Lubricants", "Anti-corrosion agent / coating agent", 0 );
INSERT INTO Category VALUES ( "C1007991", "Safety goods", "Leisure goods", "bag", 0 );
INSERT INTO Category VALUES ( "C1007992", "Safety goods", "Leisure goods", "Walking", 0 );
INSERT INTO Category VALUES ( "C1007993", "Safety goods", "Leisure goods", "Camping supplies", 0 );
INSERT INTO Category VALUES ( "C1007994", "Safety goods", "Safety", "Winterization", 0 );
INSERT INTO Category VALUES ( "C1007995", "Safety goods", "Safety", "Safety accessories", 0 );
INSERT INTO Category VALUES ( "C1007996", "Safety goods", "Safety", "Rainboots", 0 );
INSERT INTO Category VALUES ( "C1007997", "Hardware, gardening, office supplies", "Life, cleaning supplies", "battery", 0 );
INSERT INTO Category VALUES ( "C1007998", "Hardware, gardening, office supplies", "Life, cleaning supplies", "Transient, esophagus, kitchen scissors", 0 );
INSERT INTO Category VALUES ( "C1007999", "Hardware, gardening, office supplies", "Life, cleaning supplies", "Household goods", 0 );
INSERT INTO Category VALUES ( "C1008000", "Hardware, gardening, office supplies", "Hardware", "Sickle, pickaxe, shovel", 0 );
INSERT INTO Category VALUES ( "C1008001", "Hardware, gardening, office supplies", "Hardware", "Door locks, hinges, door closure", 0 );
INSERT INTO Category VALUES ( "C1008002", "Hardware, gardening, office supplies", "Hardware", "Hammer, Paru", 0 );


INSERT INTO Customer VALUES ( "Mac7", "Cwisxjpo1970", "Iszzfshdv, Zleocjeohkd708", "010-728-1067", "M", "Vbgicsaqdggksreg P Macgb", 36, "Gwhmjvgbxycxrcpeg", "Nomal" );
INSERT INTO Customer VALUES ( "Tynqyzhhzktuuqy3", "Ijvdpg9198", "Emvrugfjfowpskasv, Yduipuggootohdkp269", "010-522-768", "M", "Bhtodsnunjyttcyy I Siaiejr", 83, "Oczjivgyhzvlwo", "Retailer" );
INSERT INTO Customer VALUES ( "Vsqdglysmtcwcd17", "Dnrqiqylwpztjcg2022", "Xrbpfwm, Qwwx962", "010-906-1003", "M", "Tpshxfatq S Tnfbd", 68, "Qdbxnrax", "Wholesaler" );
INSERT INTO Customer VALUES ( "Jbqshs13", "Clvyhlmryme704", "Tlsodrhah, Sansiyf766", "010-465-598", "M", "Bfanwrw X Iavjljzqqt", 61, "Sfmwhixd", "Wholesaler" );
INSERT INTO Customer VALUES ( "Wiiyzyhuacopppiqe5", "Jgaoqbb8334", "Yabe, Ngwferytjlpxodvk134", "010-148-387", "M", "Ahlu N Wudfwlivdsgltle", 61, "Nwwqjxr", "Wholesaler" );
INSERT INTO Customer VALUES ( "Kouuhrv13", "Ppivjf7562", "Ijhnpvvygx, Fmrdmx838", "010-206-822", "W", "Cpepyniygzyxf C Furuizqbbmq", 35, "Mpqagbxnbyipyxby", "Retailer" );
INSERT INTO Customer VALUES ( "Szqxvj17", "Lujasfmgiyp201", "Wmxnjegaz, Suzbfmvcpuvmgh382", "010-1092-1039", "W", "Ukrktyzdjgagbvc C Qntixglsjwi", 40, "Jegnvlsrnwamn", "Nomal" );
INSERT INTO Customer VALUES ( "Jfdbhftrjji14", "Vjpawynk6264", "Lgkmtbwveudf, Ektbbllyhrqpvcyj798", "010-142-652", "M", "Nvwhchcrezap C Pxa", 61, "Cskzzzkpiabqegg", "Wholesaler" );
INSERT INTO Customer VALUES ( "Xxkwlhzefdbre8", "Pjcvnowip5784", "Jzkqfpuswstsgfsv, Lxohfjdxxbbhh627", "010-898-640", "W", "Pyglinrstmajtcke U Hqnvywaekwx", 29, "Dfuclk", "Wholesaler" );
INSERT INTO Customer VALUES ( "Wfstgqteyszo16", "Xpayjhqwqddzbdn9609", "Tornsookzxkh, Huutuubsxtzvf1082", "010-335-716", "W", "Aplxt C Drrczarwkrbyni", 60, "Tutvcc", "Wholesaler" );
INSERT INTO Customer VALUES ( "Ezlmbovatbnuchnq4", "Eidgyxjzrfzh728", "Yweypxbewr, Idaman283", "010-1035-238", "M", "Fyptsovkci S Rejsimeb", 13, "Phntay", "Retailer" );
INSERT INTO Customer VALUES ( "Mownccqhzs17", "Gnkyxyausxy7139", "Joevyx, Ezmf767", "010-540-800", "M", "Cgvdnuzpjkvttf W Ptfbaosuy", 95, "Wkmjstwcuapu", "Wholesaler" );
INSERT INTO Customer VALUES ( "Soiclcjgibsf4", "Wjmue717", "Nukxzncwyad, Hkir652", "010-840-1012", "M", "Faipq Z Yzdfyvuty", 68, "Sqarurxjwfmlf", "Retailer" );
INSERT INTO Customer VALUES ( "Dol7", "Blvcdyzhqncp3338", "Nsscqfyyzjfyipg, Knk313", "010-764-957", "W", "Pyofpaymszgwkiyr K Dgdk", 54, "Jbltgrofpp", "Nomal" );
INSERT INTO Customer VALUES ( "Niqrzzvyrhie4", "Qwi1698", "Oogy, Krpjamwtiiapx194", "010-372-518", "W", "Yrsrlseeeecp M Seyakafmauphkeb", 66, "Oewtsvgdbva", "Retailer" );
INSERT INTO Customer VALUES ( "Lrpeduixhyckibppv3", "Kmx6292", "Ppkqqrkrwvhk, Gcswpmhzv567", "010-671-644", "M", "Aeriwojiynfkec Z Oktx", 64, "Qfekezb", "Wholesaler" );
INSERT INTO Customer VALUES ( "Eebzovwlswvkz12", "Edh5370", "Ghwt, Fjsxgnfpkcbzmrfgo132", "010-834-842", "M", "Urhfcz R Qlxocbtctoza", 44, "Qmsa", "Wholesaler" );
INSERT INTO Customer VALUES ( "Kvhfssevwuwvguwtr3", "Jejbixrncjnniy5339", "Eqmewmflz, Inaekcmvvktezxq739", "010-823-110", "M", "Ihctlksqnybgry Q Nmnkgvqzkczbye", 49, "Zeatbuh", "Retailer" );
INSERT INTO Customer VALUES ( "Nwghilyudzaihfb4", "Euwntkbmnekrjvewx2310", "Vchqfbufslnyiuubd, Fmyuryfneqkiafb194", "010-658-221", "W", "Mkwjphlecrgmotzh E Obktmfddtovo", 12, "Yqqrnykdhd", "Wholesaler" );
INSERT INTO Customer VALUES ( "Jzoyqydokjmqwf17", "Zxkjnw7660", "Ukgxhwucghrgxys, Petwe367", "010-1019-105", "M", "Blhoxpmthby C Sdpfslsw", 53, "Faf", "Nomal" );
INSERT INTO Customer VALUES ( "Hriohpdg17", "Jvtupvaz7711", "Wipt, Ddppulkbaqtggogp800", "010-663-1077", "M", "Fujlzdh H Tiy", 55, "Vmsbbtpgdei", "Wholesaler" );
INSERT INTO Customer VALUES ( "Mqyaqwioyx10", "Ufujx2183", "Dooacsv, Famkcfr574", "010-957-791", "W", "Vtgtthjomauyng Y Kimgllgufm", 58, "Jfwxbocqnr", "Nomal" );
INSERT INTO Customer VALUES ( "Oxplperwjddaorxj5", "Orfzvzyjfvnkutdc2494", "Kosmbvl, Awkstgktokxksirrw724", "010-670-255", "W", "Tnzrvwzthpzgxmjem T Mcmidjig", 70, "Stzykmmulgbs", "Wholesaler" );
INSERT INTO Customer VALUES ( "Bnfbkbqrzasfoqo9", "Mstmicoqwgugaz9948", "Wxgkrvsbmvmb, Otaybwi678", "010-984-765", "M", "Feeczicafg W Lkzcsvelgnv", 52, "Hlyyplsgrdioext", "Retailer" );
INSERT INTO Customer VALUES ( "Meazeuu14", "Lrtlpjtn9876", "Gcsdwignpisvh, Yxbsovpyyfaca447", "010-449-556", "M", "Nuzhmay J Mnrpatxvtnrx", 32, "Rsqpovmqyhdjwqvfq", "Nomal" );
INSERT INTO Customer VALUES ( "Reg13", "Zeacwhxtduraw2526", "Mzelfz, Krmrdrtkqlblapgl1018", "010-867-745", "W", "Kiucckluytegotwqp B Jnjgx", 26, "Nhtynziyqehgk", "Retailer" );
INSERT INTO Customer VALUES ( "Sgihpvztapmhqsmp10", "Nlxcvamhflftudke7208", "Ubp, Umpavenlfl560", "010-308-144", "W", "Xgstrmsv Q Xrdfizp", 49, "Mdodwikep", "Wholesaler" );
INSERT INTO Customer VALUES ( "Wuopnsbrirooiyey15", "Tjvulyucnvzixt3125", "Thyyo, Dnamtsdpeyx733", "010-396-137", "W", "Mzarsdsyxa R Nusejavlga", 1, "Rxjpukxq", "Wholesaler" );
INSERT INTO Customer VALUES ( "Qwexmjuih9", "Dlldidg1246", "Wysxen, Jqd724", "010-500-202", "W", "Omre G Kpo", 68, "Tzrpjefvvdqvfp", "Nomal" );
INSERT INTO Customer VALUES ( "Epumzsfsgozqlvlx9", "Xosavcyut1044", "Mznyxgmnxg, Hno250", "010-963-739", "M", "Flwyfialn B Ynldjy", 12, "Alaathqmxmlga", "Nomal" );
INSERT INTO Customer VALUES ( "Lhnqsnwhhaa10", "Sbbv4311", "Sskchmwzexr, Lvyufatglitftnt630", "010-857-878", "M", "Pnzicniyvavpdjvfy V Vrfbaqotpzftvnnmx", 67, "Dfzufbu", "Retailer" );
INSERT INTO Customer VALUES ( "Iufcmijkdmh16", "Clbljfbkozbrr5386", "Dsjiywbyvzuwve, Yrcxzks990", "010-1052-685", "W", "Mmanbtkwupchrfsp P Ivefapydgrhlm", 74, "Pywlccf", "Wholesaler" );
INSERT INTO Customer VALUES ( "Erwbluwbovwydr9", "Skwkfwkwyfntvvtb9539", "Vupxvz, Qdfsfhxasicmzjvw849", "010-442-945", "M", "Ourwiw F Paq", 35, "Hivct", "Wholesaler" );
INSERT INTO Customer VALUES ( "Bgolawv5", "Jzspnfnuicpl1475", "Bczhrwlbtogifqw, Ohfwhonmoaimrng480", "010-1068-903", "W", "Zbo H Kbktab", 38, "Rfsfdwvmpdalr", "Retailer" );
INSERT INTO Customer VALUES ( "Drqyljbvzt15", "Flrtjihy1732", "Khcjaorutlzqdbjhr, Uvjqtydbi576", "010-448-567", "W", "Kvxainezwdhz F Ufedpso", 83, "Jjjsneyvscsavowwz", "Wholesaler" );
INSERT INTO Customer VALUES ( "Fkxba5", "Vynupftjgaf9918", "Koexlarpbwzbzsohi, Xwnswponkbvsey104", "010-635-748", "W", "Wzhyctykmiueiqcwd R Auevsptipk", 76, "Djrdeuirzwwjle", "Retailer" );
INSERT INTO Customer VALUES ( "Axhimc8", "Iopdqqxcpyxnh6853", "Etzhrxmrlbqqtatw, Hkny924", "010-170-929", "W", "Ksehi V Silhxpcqqjhulre", 69, "Zgosortg", "Retailer" );
INSERT INTO Customer VALUES ( "Cyqoknuhdnmokm15", "Qoprkrlntqsgcnbw1213", "Kdbbuhrgakj, Gonixxifiokuugvu919", "010-437-293", "W", "Amnxmqjrhtwrm S Lvvl", 18, "Enkukkmhmyaphhr", "Wholesaler" );
INSERT INTO Customer VALUES ( "Yamjrnhdiwmwkzi14", "Uepttkrgxzsipmuxj6950", "Ewwgzlutbxdesfw, Xqzxvolhmmwk128", "010-932-467", "M", "Cvk Q Qggrjgppuvkyd", 24, "Whaqsrsdckbxugt", "Retailer" );
INSERT INTO Customer VALUES ( "Rmojdvjxmlwex13", "Fkhvqkotvlwhkloz1924", "Hmzmoynffjubtizfl, Suwltfwqfdnzaco355", "010-1031-574", "W", "Rbtcz R Sfmpgvdfrmd", 98, "Mzraaecdkqalogm", "Wholesaler" );
INSERT INTO Customer VALUES ( "Mksxuq12", "Fazidgup2471", "Fynbqtionbsqsqj, Vpceonlvcna1096", "010-1068-255", "W", "Wnbe V Gkuwuzb", 86, "Waxghkfcetnlfkwnh", "Nomal" );
INSERT INTO Customer VALUES ( "Dczc5", "Wjbcfnsnonsvd4337", "Tgszuiuop, Jubcwjpp945", "010-129-674", "M", "Okikq J Lthkfpdwlc", 24, "Srsoauzpxnseuptyh", "Retailer" );
INSERT INTO Customer VALUES ( "Ryykdio9", "Krlazljdjaap9658", "Sbccsmvjagzaukn, Yiijgbtcprkssy993", "010-1051-119", "W", "Dvascaujqxus A Cwnmzcvzcl", 43, "Fkqmsjjrgq", "Retailer" );
INSERT INTO Customer VALUES ( "Lernjylxesvccej10", "Yruqnv2682", "Hmdnzm, Lnlysscukrpwo444", "010-272-131", "M", "Zdbnatjfmuiybpzdi G Zwypmahua", 56, "Dwskrp", "Nomal" );
INSERT INTO Customer VALUES ( "Rfydfgkz9", "Scinunbmawyrte1607", "Rzdezbilovihkoe, Meqwfyypifncp708", "010-894-949", "W", "Wbgpmosagtzicn W Uzkrafugdfnl", 69, "Zhj", "Retailer" );
INSERT INTO Customer VALUES ( "Zqynidc16", "Upzpjp6786", "Nusonamwhm, Tholciujcciqsyz108", "010-521-466", "W", "Nqaapscjver M Fddjhyolcbgf", 17, "Jztod", "Wholesaler" );
INSERT INTO Customer VALUES ( "Ixyavfkrpypcsdqsi15", "Qqercgarm2416", "Gdxlvvuftyg, Ilrutgwij203", "010-701-952", "W", "Wafcgc O Lcmeuwofemcypqy", 17, "Xfqm", "Nomal" );
INSERT INTO Customer VALUES ( "Samzliuprleuzhk7", "Hesrw3638", "Ujfvwbuoeil, Yjrojo969", "010-237-543", "M", "Zywxzhdsrkqncf Z Zvolgxyah", 10, "Ubcshuyypiqev", "Nomal" );
INSERT INTO Customer VALUES ( "Dvmkkhencazltjla7", "Mncwasylergi5823", "Pdlfi, Udeedbqizke398", "010-1071-319", "W", "Aicekjquylbaen A Ldu", 63, "Oawoylx", "Retailer" );
INSERT INTO Customer VALUES ( "Rqatbocmysdolghtc7", "Hxsbh4617", "Ujxmahvm, Ozneod441", "010-423-332", "M", "Pqiph V Ieigdvebfcfg", 64, "Ztdlvjsaqevnurym", "Nomal" );
INSERT INTO Customer VALUES ( "Tog9", "Kwsx1127", "Dlwcnjbzpfshmk, Cbftwwbdqlom126", "010-527-1052", "M", "Psmzlqkhke S Rtyvlatlozsvqib", 64, "Yhrwd", "Nomal" );
INSERT INTO Customer VALUES ( "Tdmcqutqmj9", "Zloykxeaogc5341", "Hkwo, Ldtwjbdeof255", "010-255-632", "W", "Izim I Weiyvcvbyhgzncfit", 94, "Qsjitnsrrq", "Nomal" );
INSERT INTO Customer VALUES ( "Ocz13", "Jtl5328", "Hia, Akgjmyuel744", "010-165-499", "W", "Xtwuopawthaiiefg P Zphv", 34, "Tmlmkmjhfa", "Wholesaler" );
INSERT INTO Customer VALUES ( "Xcegzaraqg5", "Ochttmflq1834", "Ejludmpfe, Yeorwcxzpr443", "010-904-210", "W", "Fannpesj N Ijqihiqmsklxgpd", 30, "Okfdfvswlowsstd", "Retailer" );
INSERT INTO Customer VALUES ( "Llefuhxnxgoudmswi10", "Uhgfbgjgldgxje3804", "Psuycrbbvlhc, Yyacdgxvfyo531", "010-253-398", "M", "Wfpuafiumqlkqmns K Motwdmeystsmtcs", 37, "Piflbuozqbs", "Nomal" );
INSERT INTO Customer VALUES ( "Iobnhfjbslwr10", "Ekaopqfllk1458", "Qlinyszzp, Bahnmkidwkrk762", "010-408-480", "M", "Wbzhlxn N Tcn", 15, "Hgudrutiknjdebsjg", "Wholesaler" );
INSERT INTO Customer VALUES ( "Ojguy10", "Nmdahdonpwracevjf2797", "Vhbnl, Khjtyiohabmn1025", "010-498-174", "W", "Fdteiehas N Agoutqkfuyoeimq", 11, "Kzslc", "Retailer" );
INSERT INTO Customer VALUES ( "Xwb10", "Lvyeyhf8549", "Zgin, Wgjj642", "010-185-725", "W", "Ecglwgbwkxxwo B Fqjzbmirlatunzrz", 21, "Miygbbdjcdubfalno", "Retailer" );
INSERT INTO Customer VALUES ( "Euqniycisxm4", "Fgnzjvhec8691", "Cyddqfcgkq, Mwbxvxtfewivapikt825", "010-1098-720", "M", "Dkgfvsh L Tzfzlbu", 27, "Ozouxcop", "Wholesaler" );
INSERT INTO Customer VALUES ( "Smkoslrnf5", "Zugmxiliyyttuzm3621", "Yazrn, Eekxshx210", "010-155-236", "W", "Ctkenc K Cawyhrvsuqmnnxge", 34, "Dkxzagohngxakcxpd", "Retailer" );


INSERT INTO Shipper VALUES ( "SH529", "Mustang Express", 1, 2000 );
INSERT INTO Shipper VALUES ( "SH530", "gate box", 2, 3000 );
INSERT INTO Shipper VALUES ( "SH531", "yellow coif", 7, 5000 );


INSERT INTO Item VALUES ( "W864-5313", "bag", "CRUSH 32", 0, "joe", 1, 5, 128000, "B4411", "C1007991" );
INSERT INTO Item VALUES ( "W864-9595", "bag", "Lewis Hippos 4", 0, "EA", 1, 4, 29000, "B4440", "C1007991" );
INSERT INTO Item VALUES ( "W843-8704", "bag", "Line 30", 0, "EA", 1, 3, 145000, "B4428", "C1007991" );
INSERT INTO Item VALUES ( "W848-9197", "backpack", "Holly backpack (public) 25L Green", 0, "EA", 1, 5, 68000, "B4424", "C1007991" );
INSERT INTO Item VALUES ( "W846-5753", "Walking", "Light Cool Public", 0, "joe", 1, 3, 189000, "B4411", "C1007992" );
INSERT INTO Item VALUES ( "W833-0439", "Walking", "Leah (250) Black", 0, "joe", 1, 5, 99000, "B4411", "C1007992" );
INSERT INTO Item VALUES ( "W864-8541", "Walking", "Illinois (280) Black", 0, "joe", 1, 7, 209000, "B4411", "C1007992" );
INSERT INTO Item VALUES ( "W864-9993", "Walking", "Bordeaux for men (275) Brown", 0, "joe", 1, 10, 199000, "B4440", "C1007992" );
INSERT INTO Item VALUES ( "W843-9961", "mat", "2 square mattress (FREE) Khaki", 0, "joe", 1, 7, 36000, "B4411", "C1007993" );
INSERT INTO Item VALUES ( "W864-5456", "sleeping bag", "Ball padded sleeping bag (FREE) NAVY", 0, "EA", 1, 8, 119000, "B4411", "C1007993" );
INSERT INTO Item VALUES ( "W864-5304", "tent", "Non-nested double", 0, "EA", 1, 8, 189000, "B4411", "C1007993" );
INSERT INTO Item VALUES ( "W864-8897", "tent", "Caties 2IN1 Beige", 0, "EA", 1, 10, 159000, "B4440", "C1007993" );
INSERT INTO Item VALUES ( "W864-4697", "Chinese boots", "260", 0, "joe", 1, 12, 33900, "B4420", "C1007994" );
INSERT INTO Item VALUES ( "W899-2442", "Fashion Boots", "265 brown / male", 0, "joe", 1, 8, 16200, "B4446", "C1007994" );
INSERT INTO Item VALUES ( "W849-9635", "Winterization", "K2-51 (260) Black", 0, "joe", 1, 65, 84000, "B4410", "C1007994" );
INSERT INTO Item VALUES ( "W850-4788", "Winter boots", "# 81 (250) Black / Male - Peninsula Type", 0, "joe", 1, 35, 14400, "B4446", "C1007994" );
INSERT INTO Item VALUES ( "W847-4821", "Safety fire", "Brown", 0, "joe", 50, 41, 610, "B4410", "C1007995" );
INSERT INTO Item VALUES ( "W845-0900", "Insole for safety", "265", 0, "", 10, 48, 1520, "B4425", "C1007995" );
INSERT INTO Item VALUES ( "W863-0250", "Air insole", "260", 0, "", 10, 32, 1390, "B4415", "C1007995" );
INSERT INTO Item VALUES ( "W863-0278", "Air insole", "270", 0, "", 10, 45, 1390, "B4415", "C1007995" );
INSERT INTO Item VALUES ( "W113-8133", "Fashion boots", "SRB-01 (270)", 0, "joe", 1, 8, 7420, "B4417", "C1007996" );
INSERT INTO Item VALUES ( "W888-1818", "Fashion boots", "Shinto (General Type) 270", 0, "joe", 1, 6, 10700, "B4417", "C1007996" );
INSERT INTO Item VALUES ( "W850-0029", "Yodo Stable Boots", "270", 0, "joe", 1, 4, 32200, "B4420", "C1007996" );
INSERT INTO Item VALUES ( "W846-2808", "Yodo Stable Boots", "(PS-01) 265", 0, "joe", 1, 5, 29600, "B4430", "C1007996" );
INSERT INTO Item VALUES ( "W879-0303", "Incandescent bulb", "300W transparent light", 0, "EA", 20, 7, 2240, "B4412", "C1007985" );
INSERT INTO Item VALUES ( "W879-0011", "Fluorescent lamp", "High frequency (1st grade) 32EX-D", 0, "EA", 25, 70, 2050, "B4412", "C1007985" );
INSERT INTO Item VALUES ( "W113-7921", "LED lighting fixtures", "SM-LF30W (Daylight / 30W) - Date light", 0, "EA", 1, 48, 9800, "B4413", "C1007985" );
INSERT INTO Item VALUES ( "W113-7949", "LED bulb", "SM-LP8W (Daylight / 8W)", 0, "EA", 1, 97, 2800, "B4413", "C1007985" );
INSERT INTO Item VALUES ( "W140-1862", "Working lights-LED", "KE-15 (Rechargeable)", 0, "EA", 1, 88, 76000, "B4445", "C1007986" );
INSERT INTO Item VALUES ( "W105-3373", "Bellows, etc.", "SHT-WK0603 (LED-magnet type)", 0, "EA", 1, 25, 23000, "B4416", "C1007986" );
INSERT INTO Item VALUES ( "W875-7238", "Rechargeable work lights", "SL601-9L", 0, "EA", 1, 100, 25500, "B4431", "C1007986" );
INSERT INTO Item VALUES ( "W102-4584", "A general lantern", "SML-302-2L (LED)", 0, "EA", 1, 74, 7200, "B4414", "C1007986" );
INSERT INTO Item VALUES ( "W879-4017", "Slip emitter", "SF-50FLS (= DI-SY-LED50W alternative)", 0, "EA", 1, 21, 42900, "B4438", "C1007987" );
INSERT INTO Item VALUES ( "W144-4371", "Floodlight-LED", "BS-WTL 20-2 (= BS-WNL 20-2)", 0, "EA", 1, 16, 93700, "B4441", "C1007987" );
INSERT INTO Item VALUES ( "W144-3123", "LED Floodlight (Rechargeable)", "BS-HCL20", 0, "EA", 1, 5, 67900, "B4441", "C1007987" );
INSERT INTO Item VALUES ( "W879-3841", "LED electronic signal bar", "40x260mm", 0, "EA", 1, 37, 5850, "B4412", "C1007987" );
INSERT INTO Item VALUES ( "W868-0559", "silicon", "909S Gray 270ml", 0, "EA", 25, 25, 2440, "B4423", "C1007988" );
INSERT INTO Item VALUES ( "W868-0699", "silicon", "OS transparent 270ml", 0, "EA", 25, 45, 2410, "B4439", "C1007988" );
INSERT INTO Item VALUES ( "W868-0680", "silicon", "OS Gray 270ml", 0, "EA", 25, 59, 2150, "B4439", "C1007988" );
INSERT INTO Item VALUES ( "W868-0945", "silicon", "OS translucent 270ml", 0, "EA", 25, 63, 2410, "B4439", "C1007988" );
INSERT INTO Item VALUES ( "W828-0019", "Grease (high temperature)", "1LB (400G) # 41160", 0, "EA", 1, 72, 18300, "B4432", "C1007989" );
INSERT INTO Item VALUES ( "W828-0064", "Grease (tube)", "85G (21030)", 0, "EA", 1, 81, 7310, "B4432", "C1007989" );
INSERT INTO Item VALUES ( "W818-2911", "Root water grease", "MG-610 420ml", 0, "EA", 1, 95, 2890, "B4418", "C1007989" );
INSERT INTO Item VALUES ( "W818-0542", "Grease (liquid)", "G-LUB 10M 420ml", 0, "EA", 1, 107, 11200, "B4418", "C1007989" );
INSERT INTO Item VALUES ( "W819-0026", "Spray (lacquer)", "silver", 0, "EA", 40, 56, 1690, "B4422", "C1007990" );
INSERT INTO Item VALUES ( "W819-0035", "Spray (lacquer)", "Red", 0, "EA", 40, 39, 1690, "B4422", "C1007990" );
INSERT INTO Item VALUES ( "W820-0475", "Spray (lacquer)", "Rusty", 0, "EA", 40, 28, 2450, "B4443", "C1007990" );
INSERT INTO Item VALUES ( "W820-0022", "Spray (lacquer)", "silver", 0, "EA", 40, 29, 1860, "B4443", "C1007990" );
INSERT INTO Item VALUES ( "C132-1061", "Stick", "HS-MS503", 0, "EA", 10, 100, 7260, "B4448", "C1008000" );
INSERT INTO Item VALUES ( "C132-1070", "Each", "HS-GS501", 0, "EA", 10, 6, 7260, "B4448", "C1008000" );
INSERT INTO Item VALUES ( "C132-2848", "sickle", "HS-CSS301 (Chosun Sang)", 0, "EA", 10, 7, 4440, "B4447", "C1008000" );
INSERT INTO Item VALUES ( "C270-2661", "sickle", "S-18", 0, "EA", 10, 0, 4730, "B4426", "C1008000" );
INSERT INTO Item VALUES ( "C177-1406", "Each quarter", "SM-AS1524 (Soso)", 0, "EA", 300, 13, 110, "B4434", "C1008001" );
INSERT INTO Item VALUES ( "C177-1424", "Each quarter", "SM-AS3024 (Of)", 0, "EA", 200, 25, 180, "B4434", "C1008001" );
INSERT INTO Item VALUES ( "C177-0805", "Angular iron (stainless steel)", "Soso (15 * 24)", 0, "EA", 300, 64, 120, "B4419", "C1008001" );
INSERT INTO Item VALUES ( "C166-0915", "Door pedestal (horseshoe)", "DHS-101 (Small)", 0, "EA", 30, 37, 1580, "B4421", "C1008001" );
INSERT INTO Item VALUES ( "C100-2102", "Cold hammer", "Cold hammer", 0, "EA", 1, 12, 6570, "B4442", "C1008002" );
INSERT INTO Item VALUES ( "C131-0092", "Welding hammer (versatile)", "versus", 0, "EA", 1, 5, 12400, "B4442", "C1008002" );
INSERT INTO Item VALUES ( "C100-2111", "Misunderstanding (fiber)", "3LBS", 0, "EA", 1, 6, 8720, "B4437", "C1008002" );
INSERT INTO Item VALUES ( "C100-1811", "Ball hammer", "4OZ", 0, "EA", 1, 3, 3610, "B4437", "C1008002" );
INSERT INTO Item VALUES ( "C142-0034", "Battery (alkaline)", "LR6 (AA) (1 plate = 2EA)", 0, "Edition", 20, 6, 1000, "B4427", "C1007997" );
INSERT INTO Item VALUES ( "C142-0016", "Battery (alkaline)", "LR03 (AAA) (1 plate = 2EA)", 0, "Edition", 20, 6, 1000, "B4427", "C1007997" );
INSERT INTO Item VALUES ( "C401-0111", "Battery (alkaline)", "LR03 (AAA) (1 plate = 2EA)", 0, "Edition", 30, 23, 650, "B4429", "C1007997" );
INSERT INTO Item VALUES ( "C401-0148", "Battery (manganese)", "R20 (D) (1 plate = 2EA)", 0, "edition", 12, 35, 1100, "B4429", "C1007997" );
INSERT INTO Item VALUES ( "C101-5601", "Cutting scissors", "SM-260 GOLD", 0, "EA", 1, 28, 16000, "B4435", "C1007998" );
INSERT INTO Item VALUES ( "C101-5610", "Cutting scissors", "SM-280 GOLD", 0, "EA", 1, 19, 20000, "B4435", "C1007998" );
INSERT INTO Item VALUES ( "C100-4119", "Scissors (office)", "SM-OS8", 0, "EA", 10, 53, 2520, "B4433", "C1007998" );
INSERT INTO Item VALUES ( "C100-4128", "Scissors", "SM-OS9", 0, "EA", 10, 72, 2670, "B4433", "C1007998" );
INSERT INTO Item VALUES ( "C102-3071", "Paper cup", "1000PCS", 0, "BOX", 1, 13, 16800, "B4436", "C1007999" );
INSERT INTO Item VALUES ( "C171-5516", "Smart hanger", "Slim 3P", 0, "SET", 1, 26, 4770, "B4444", "C1007999" );
INSERT INTO Item VALUES ( "C171-5589", "Wave Bathroom Supplies", "chair", 0, "EA", 1, 28, 6670, "B4444", "C1007999" );
INSERT INTO Item VALUES ( "C171-6065", "Flip strong absorption", "Multi-purpose hook", 0, "SET", 1, 22, 3600, "B4444", "C1007999" );


INSERT INTO ShoppingBasket VALUES ( "Gfr1017100", 0, "Mac7" );
INSERT INTO ShoppingBasket VALUES ( "Jvzr1017107", 0, "Tynqyzhhzktuuqy3" );
INSERT INTO ShoppingBasket VALUES ( "Hilc1017114", 0, "Vsqdglysmtcwcd17" );
INSERT INTO ShoppingBasket VALUES ( "Bm1017121", 0, "Jbqshs13" );
INSERT INTO ShoppingBasket VALUES ( "Orywa1017128", 0, "Wiiyzyhuacopppiqe5" );
INSERT INTO ShoppingBasket VALUES ( "Rdy1017135", 0, "Kouuhrv13" );
INSERT INTO ShoppingBasket VALUES ( "Asye1017142", 0, "Szqxvj17" );
INSERT INTO ShoppingBasket VALUES ( "Zconr1017149", 0, "Jfdbhftrjji14" );
INSERT INTO ShoppingBasket VALUES ( "Wtjg1017156", 0, "Xxkwlhzefdbre8" );
INSERT INTO ShoppingBasket VALUES ( "Qaen1017163", 0, "Wfstgqteyszo16" );
INSERT INTO ShoppingBasket VALUES ( "Lemi1017170", 0, "Ezlmbovatbnuchnq4" );
INSERT INTO ShoppingBasket VALUES ( "Gtfhfa1017177", 0, "Mownccqhzs17" );
INSERT INTO ShoppingBasket VALUES ( "Iqgte1017184", 0, "Soiclcjgibsf4" );
INSERT INTO ShoppingBasket VALUES ( "Di1017191", 0, "Dol7" );
INSERT INTO ShoppingBasket VALUES ( "Ex1017198", 0, "Niqrzzvyrhie4" );
INSERT INTO ShoppingBasket VALUES ( "Kcytpv1017205", 0, "Lrpeduixhyckibppv3" );
INSERT INTO ShoppingBasket VALUES ( "Gj1017212", 0, "Eebzovwlswvkz12" );
INSERT INTO ShoppingBasket VALUES ( "Lzob1017219", 0, "Kvhfssevwuwvguwtr3" );
INSERT INTO ShoppingBasket VALUES ( "Zompmm1017226", 0, "Nwghilyudzaihfb4" );
INSERT INTO ShoppingBasket VALUES ( "Hempzo1017233", 0, "Jzoyqydokjmqwf17" );
INSERT INTO ShoppingBasket VALUES ( "Fpoj1017240", 0, "Hriohpdg17" );
INSERT INTO ShoppingBasket VALUES ( "Jcahkc1017247", 0, "Mqyaqwioyx10" );
INSERT INTO ShoppingBasket VALUES ( "Mj1017254", 0, "Oxplperwjddaorxj5" );
INSERT INTO ShoppingBasket VALUES ( "Bfu1017261", 0, "Bnfbkbqrzasfoqo9" );
INSERT INTO ShoppingBasket VALUES ( "Klxi1017268", 0, "Meazeuu14" );
INSERT INTO ShoppingBasket VALUES ( "Pmbcb1017275", 0, "Reg13" );
INSERT INTO ShoppingBasket VALUES ( "Ik1017282", 0, "Sgihpvztapmhqsmp10" );
INSERT INTO ShoppingBasket VALUES ( "Eciwtn1017289", 0, "Wuopnsbrirooiyey15" );
INSERT INTO ShoppingBasket VALUES ( "Aux1017296", 0, "Qwexmjuih9" );
INSERT INTO ShoppingBasket VALUES ( "Ns1017303", 0, "Epumzsfsgozqlvlx9" );
INSERT INTO ShoppingBasket VALUES ( "Wjep1017310", 0, "Lhnqsnwhhaa10" );
INSERT INTO ShoppingBasket VALUES ( "Ymet1017317", 0, "Iufcmijkdmh16" );
INSERT INTO ShoppingBasket VALUES ( "Xk1017324", 0, "Erwbluwbovwydr9" );
INSERT INTO ShoppingBasket VALUES ( "Nxqeg1017331", 0, "Bgolawv5" );
INSERT INTO ShoppingBasket VALUES ( "Tumw1017338", 0, "Drqyljbvzt15" );
INSERT INTO ShoppingBasket VALUES ( "Grjmx1017345", 0, "Fkxba5" );
INSERT INTO ShoppingBasket VALUES ( "Npqhgv1017352", 0, "Axhimc8" );
INSERT INTO ShoppingBasket VALUES ( "Pky1017359", 0, "Cyqoknuhdnmokm15" );
INSERT INTO ShoppingBasket VALUES ( "Ycplqo1017366", 0, "Yamjrnhdiwmwkzi14" );
INSERT INTO ShoppingBasket VALUES ( "Flrlaz1017373", 0, "Rmojdvjxmlwex13" );
INSERT INTO ShoppingBasket VALUES ( "Kzrbn1017380", 0, "Mksxuq12" );
INSERT INTO ShoppingBasket VALUES ( "Oul1017387", 0, "Dczc5" );
INSERT INTO ShoppingBasket VALUES ( "Tq1017394", 0, "Ryykdio9" );
INSERT INTO ShoppingBasket VALUES ( "Gq1017401", 0, "Lernjylxesvccej10" );
INSERT INTO ShoppingBasket VALUES ( "Djfbl1017408", 0, "Rfydfgkz9" );
INSERT INTO ShoppingBasket VALUES ( "Ztsjlf1017415", 0, "Zqynidc16" );
INSERT INTO ShoppingBasket VALUES ( "Nihptt1017422", 0, "Ixyavfkrpypcsdqsi15" );
INSERT INTO ShoppingBasket VALUES ( "Qyx1017429", 0, "Samzliuprleuzhk7" );
INSERT INTO ShoppingBasket VALUES ( "Uowiju1017436", 0, "Dvmkkhencazltjla7" );
INSERT INTO ShoppingBasket VALUES ( "Dgmrye1017443", 0, "Rqatbocmysdolghtc7" );
INSERT INTO ShoppingBasket VALUES ( "Vmlnqe1017450", 0, "Tog9" );
INSERT INTO ShoppingBasket VALUES ( "Sy1017457", 0, "Tdmcqutqmj9" );
INSERT INTO ShoppingBasket VALUES ( "Hfxi1017464", 0, "Ocz13" );
INSERT INTO ShoppingBasket VALUES ( "Slk1017471", 0, "Xcegzaraqg5" );
INSERT INTO ShoppingBasket VALUES ( "Ybmraw1017478", 0, "Llefuhxnxgoudmswi10" );
INSERT INTO ShoppingBasket VALUES ( "Hggrd1017485", 0, "Iobnhfjbslwr10" );
INSERT INTO ShoppingBasket VALUES ( "Uv1017492", 0, "Ojguy10" );
INSERT INTO ShoppingBasket VALUES ( "Qpq1017499", 0, "Xwb10" );
INSERT INTO ShoppingBasket VALUES ( "Odh1017506", 0, "Euqniycisxm4" );
INSERT INTO ShoppingBasket VALUES ( "Ypz1017513", 0, "Smkoslrnf5" );


INSERT INTO ShippingLocation VALUES ( "SL395", "Rbzulfdhfyucim", "Wcctz", "Mountains and Islands", "SH531", "Mac7" );
INSERT INTO ShippingLocation VALUES ( "SL396", "Ojwmjgnzx", "Eqpfelcp", "Seoul and Gyeonggi", "SH529", "Tynqyzhhzktuuqy3" );
INSERT INTO ShippingLocation VALUES ( "SL397", "Efezuazwfsl", "Mrnenztahjojdltbo", "Provinces", "SH530", "Vsqdglysmtcwcd17" );
INSERT INTO ShippingLocation VALUES ( "SL398", "Vrwvzezjbgndtn", "Wpfw", "Seoul and Gyeonggi", "SH529", "Jbqshs13" );
INSERT INTO ShippingLocation VALUES ( "SL399", "Rofbyrba", "Uzilavwuie", "Seoul and Gyeonggi", "SH529", "Wiiyzyhuacopppiqe5" );
INSERT INTO ShippingLocation VALUES ( "SL400", "Gfbgxptysk", "Juamnkshayrony", "Mountains and Islands", "SH531", "Kouuhrv13" );
INSERT INTO ShippingLocation VALUES ( "SL401", "Stfwkuztijyi", "Izobqky", "Seoul and Gyeonggi", "SH529", "Szqxvj17" );
INSERT INTO ShippingLocation VALUES ( "SL402", "Gipjxewgaefqvelyx", "Coxkymiwcsdsiqf", "Mountains and Islands", "SH531", "Jfdbhftrjji14" );
INSERT INTO ShippingLocation VALUES ( "SL403", "Wmpfynnutiwhoxp", "Azlmbvlyjf", "Provinces", "SH530", "Xxkwlhzefdbre8" );
INSERT INTO ShippingLocation VALUES ( "SL404", "Ntteie", "Rjzv", "Mountains and Islands", "SH531", "Wfstgqteyszo16" );
INSERT INTO ShippingLocation VALUES ( "SL405", "Qcrfb", "Aesfhez", "Seoul and Gyeonggi", "SH529", "Ezlmbovatbnuchnq4" );
INSERT INTO ShippingLocation VALUES ( "SL406", "Difajqubpaiuew", "Cnsficffmfgsfzcr", "Provinces", "SH530", "Mownccqhzs17" );
INSERT INTO ShippingLocation VALUES ( "SL407", "Elmzjwzix", "Jkeqhrrrltstpftgr", "Mountains and Islands", "SH531", "Soiclcjgibsf4" );
INSERT INTO ShippingLocation VALUES ( "SL408", "Wzdsq", "Igepijek", "Seoul and Gyeonggi", "SH529", "Dol7" );
INSERT INTO ShippingLocation VALUES ( "SL409", "Smhnqwkio", "Lpqqx", "Mountains and Islands", "SH531", "Niqrzzvyrhie4" );
INSERT INTO ShippingLocation VALUES ( "SL410", "Wsuruo", "Kexwxwuwt", "Provinces", "SH530", "Lrpeduixhyckibppv3" );
INSERT INTO ShippingLocation VALUES ( "SL411", "Zrd", "Bilygtyja", "Provinces", "SH530", "Eebzovwlswvkz12" );
INSERT INTO ShippingLocation VALUES ( "SL412", "Rksqzcomqxwv", "Dizaxgznffyiaxq", "Mountains and Islands", "SH531", "Kvhfssevwuwvguwtr3" );
INSERT INTO ShippingLocation VALUES ( "SL413", "Ecwpfxfqftmnsid", "Jvazsabkamcqwac", "Mountains and Islands", "SH531", "Nwghilyudzaihfb4" );
INSERT INTO ShippingLocation VALUES ( "SL414", "Bejdfcahi", "Gcgwggsertjsg", "Seoul and Gyeonggi", "SH529", "Jzoyqydokjmqwf17" );
INSERT INTO ShippingLocation VALUES ( "SL415", "Dhthvwjc", "Clpacbfgzgjhcp", "Mountains and Islands", "SH531", "Hriohpdg17" );
INSERT INTO ShippingLocation VALUES ( "SL416", "Zfdjhfcxtwvdw", "Lgo", "Provinces", "SH530", "Mqyaqwioyx10" );
INSERT INTO ShippingLocation VALUES ( "SL417", "Xmllje", "Auogjcpzwq", "Seoul and Gyeonggi", "SH529", "Oxplperwjddaorxj5" );
INSERT INTO ShippingLocation VALUES ( "SL418", "Pkdnfxwutvui", "Zznnfbibwjyldlliw", "Provinces", "SH530", "Bnfbkbqrzasfoqo9" );
INSERT INTO ShippingLocation VALUES ( "SL419", "Bvtoytke", "Sorxibaoxihzpyd", "Mountains and Islands", "SH531", "Meazeuu14" );
INSERT INTO ShippingLocation VALUES ( "SL420", "Ngaadtfl", "Kuhlgkdudvneqdh", "Mountains and Islands", "SH531", "Reg13" );
INSERT INTO ShippingLocation VALUES ( "SL421", "Cjbrpwaukdqdd", "Nupe", "Mountains and Islands", "SH531", "Sgihpvztapmhqsmp10" );
INSERT INTO ShippingLocation VALUES ( "SL422", "Rlhwbzk", "Gou", "Provinces", "SH530", "Wuopnsbrirooiyey15" );
INSERT INTO ShippingLocation VALUES ( "SL423", "Stoihwdjl", "Qgexk", "Seoul and Gyeonggi", "SH529", "Qwexmjuih9" );
INSERT INTO ShippingLocation VALUES ( "SL424", "Xvzc", "Lwzvyufbbfbid", "Seoul and Gyeonggi", "SH529", "Epumzsfsgozqlvlx9" );
INSERT INTO ShippingLocation VALUES ( "SL425", "Fewk", "Odeuutkqchfazrnd", "Mountains and Islands", "SH531", "Lhnqsnwhhaa10" );
INSERT INTO ShippingLocation VALUES ( "SL426", "Cehhhuimanpw", "Fpzlaubcnsnhcj", "Provinces", "SH530", "Iufcmijkdmh16" );
INSERT INTO ShippingLocation VALUES ( "SL427", "Qnwlgaacuzdlg", "Cxypdoclxikuaazac", "Provinces", "SH530", "Erwbluwbovwydr9" );
INSERT INTO ShippingLocation VALUES ( "SL428", "Rrwruwuudoleezfxl", "Ghesmyyezskjbbq", "Seoul and Gyeonggi", "SH529", "Bgolawv5" );
INSERT INTO ShippingLocation VALUES ( "SL429", "Uks", "Bfmwztihp", "Mountains and Islands", "SH531", "Drqyljbvzt15" );
INSERT INTO ShippingLocation VALUES ( "SL430", "Bxfjwnun", "Mbbimm", "Mountains and Islands", "SH531", "Fkxba5" );
INSERT INTO ShippingLocation VALUES ( "SL431", "Uickddc", "Knaoye", "Provinces", "SH530", "Axhimc8" );
INSERT INTO ShippingLocation VALUES ( "SL432", "Omjpcbc", "Rzjut", "Mountains and Islands", "SH531", "Cyqoknuhdnmokm15" );
INSERT INTO ShippingLocation VALUES ( "SL433", "Twwdrndoljfrb", "Jzqcbrqb", "Seoul and Gyeonggi", "SH529", "Yamjrnhdiwmwkzi14" );
INSERT INTO ShippingLocation VALUES ( "SL434", "Wknuejjsgbgl", "Pilcgdeofiyjljo", "Seoul and Gyeonggi", "SH529", "Rmojdvjxmlwex13" );
INSERT INTO ShippingLocation VALUES ( "SL435", "Llgh", "Pxvbk", "Seoul and Gyeonggi", "SH529", "Mksxuq12" );
INSERT INTO ShippingLocation VALUES ( "SL436", "Jdynm", "Wxupdlvkquk", "Provinces", "SH530", "Dczc5" );
INSERT INTO ShippingLocation VALUES ( "SL437", "Smtzksbjfcejbiskh", "Cuysaheypwnksa", "Mountains and Islands", "SH531", "Ryykdio9" );
INSERT INTO ShippingLocation VALUES ( "SL438", "Xkhhqcz", "Gnyf", "Provinces", "SH530", "Lernjylxesvccej10" );
INSERT INTO ShippingLocation VALUES ( "SL439", "Rmytvxote", "Frdwxqgahgikfvu", "Provinces", "SH530", "Rfydfgkz9" );
INSERT INTO ShippingLocation VALUES ( "SL440", "Wwyisgdjuekkst", "Tfafchahk", "Provinces", "SH530", "Zqynidc16" );
INSERT INTO ShippingLocation VALUES ( "SL441", "Rsbzbe", "Olgvry", "Mountains and Islands", "SH531", "Ixyavfkrpypcsdqsi15" );
INSERT INTO ShippingLocation VALUES ( "SL442", "Rdmoibrvpfqspgk", "Eqhpgrqwenljyou", "Seoul and Gyeonggi", "SH529", "Samzliuprleuzhk7" );
INSERT INTO ShippingLocation VALUES ( "SL443", "Yyvlbuqmkkkm", "Htk", "Mountains and Islands", "SH531", "Dvmkkhencazltjla7" );
INSERT INTO ShippingLocation VALUES ( "SL444", "Xeoqmki", "Owjyxsohjje", "Seoul and Gyeonggi", "SH529", "Rqatbocmysdolghtc7" );
INSERT INTO ShippingLocation VALUES ( "SL445", "Tcnjpg", "Gvdfejagzsudujnsj", "Seoul and Gyeonggi", "SH529", "Tog9" );
INSERT INTO ShippingLocation VALUES ( "SL446", "Vzlclvhrgncfuenlf", "Jczotgg", "Provinces", "SH530", "Tdmcqutqmj9" );
INSERT INTO ShippingLocation VALUES ( "SL447", "Fdml", "Rmtzysaffqnafcgx", "Mountains and Islands", "SH531", "Ocz13" );
INSERT INTO ShippingLocation VALUES ( "SL448", "Ssrjdvxlk", "Qkgwqvfriolub", "Provinces", "SH530", "Xcegzaraqg5" );
INSERT INTO ShippingLocation VALUES ( "SL449", "Hhrktklwkzrntldm", "Accozl", "Seoul and Gyeonggi", "SH529", "Llefuhxnxgoudmswi10" );
INSERT INTO ShippingLocation VALUES ( "SL450", "Jco", "Mhlzp", "Mountains and Islands", "SH531", "Iobnhfjbslwr10" );
INSERT INTO ShippingLocation VALUES ( "SL451", "Lobzxnyo", "Evadwrxwfyr", "Provinces", "SH530", "Ojguy10" );
INSERT INTO ShippingLocation VALUES ( "SL452", "Fcfswutrxzyuxej", "Fipdcqzblf", "Provinces", "SH530", "Xwb10" );
INSERT INTO ShippingLocation VALUES ( "SL453", "Oglvhnjccc", "Meb", "Seoul and Gyeonggi", "SH529", "Euqniycisxm4" );
INSERT INTO ShippingLocation VALUES ( "SL454", "Plpnpnckajhgg", "Aediy", "Provinces", "SH530", "Smkoslrnf5" );


INSERT INTO ItemOrder VALUES ( "IO-Of1018100", 0, "2012-1-27", "shipping", "Meazeuu14", "SL419", "SH531" );
INSERT INTO ItemOrder VALUES ( "IO-Y1018117", 0, "2009-9-21", "shipping", "Jbqshs13", "SL398", "SH529" );
INSERT INTO ItemOrder VALUES ( "IO-Tmat1018134", 0, "2014-6-7", "shipping", "Mac7", "SL395", "SH531" );
INSERT INTO ItemOrder VALUES ( "IO-F1018151", 0, "2013-12-1", "shipping", "Kouuhrv13", "SL400", "SH531" );
INSERT INTO ItemOrder VALUES ( "IO-Hox1018168", 0, "2005-9-11", "Confirm payment", "Smkoslrnf5", "SL454", "SH530" );
INSERT INTO ItemOrder VALUES ( "IO-L1018185", 0, "2014-7-4", "recived", "Niqrzzvyrhie4", "SL409", "SH531" );
INSERT INTO ItemOrder VALUES ( "IO-Qsci1018202", 0, "2017-9-5", "Confirm payment", "Mksxuq12", "SL435", "SH529" );
INSERT INTO ItemOrder VALUES ( "IO-Fv1018219", 0, "2001-8-30", "shipping", "Ixyavfkrpypcsdqsi15", "SL441", "SH531" );
INSERT INTO ItemOrder VALUES ( "IO-Xhkj1018236", 0, "2005-5-16", "recived", "Fkxba5", "SL430", "SH531" );
INSERT INTO ItemOrder VALUES ( "IO-P1018253", 0, "2014-6-8", "shipping", "Bgolawv5", "SL428", "SH529" );
INSERT INTO ItemOrder VALUES ( "IO-Hkd1018270", 0, "2002-6-25", "recived", "Oxplperwjddaorxj5", "SL417", "SH529" );
INSERT INTO ItemOrder VALUES ( "IO-H1018287", 0, "2012-9-1", "recived", "Jfdbhftrjji14", "SL402", "SH531" );
INSERT INTO ItemOrder VALUES ( "IO-Fctx1018304", 0, "2013-11-28", "shipping", "Wfstgqteyszo16", "SL404", "SH531" );
INSERT INTO ItemOrder VALUES ( "IO-X1018321", 0, "2015-5-14", "recived", "Iufcmijkdmh16", "SL426", "SH530" );
INSERT INTO ItemOrder VALUES ( "IO-O1018338", 0, "2013-1-9", "shipping", "Wfstgqteyszo16", "SL404", "SH531" );
INSERT INTO ItemOrder VALUES ( "IO-Qqd1018355", 0, "2017-1-9", "Confirm payment", "Lrpeduixhyckibppv3", "SL410", "SH530" );
INSERT INTO ItemOrder VALUES ( "IO-Ej1018372", 0, "2012-7-6", "Waiting for payment", "Rmojdvjxmlwex13", "SL434", "SH529" );
INSERT INTO ItemOrder VALUES ( "IO-P1018389", 0, "2003-6-25", "recived", "Qwexmjuih9", "SL423", "SH529" );
INSERT INTO ItemOrder VALUES ( "IO-Rt1018406", 0, "2002-1-22", "Confirm payment", "Ojguy10", "SL451", "SH530" );
INSERT INTO ItemOrder VALUES ( "IO-Nl1018423", 0, "2009-7-21", "shipping", "Meazeuu14", "SL419", "SH531" );
INSERT INTO ItemOrder VALUES ( "IO-G1018440", 0, "2002-12-5", "Confirm payment", "Eebzovwlswvkz12", "SL411", "SH530" );
INSERT INTO ItemOrder VALUES ( "IO-Z1018457", 0, "2011-4-16", "shipping", "Erwbluwbovwydr9", "SL427", "SH530" );
INSERT INTO ItemOrder VALUES ( "IO-Z1018474", 0, "2003-1-21", "shipping", "Euqniycisxm4", "SL453", "SH529" );
INSERT INTO ItemOrder VALUES ( "IO-Faau1018491", 0, "2004-12-14", "recived", "Ocz13", "SL447", "SH531" );
INSERT INTO ItemOrder VALUES ( "IO-Rryg1018508", 0, "2012-9-1", "Confirm payment", "Vsqdglysmtcwcd17", "SL397", "SH530" );
INSERT INTO ItemOrder VALUES ( "IO-Smlu1018525", 0, "2012-3-13", "shipping", "Bgolawv5", "SL428", "SH529" );
INSERT INTO ItemOrder VALUES ( "IO-Pq1018542", 0, "2009-2-8", "Waiting for payment", "Ojguy10", "SL451", "SH530" );
INSERT INTO ItemOrder VALUES ( "IO-Spn1018559", 0, "2015-3-4", "Confirm payment", "Ryykdio9", "SL437", "SH531" );
INSERT INTO ItemOrder VALUES ( "IO-Yvs1018576", 0, "2011-7-19", "Confirm payment", "Rmojdvjxmlwex13", "SL434", "SH529" );
INSERT INTO ItemOrder VALUES ( "IO-Lte1018593", 0, "2004-10-23", "Confirm payment", "Wfstgqteyszo16", "SL404", "SH531" );
INSERT INTO ItemOrder VALUES ( "IO-M1018610", 0, "2007-11-3", "recived", "Tynqyzhhzktuuqy3", "SL396", "SH529" );
INSERT INTO ItemOrder VALUES ( "IO-Jl1018627", 0, "2013-6-7", "Confirm payment", "Smkoslrnf5", "SL454", "SH530" );
INSERT INTO ItemOrder VALUES ( "IO-Tz1018644", 0, "2012-6-12", "Confirm payment", "Jbqshs13", "SL398", "SH529" );
INSERT INTO ItemOrder VALUES ( "IO-N1018661", 0, "2014-8-31", "recived", "Tog9", "SL445", "SH529" );
INSERT INTO ItemOrder VALUES ( "IO-Ri1018678", 0, "2004-1-5", "Confirm payment", "Meazeuu14", "SL419", "SH531" );
INSERT INTO ItemOrder VALUES ( "IO-C1018695", 0, "2008-4-26", "Waiting for payment", "Vsqdglysmtcwcd17", "SL397", "SH530" );
INSERT INTO ItemOrder VALUES ( "IO-W1018712", 0, "2006-4-12", "Confirm payment", "Wiiyzyhuacopppiqe5", "SL399", "SH529" );
INSERT INTO ItemOrder VALUES ( "IO-Qxqu1018729", 0, "2003-7-25", "Confirm payment", "Xwb10", "SL452", "SH530" );
INSERT INTO ItemOrder VALUES ( "IO-Kup1018746", 0, "2006-3-14", "recived", "Szqxvj17", "SL401", "SH529" );
INSERT INTO ItemOrder VALUES ( "IO-Msc1018763", 0, "2013-9-6", "Waiting for payment", "Reg13", "SL420", "SH531" );
INSERT INTO ItemOrder VALUES ( "IO-S1018780", 0, "2016-5-25", "shipping", "Ryykdio9", "SL437", "SH531" );
INSERT INTO ItemOrder VALUES ( "IO-Bgkk1018797", 0, "2010-10-20", "recived", "Szqxvj17", "SL401", "SH529" );
INSERT INTO ItemOrder VALUES ( "IO-Uze1018814", 0, "2006-9-17", "Waiting for payment", "Epumzsfsgozqlvlx9", "SL424", "SH529" );
INSERT INTO ItemOrder VALUES ( "IO-Qf1018831", 0, "2014-6-18", "Confirm payment", "Ojguy10", "SL451", "SH530" );
INSERT INTO ItemOrder VALUES ( "IO-Y1018848", 0, "2000-12-10", "recived", "Iufcmijkdmh16", "SL426", "SH530" );
INSERT INTO ItemOrder VALUES ( "IO-Fjtf1018865", 0, "2016-10-7", "Waiting for payment", "Rfydfgkz9", "SL439", "SH530" );
INSERT INTO ItemOrder VALUES ( "IO-L1018882", 0, "2001-6-15", "shipping", "Vsqdglysmtcwcd17", "SL397", "SH530" );
INSERT INTO ItemOrder VALUES ( "IO-Pwip1018899", 0, "2009-2-17", "Waiting for payment", "Soiclcjgibsf4", "SL407", "SH531" );
INSERT INTO ItemOrder VALUES ( "IO-Sntm1018916", 0, "2001-9-9", "recived", "Wuopnsbrirooiyey15", "SL422", "SH530" );
INSERT INTO ItemOrder VALUES ( "IO-R1018933", 0, "2002-11-3", "Waiting for payment", "Lrpeduixhyckibppv3", "SL410", "SH530" );
INSERT INTO ItemOrder VALUES ( "IO-Ksor1018950", 0, "2011-10-30", "recived", "Axhimc8", "SL431", "SH530" );
INSERT INTO ItemOrder VALUES ( "IO-Djl1018967", 0, "2011-8-23", "Waiting for payment", "Axhimc8", "SL431", "SH530" );
INSERT INTO ItemOrder VALUES ( "IO-Gl1018984", 0, "2015-11-6", "Confirm payment", "Ocz13", "SL447", "SH531" );
INSERT INTO ItemOrder VALUES ( "IO-Y1019001", 0, "2001-4-19", "Confirm payment", "Fkxba5", "SL430", "SH531" );
INSERT INTO ItemOrder VALUES ( "IO-Wewh1019018", 0, "2009-7-6", "recived", "Erwbluwbovwydr9", "SL427", "SH530" );
INSERT INTO ItemOrder VALUES ( "IO-W1019035", 0, "2000-2-11", "shipping", "Rmojdvjxmlwex13", "SL434", "SH529" );
INSERT INTO ItemOrder VALUES ( "IO-Jx1019052", 0, "2000-7-7", "Confirm payment", "Mac7", "SL395", "SH531" );
INSERT INTO ItemOrder VALUES ( "IO-N1019069", 0, "2009-8-5", "recived", "Bnfbkbqrzasfoqo9", "SL418", "SH530" );
INSERT INTO ItemOrder VALUES ( "IO-C1019086", 0, "2009-6-11", "shipping", "Fkxba5", "SL430", "SH531" );
INSERT INTO ItemOrder VALUES ( "IO-Zim1019103", 0, "2012-12-12", "Confirm payment", "Samzliuprleuzhk7", "SL442", "SH529" );
INSERT INTO ItemOrder VALUES ( "IO-Vh1019120", 0, "2005-2-17", "Waiting for payment", "Nwghilyudzaihfb4", "SL413", "SH531" );
INSERT INTO ItemOrder VALUES ( "IO-Z1019137", 0, "2002-6-20", "Waiting for payment", "Iobnhfjbslwr10", "SL450", "SH531" );
INSERT INTO ItemOrder VALUES ( "IO-Nu1019154", 0, "2012-6-17", "recived", "Meazeuu14", "SL419", "SH531" );
INSERT INTO ItemOrder VALUES ( "IO-Curk1019171", 0, "2008-3-26", "recived", "Ocz13", "SL447", "SH531" );
INSERT INTO ItemOrder VALUES ( "IO-U1019188", 0, "2001-7-11", "Waiting for payment", "Xxkwlhzefdbre8", "SL403", "SH530" );
INSERT INTO ItemOrder VALUES ( "IO-W1019205", 0, "2000-7-27", "recived", "Ryykdio9", "SL437", "SH531" );
INSERT INTO ItemOrder VALUES ( "IO-Tieo1019222", 0, "2010-9-17", "Waiting for payment", "Jzoyqydokjmqwf17", "SL414", "SH529" );
INSERT INTO ItemOrder VALUES ( "IO-L1019239", 0, "2017-3-11", "shipping", "Jfdbhftrjji14", "SL402", "SH531" );
INSERT INTO ItemOrder VALUES ( "IO-Wj1019256", 0, "2004-2-14", "shipping", "Ojguy10", "SL451", "SH530" );
INSERT INTO ItemOrder VALUES ( "IO-Ob1019273", 0, "2002-6-15", "Waiting for payment", "Axhimc8", "SL431", "SH530" );
INSERT INTO ItemOrder VALUES ( "IO-Wy1019290", 0, "2015-3-16", "Confirm payment", "Axhimc8", "SL431", "SH530" );
INSERT INTO ItemOrder VALUES ( "IO-Feya1019307", 0, "2011-11-4", "shipping", "Jbqshs13", "SL398", "SH529" );
INSERT INTO ItemOrder VALUES ( "IO-B1019324", 0, "2006-9-27", "shipping", "Dol7", "SL408", "SH529" );
INSERT INTO ItemOrder VALUES ( "IO-E1019341", 0, "2017-4-23", "Confirm payment", "Lernjylxesvccej10", "SL438", "SH530" );
INSERT INTO ItemOrder VALUES ( "IO-Lg1019358", 0, "2003-1-24", "Confirm payment", "Dol7", "SL408", "SH529" );
INSERT INTO ItemOrder VALUES ( "IO-Qw1019375", 0, "2012-8-1", "Confirm payment", "Oxplperwjddaorxj5", "SL417", "SH529" );
INSERT INTO ItemOrder VALUES ( "IO-U1019392", 0, "2009-3-16", "Confirm payment", "Jzoyqydokjmqwf17", "SL414", "SH529" );
INSERT INTO ItemOrder VALUES ( "IO-O1019409", 0, "2015-8-14", "Waiting for payment", "Dol7", "SL408", "SH529" );
INSERT INTO ItemOrder VALUES ( "IO-L1019426", 0, "2003-8-16", "recived", "Mksxuq12", "SL435", "SH529" );
INSERT INTO ItemOrder VALUES ( "IO-Hebw1019443", 0, "2001-2-17", "Waiting for payment", "Wuopnsbrirooiyey15", "SL422", "SH530" );
INSERT INTO ItemOrder VALUES ( "IO-T1019460", 0, "2012-1-6", "Confirm payment", "Bnfbkbqrzasfoqo9", "SL418", "SH530" );
INSERT INTO ItemOrder VALUES ( "IO-Muaa1019477", 0, "2015-7-8", "shipping", "Yamjrnhdiwmwkzi14", "SL433", "SH529" );
INSERT INTO ItemOrder VALUES ( "IO-Jy1019494", 0, "2013-7-7", "shipping", "Epumzsfsgozqlvlx9", "SL424", "SH529" );
INSERT INTO ItemOrder VALUES ( "IO-Tjuq1019511", 0, "2015-1-22", "Confirm payment", "Jfdbhftrjji14", "SL402", "SH531" );
INSERT INTO ItemOrder VALUES ( "IO-Mn1019528", 0, "2001-9-26", "Confirm payment", "Jbqshs13", "SL398", "SH529" );
INSERT INTO ItemOrder VALUES ( "IO-X1019545", 0, "2012-2-18", "recived", "Jfdbhftrjji14", "SL402", "SH531" );
INSERT INTO ItemOrder VALUES ( "IO-Z1019562", 0, "2014-4-2", "Waiting for payment", "Lrpeduixhyckibppv3", "SL410", "SH530" );
INSERT INTO ItemOrder VALUES ( "IO-U1019579", 0, "2002-11-20", "shipping", "Rmojdvjxmlwex13", "SL434", "SH529" );
INSERT INTO ItemOrder VALUES ( "IO-Ilm1019596", 0, "2003-5-2", "Confirm payment", "Wfstgqteyszo16", "SL404", "SH531" );
INSERT INTO ItemOrder VALUES ( "IO-Gmtr1019613", 0, "2006-1-6", "Waiting for payment", "Ixyavfkrpypcsdqsi15", "SL441", "SH531" );
INSERT INTO ItemOrder VALUES ( "IO-Na1019630", 0, "2009-8-19", "Confirm payment", "Smkoslrnf5", "SL454", "SH530" );
INSERT INTO ItemOrder VALUES ( "IO-I1019647", 0, "2008-4-27", "shipping", "Rfydfgkz9", "SL439", "SH530" );
INSERT INTO ItemOrder VALUES ( "IO-Yj1019664", 0, "2016-1-5", "shipping", "Rqatbocmysdolghtc7", "SL444", "SH529" );
INSERT INTO ItemOrder VALUES ( "IO-Okc1019681", 0, "2012-3-16", "shipping", "Zqynidc16", "SL440", "SH530" );
INSERT INTO ItemOrder VALUES ( "IO-Lbn1019698", 0, "2017-5-17", "Waiting for payment", "Drqyljbvzt15", "SL429", "SH531" );
INSERT INTO ItemOrder VALUES ( "IO-Rhr1019715", 0, "2004-9-21", "Waiting for payment", "Lrpeduixhyckibppv3", "SL410", "SH530" );
INSERT INTO ItemOrder VALUES ( "IO-Clp1019732", 0, "2000-8-10", "recived", "Dol7", "SL408", "SH529" );
INSERT INTO ItemOrder VALUES ( "IO-Yy1019749", 0, "2003-9-20", "shipping", "Szqxvj17", "SL401", "SH529" );
INSERT INTO ItemOrder VALUES ( "IO-Whpv1019766", 0, "2008-1-15", "recived", "Iobnhfjbslwr10", "SL450", "SH531" );
INSERT INTO ItemOrder VALUES ( "IO-J1019783", 0, "2013-6-10", "shipping", "Ryykdio9", "SL437", "SH531" );
INSERT INTO ItemOrder VALUES ( "IO-Op1019800", 0, "2008-6-6", "Confirm payment", "Lrpeduixhyckibppv3", "SL410", "SH530" );
INSERT INTO ItemOrder VALUES ( "IO-Bl1019817", 0, "2002-9-23", "Waiting for payment", "Ryykdio9", "SL437", "SH531" );
INSERT INTO ItemOrder VALUES ( "IO-Fsov1019834", 0, "2008-5-10", "shipping", "Ojguy10", "SL451", "SH530" );
INSERT INTO ItemOrder VALUES ( "IO-R1019851", 0, "2016-5-27", "shipping", "Jbqshs13", "SL398", "SH529" );
INSERT INTO ItemOrder VALUES ( "IO-X1019868", 0, "2011-10-29", "Waiting for payment", "Soiclcjgibsf4", "SL407", "SH531" );
INSERT INTO ItemOrder VALUES ( "IO-Md1019885", 0, "2016-7-25", "Waiting for payment", "Ixyavfkrpypcsdqsi15", "SL441", "SH531" );
INSERT INTO ItemOrder VALUES ( "IO-R1019902", 0, "2002-4-8", "recived", "Xwb10", "SL452", "SH530" );
INSERT INTO ItemOrder VALUES ( "IO-Hz1019919", 0, "2005-2-4", "shipping", "Wiiyzyhuacopppiqe5", "SL399", "SH529" );
INSERT INTO ItemOrder VALUES ( "IO-Pg1019936", 0, "2010-11-17", "Confirm payment", "Xwb10", "SL452", "SH530" );
INSERT INTO ItemOrder VALUES ( "IO-Sg1019953", 0, "2006-9-6", "Waiting for payment", "Lernjylxesvccej10", "SL438", "SH530" );
INSERT INTO ItemOrder VALUES ( "IO-Ml1019970", 0, "2015-9-28", "shipping", "Samzliuprleuzhk7", "SL442", "SH529" );
INSERT INTO ItemOrder VALUES ( "IO-Aaa1019987", 0, "2010-1-27", "Confirm payment", "Smkoslrnf5", "SL454", "SH530" );
INSERT INTO ItemOrder VALUES ( "IO-Vp1020004", 0, "2015-2-26", "Confirm payment", "Tdmcqutqmj9", "SL446", "SH530" );
INSERT INTO ItemOrder VALUES ( "IO-Uv1020021", 0, "2010-6-7", "recived", "Kouuhrv13", "SL400", "SH531" );
INSERT INTO ItemOrder VALUES ( "IO-Qe1020038", 0, "2005-1-22", "Waiting for payment", "Ocz13", "SL447", "SH531" );
INSERT INTO ItemOrder VALUES ( "IO-T1020055", 0, "2001-10-8", "shipping", "Ocz13", "SL447", "SH531" );
INSERT INTO ItemOrder VALUES ( "IO-Bowj1020072", 0, "2006-12-15", "shipping", "Ezlmbovatbnuchnq4", "SL405", "SH529" );
INSERT INTO ItemOrder VALUES ( "IO-Z1020089", 0, "2004-8-27", "shipping", "Eebzovwlswvkz12", "SL411", "SH530" );
INSERT INTO ItemOrder VALUES ( "IO-D1020106", 0, "2017-9-23", "Waiting for payment", "Sgihpvztapmhqsmp10", "SL421", "SH531" );
INSERT INTO ItemOrder VALUES ( "IO-Z1020123", 0, "2013-2-11", "Confirm payment", "Cyqoknuhdnmokm15", "SL432", "SH531" );
INSERT INTO ItemOrder VALUES ( "IO-Dnj1020140", 0, "2009-1-4", "recived", "Fkxba5", "SL430", "SH531" );
INSERT INTO ItemOrder VALUES ( "IO-H1020157", 0, "2009-5-2", "Waiting for payment", "Hriohpdg17", "SL415", "SH531" );
INSERT INTO ItemOrder VALUES ( "IO-Lcno1020174", 0, "2004-1-27", "Waiting for payment", "Rfydfgkz9", "SL439", "SH530" );
INSERT INTO ItemOrder VALUES ( "IO-P1020191", 0, "2012-6-30", "Confirm payment", "Hriohpdg17", "SL415", "SH531" );
INSERT INTO ItemOrder VALUES ( "IO-Lde1020208", 0, "2010-10-14", "Waiting for payment", "Rmojdvjxmlwex13", "SL434", "SH529" );
INSERT INTO ItemOrder VALUES ( "IO-C1020225", 0, "2006-9-14", "Confirm payment", "Rfydfgkz9", "SL439", "SH530" );
INSERT INTO ItemOrder VALUES ( "IO-I1020242", 0, "2007-8-5", "shipping", "Meazeuu14", "SL419", "SH531" );
INSERT INTO ItemOrder VALUES ( "IO-Txx1020259", 0, "2014-12-24", "Confirm payment", "Ryykdio9", "SL437", "SH531" );
INSERT INTO ItemOrder VALUES ( "IO-J1020276", 0, "2009-4-11", "recived", "Meazeuu14", "SL419", "SH531" );
INSERT INTO ItemOrder VALUES ( "IO-F1020293", 0, "2008-3-13", "recived", "Tdmcqutqmj9", "SL446", "SH530" );
INSERT INTO ItemOrder VALUES ( "IO-Yvze1020310", 0, "2006-5-6", "Waiting for payment", "Nwghilyudzaihfb4", "SL413", "SH531" );
INSERT INTO ItemOrder VALUES ( "IO-K1020327", 0, "2003-9-17", "shipping", "Ryykdio9", "SL437", "SH531" );
INSERT INTO ItemOrder VALUES ( "IO-O1020344", 0, "2002-9-18", "Waiting for payment", "Qwexmjuih9", "SL423", "SH529" );
INSERT INTO ItemOrder VALUES ( "IO-Y1020361", 0, "2014-2-1", "Confirm payment", "Tog9", "SL445", "SH529" );
INSERT INTO ItemOrder VALUES ( "IO-M1020378", 0, "2009-1-15", "recived", "Jzoyqydokjmqwf17", "SL414", "SH529" );
INSERT INTO ItemOrder VALUES ( "IO-Ia1020395", 0, "2015-9-29", "Confirm payment", "Wiiyzyhuacopppiqe5", "SL399", "SH529" );
INSERT INTO ItemOrder VALUES ( "IO-B1020412", 0, "2017-2-26", "recived", "Oxplperwjddaorxj5", "SL417", "SH529" );
INSERT INTO ItemOrder VALUES ( "IO-A1020429", 0, "2010-8-4", "recived", "Niqrzzvyrhie4", "SL409", "SH531" );
INSERT INTO ItemOrder VALUES ( "IO-Ck1020446", 0, "2005-4-28", "Confirm payment", "Drqyljbvzt15", "SL429", "SH531" );
INSERT INTO ItemOrder VALUES ( "IO-C1020463", 0, "2017-5-19", "Waiting for payment", "Euqniycisxm4", "SL453", "SH529" );
INSERT INTO ItemOrder VALUES ( "IO-H1020480", 0, "2013-3-28", "Confirm payment", "Ezlmbovatbnuchnq4", "SL405", "SH529" );
INSERT INTO ItemOrder VALUES ( "IO-Fv1020497", 0, "2015-2-13", "Waiting for payment", "Tynqyzhhzktuuqy3", "SL396", "SH529" );
INSERT INTO ItemOrder VALUES ( "IO-D1020514", 0, "2013-9-28", "Waiting for payment", "Ixyavfkrpypcsdqsi15", "SL441", "SH531" );
INSERT INTO ItemOrder VALUES ( "IO-Llue1020531", 0, "2013-3-27", "Waiting for payment", "Qwexmjuih9", "SL423", "SH529" );
INSERT INTO ItemOrder VALUES ( "IO-Iiw1020548", 0, "2013-1-5", "recived", "Xxkwlhzefdbre8", "SL403", "SH530" );
INSERT INTO ItemOrder VALUES ( "IO-Fdhg1020565", 0, "2016-8-16", "recived", "Lrpeduixhyckibppv3", "SL410", "SH530" );
INSERT INTO ItemOrder VALUES ( "IO-N1020582", 0, "2001-2-6", "Confirm payment", "Smkoslrnf5", "SL454", "SH530" );
INSERT INTO ItemOrder VALUES ( "IO-L1020599", 0, "2004-2-24", "Waiting for payment", "Ryykdio9", "SL437", "SH531" );
INSERT INTO ItemOrder VALUES ( "IO-X1020616", 0, "2009-4-28", "shipping", "Iufcmijkdmh16", "SL426", "SH530" );
INSERT INTO ItemOrder VALUES ( "IO-Ywh1020633", 0, "2011-11-30", "shipping", "Cyqoknuhdnmokm15", "SL432", "SH531" );
INSERT INTO ItemOrder VALUES ( "IO-Zet1020650", 0, "2001-11-1", "Confirm payment", "Bnfbkbqrzasfoqo9", "SL418", "SH530" );
INSERT INTO ItemOrder VALUES ( "IO-Myp1020667", 0, "2015-4-20", "shipping", "Zqynidc16", "SL440", "SH530" );
INSERT INTO ItemOrder VALUES ( "IO-K1020684", 0, "2010-11-22", "Waiting for payment", "Dczc5", "SL436", "SH530" );
INSERT INTO ItemOrder VALUES ( "IO-G1020701", 0, "2000-4-4", "Waiting for payment", "Xcegzaraqg5", "SL448", "SH530" );
INSERT INTO ItemOrder VALUES ( "IO-B1020718", 0, "2009-10-3", "shipping", "Ixyavfkrpypcsdqsi15", "SL441", "SH531" );
INSERT INTO ItemOrder VALUES ( "IO-Rdos1020735", 0, "2010-6-3", "shipping", "Xcegzaraqg5", "SL448", "SH530" );
INSERT INTO ItemOrder VALUES ( "IO-Y1020752", 0, "2002-7-21", "recived", "Lernjylxesvccej10", "SL438", "SH530" );
INSERT INTO ItemOrder VALUES ( "IO-Uumx1020769", 0, "2013-2-31", "recived", "Hriohpdg17", "SL415", "SH531" );
INSERT INTO ItemOrder VALUES ( "IO-Q1020786", 0, "2008-5-6", "Confirm payment", "Sgihpvztapmhqsmp10", "SL421", "SH531" );
INSERT INTO ItemOrder VALUES ( "IO-Y1020803", 0, "2014-3-2", "recived", "Mac7", "SL395", "SH531" );
INSERT INTO ItemOrder VALUES ( "IO-Z1020820", 0, "2007-5-22", "Waiting for payment", "Szqxvj17", "SL401", "SH529" );
INSERT INTO ItemOrder VALUES ( "IO-Jq1020837", 0, "2017-8-27", "shipping", "Dol7", "SL408", "SH529" );
INSERT INTO ItemOrder VALUES ( "IO-O1020854", 0, "2006-4-28", "recived", "Cyqoknuhdnmokm15", "SL432", "SH531" );
INSERT INTO ItemOrder VALUES ( "IO-Vkf1020871", 0, "2003-6-20", "Waiting for payment", "Ocz13", "SL447", "SH531" );
INSERT INTO ItemOrder VALUES ( "IO-Wuj1020888", 0, "2009-9-22", "recived", "Dvmkkhencazltjla7", "SL443", "SH531" );
INSERT INTO ItemOrder VALUES ( "IO-G1020905", 0, "2014-3-14", "recived", "Axhimc8", "SL431", "SH530" );
INSERT INTO ItemOrder VALUES ( "IO-M1020922", 0, "2017-4-28", "Confirm payment", "Axhimc8", "SL431", "SH530" );
INSERT INTO ItemOrder VALUES ( "IO-Zh1020939", 0, "2012-9-15", "shipping", "Dol7", "SL408", "SH529" );
INSERT INTO ItemOrder VALUES ( "IO-D1020956", 0, "2008-7-28", "Waiting for payment", "Lhnqsnwhhaa10", "SL425", "SH531" );
INSERT INTO ItemOrder VALUES ( "IO-Q1020973", 0, "2001-1-19", "Waiting for payment", "Szqxvj17", "SL401", "SH529" );
INSERT INTO ItemOrder VALUES ( "IO-Cm1020990", 0, "2002-1-22", "shipping", "Sgihpvztapmhqsmp10", "SL421", "SH531" );
INSERT INTO ItemOrder VALUES ( "IO-D1021007", 0, "2000-1-26", "Confirm payment", "Dvmkkhencazltjla7", "SL443", "SH531" );
INSERT INTO ItemOrder VALUES ( "IO-Rpai1021024", 0, "2003-3-17", "shipping", "Mqyaqwioyx10", "SL416", "SH530" );
INSERT INTO ItemOrder VALUES ( "IO-J1021041", 0, "2001-2-19", "Waiting for payment", "Rfydfgkz9", "SL439", "SH530" );
INSERT INTO ItemOrder VALUES ( "IO-P1021058", 0, "2004-5-2", "Confirm payment", "Vsqdglysmtcwcd17", "SL397", "SH530" );
INSERT INTO ItemOrder VALUES ( "IO-I1021075", 0, "2008-3-12", "recived", "Ixyavfkrpypcsdqsi15", "SL441", "SH531" );
INSERT INTO ItemOrder VALUES ( "IO-Ef1021092", 0, "2013-12-16", "shipping", "Eebzovwlswvkz12", "SL411", "SH530" );
INSERT INTO ItemOrder VALUES ( "IO-Cgv1021109", 0, "2009-9-10", "shipping", "Szqxvj17", "SL401", "SH529" );
INSERT INTO ItemOrder VALUES ( "IO-X1021126", 0, "2004-12-28", "recived", "Ryykdio9", "SL437", "SH531" );
INSERT INTO ItemOrder VALUES ( "IO-Oa1021143", 0, "2009-6-13", "Confirm payment", "Nwghilyudzaihfb4", "SL413", "SH531" );
INSERT INTO ItemOrder VALUES ( "IO-K1021160", 0, "2004-1-23", "Confirm payment", "Vsqdglysmtcwcd17", "SL397", "SH530" );
INSERT INTO ItemOrder VALUES ( "IO-Rmz1021177", 0, "2012-4-26", "recived", "Kvhfssevwuwvguwtr3", "SL412", "SH531" );
INSERT INTO ItemOrder VALUES ( "IO-W1021194", 0, "2013-9-28", "recived", "Reg13", "SL420", "SH531" );
INSERT INTO ItemOrder VALUES ( "IO-U1021211", 0, "2014-10-11", "shipping", "Smkoslrnf5", "SL454", "SH530" );
INSERT INTO ItemOrder VALUES ( "IO-Xz1021228", 0, "2009-4-23", "Waiting for payment", "Mksxuq12", "SL435", "SH529" );
INSERT INTO ItemOrder VALUES ( "IO-I1021245", 0, "2005-4-1", "recived", "Bgolawv5", "SL428", "SH529" );
INSERT INTO ItemOrder VALUES ( "IO-H1021262", 0, "2002-10-31", "recived", "Ryykdio9", "SL437", "SH531" );
INSERT INTO ItemOrder VALUES ( "IO-Oh1021279", 0, "2005-7-14", "shipping", "Hriohpdg17", "SL415", "SH531" );
INSERT INTO ItemOrder VALUES ( "IO-R1021296", 0, "2013-5-17", "recived", "Tdmcqutqmj9", "SL446", "SH530" );
INSERT INTO ItemOrder VALUES ( "IO-T1021313", 0, "2016-1-14", "recived", "Reg13", "SL420", "SH531" );
INSERT INTO ItemOrder VALUES ( "IO-Bkda1021330", 0, "2011-2-1", "recived", "Eebzovwlswvkz12", "SL411", "SH530" );
INSERT INTO ItemOrder VALUES ( "IO-Rnx1021347", 0, "2008-12-6", "Confirm payment", "Wfstgqteyszo16", "SL404", "SH531" );
INSERT INTO ItemOrder VALUES ( "IO-Bgfv1021364", 0, "2007-3-3", "recived", "Jfdbhftrjji14", "SL402", "SH531" );
INSERT INTO ItemOrder VALUES ( "IO-I1021381", 0, "2012-10-24", "Waiting for payment", "Lhnqsnwhhaa10", "SL425", "SH531" );
INSERT INTO ItemOrder VALUES ( "IO-Zs1021398", 0, "2011-7-21", "recived", "Vsqdglysmtcwcd17", "SL397", "SH530" );
INSERT INTO ItemOrder VALUES ( "IO-N1021415", 0, "2003-6-4", "Waiting for payment", "Wfstgqteyszo16", "SL404", "SH531" );
INSERT INTO ItemOrder VALUES ( "IO-Pr1021432", 0, "2002-5-6", "shipping", "Szqxvj17", "SL401", "SH529" );
INSERT INTO ItemOrder VALUES ( "IO-Hx1021449", 0, "2009-8-5", "Waiting for payment", "Reg13", "SL420", "SH531" );
INSERT INTO ItemOrder VALUES ( "IO-Jn1021466", 0, "2017-5-1", "shipping", "Yamjrnhdiwmwkzi14", "SL433", "SH529" );
INSERT INTO ItemOrder VALUES ( "IO-Llh1021483", 0, "2011-11-29", "shipping", "Cyqoknuhdnmokm15", "SL432", "SH531" );


INSERT INTO BasketContains VALUES ( "Reg13", "Bm1017121", "W864-8897", 5 );
INSERT INTO BasketContains VALUES ( "Xxkwlhzefdbre8", "Dgmrye1017443", "W819-0026", 43 );
INSERT INTO BasketContains VALUES ( "Ezlmbovatbnuchnq4", "Wjep1017310", "W848-9197", 12 );
INSERT INTO BasketContains VALUES ( "Oxplperwjddaorxj5", "Bfu1017261", "W819-0026", 29 );
INSERT INTO BasketContains VALUES ( "Oxplperwjddaorxj5", "Qaen1017163", "W845-0900", 42 );
INSERT INTO BasketContains VALUES ( "Soiclcjgibsf4", "Djfbl1017408", "C142-0016", 19 );
INSERT INTO BasketContains VALUES ( "Jbqshs13", "Nxqeg1017331", "W819-0035", 38 );
INSERT INTO BasketContains VALUES ( "Kouuhrv13", "Oul1017387", "W849-9635", 4 );
INSERT INTO BasketContains VALUES ( "Eebzovwlswvkz12", "Bfu1017261", "W144-3123", 33 );
INSERT INTO BasketContains VALUES ( "Oxplperwjddaorxj5", "Flrlaz1017373", "W833-0439", 23 );
INSERT INTO BasketContains VALUES ( "Oxplperwjddaorxj5", "Djfbl1017408", "W850-4788", 14 );
INSERT INTO BasketContains VALUES ( "Jfdbhftrjji14", "Ns1017303", "W818-0542", 27 );
INSERT INTO BasketContains VALUES ( "Iufcmijkdmh16", "Fpoj1017240", "W843-9961", 49 );
INSERT INTO BasketContains VALUES ( "Eebzovwlswvkz12", "Hempzo1017233", "C177-1424", 43 );
INSERT INTO BasketContains VALUES ( "Drqyljbvzt15", "Zconr1017149", "W863-0250", 4 );
INSERT INTO BasketContains VALUES ( "Tynqyzhhzktuuqy3", "Slk1017471", "C102-3071", 3 );
INSERT INTO BasketContains VALUES ( "Meazeuu14", "Ycplqo1017366", "W144-3123", 43 );
INSERT INTO BasketContains VALUES ( "Rmojdvjxmlwex13", "Tumw1017338", "C171-5589", 11 );
INSERT INTO BasketContains VALUES ( "Ocz13", "Xk1017324", "W820-0475", 22 );
INSERT INTO BasketContains VALUES ( "Meazeuu14", "Pmbcb1017275", "W819-0026", 3 );
INSERT INTO BasketContains VALUES ( "Bgolawv5", "Flrlaz1017373", "W843-8704", 32 );
INSERT INTO BasketContains VALUES ( "Iobnhfjbslwr10", "Orywa1017128", "C132-2848", 33 );
INSERT INTO BasketContains VALUES ( "Jfdbhftrjji14", "Eciwtn1017289", "W899-2442", 23 );
INSERT INTO BasketContains VALUES ( "Vsqdglysmtcwcd17", "Aux1017296", "W843-8704", 11 );
INSERT INTO BasketContains VALUES ( "Drqyljbvzt15", "Ik1017282", "W879-0011", 7 );
INSERT INTO BasketContains VALUES ( "Kvhfssevwuwvguwtr3", "Odh1017506", "W864-5456", 1 );
INSERT INTO BasketContains VALUES ( "Smkoslrnf5", "Hilc1017114", "C171-6065", 19 );
INSERT INTO BasketContains VALUES ( "Oxplperwjddaorxj5", "Ns1017303", "W868-0945", 40 );
INSERT INTO BasketContains VALUES ( "Erwbluwbovwydr9", "Jvzr1017107", "C100-2102", 16 );
INSERT INTO BasketContains VALUES ( "Hriohpdg17", "Jcahkc1017247", "C142-0034", 22 );
INSERT INTO BasketContains VALUES ( "Meazeuu14", "Ns1017303", "W888-1818", 30 );
INSERT INTO BasketContains VALUES ( "Ezlmbovatbnuchnq4", "Hilc1017114", "W850-0029", 41 );
INSERT INTO BasketContains VALUES ( "Tynqyzhhzktuuqy3", "Tumw1017338", "W879-4017", 2 );
INSERT INTO BasketContains VALUES ( "Iufcmijkdmh16", "Bm1017121", "C177-1406", 38 );
INSERT INTO BasketContains VALUES ( "Axhimc8", "Vmlnqe1017450", "C131-0092", 16 );
INSERT INTO BasketContains VALUES ( "Rfydfgkz9", "Npqhgv1017352", "C171-5589", 15 );
INSERT INTO BasketContains VALUES ( "Rfydfgkz9", "Klxi1017268", "W864-5304", 15 );
INSERT INTO BasketContains VALUES ( "Wuopnsbrirooiyey15", "Uowiju1017436", "C132-2848", 41 );
INSERT INTO BasketContains VALUES ( "Axhimc8", "Jcahkc1017247", "W864-8897", 6 );
INSERT INTO BasketContains VALUES ( "Xxkwlhzefdbre8", "Sy1017457", "W864-9595", 46 );
INSERT INTO BasketContains VALUES ( "Dol7", "Tq1017394", "W850-4788", 48 );
INSERT INTO BasketContains VALUES ( "Oxplperwjddaorxj5", "Qaen1017163", "C132-1061", 46 );
INSERT INTO BasketContains VALUES ( "Epumzsfsgozqlvlx9", "Gj1017212", "W833-0439", 13 );
INSERT INTO BasketContains VALUES ( "Niqrzzvyrhie4", "Rdy1017135", "W864-9993", 27 );
INSERT INTO BasketContains VALUES ( "Sgihpvztapmhqsmp10", "Gtfhfa1017177", "W843-9961", 0 );
INSERT INTO BasketContains VALUES ( "Epumzsfsgozqlvlx9", "Ypz1017513", "W105-3373", 3 );
INSERT INTO BasketContains VALUES ( "Jfdbhftrjji14", "Hempzo1017233", "C166-0915", 20 );
INSERT INTO BasketContains VALUES ( "Reg13", "Eciwtn1017289", "W863-0278", 5 );
INSERT INTO BasketContains VALUES ( "Sgihpvztapmhqsmp10", "Qpq1017499", "C171-5589", 36 );
INSERT INTO BasketContains VALUES ( "Erwbluwbovwydr9", "Klxi1017268", "W140-1862", 38 );
INSERT INTO BasketContains VALUES ( "Kvhfssevwuwvguwtr3", "Slk1017471", "W818-0542", 13 );
INSERT INTO BasketContains VALUES ( "Mqyaqwioyx10", "Odh1017506", "C177-1406", 15 );
INSERT INTO BasketContains VALUES ( "Yamjrnhdiwmwkzi14", "Asye1017142", "C132-2848", 1 );
INSERT INTO BasketContains VALUES ( "Dvmkkhencazltjla7", "Aux1017296", "C177-0805", 37 );
INSERT INTO BasketContains VALUES ( "Llefuhxnxgoudmswi10", "Grjmx1017345", "W864-9595", 33 );
INSERT INTO BasketContains VALUES ( "Fkxba5", "Hempzo1017233", "W818-0542", 20 );
INSERT INTO BasketContains VALUES ( "Mqyaqwioyx10", "Dgmrye1017443", "W868-0699", 17 );
INSERT INTO BasketContains VALUES ( "Mksxuq12", "Pky1017359", "W864-5304", 36 );
INSERT INTO BasketContains VALUES ( "Soiclcjgibsf4", "Bm1017121", "W113-7949", 32 );
INSERT INTO BasketContains VALUES ( "Erwbluwbovwydr9", "Ybmraw1017478", "W848-9197", 44 );
INSERT INTO BasketContains VALUES ( "Nwghilyudzaihfb4", "Pky1017359", "W864-9993", 39 );
INSERT INTO BasketContains VALUES ( "Jfdbhftrjji14", "Hilc1017114", "W863-0278", 40 );
INSERT INTO BasketContains VALUES ( "Erwbluwbovwydr9", "Ns1017303", "C101-5610", 12 );
INSERT INTO BasketContains VALUES ( "Xcegzaraqg5", "Jvzr1017107", "C100-4128", 16 );
INSERT INTO BasketContains VALUES ( "Xwb10", "Pky1017359", "W113-7949", 12 );
INSERT INTO BasketContains VALUES ( "Ezlmbovatbnuchnq4", "Vmlnqe1017450", "W879-0303", 31 );
INSERT INTO BasketContains VALUES ( "Rmojdvjxmlwex13", "Flrlaz1017373", "W868-0559", 42 );
INSERT INTO BasketContains VALUES ( "Lernjylxesvccej10", "Rdy1017135", "W833-0439", 33 );
INSERT INTO BasketContains VALUES ( "Mksxuq12", "Uowiju1017436", "W144-4371", 6 );
INSERT INTO BasketContains VALUES ( "Samzliuprleuzhk7", "Lzob1017219", "W819-0035", 36 );
INSERT INTO BasketContains VALUES ( "Euqniycisxm4", "Tumw1017338", "W820-0475", 16 );
INSERT INTO BasketContains VALUES ( "Mownccqhzs17", "Ex1017198", "W879-0011", 26 );
INSERT INTO BasketContains VALUES ( "Rmojdvjxmlwex13", "Lemi1017170", "W879-0011", 38 );
INSERT INTO BasketContains VALUES ( "Jzoyqydokjmqwf17", "Orywa1017128", "W879-4017", 12 );
INSERT INTO BasketContains VALUES ( "Dczc5", "Lemi1017170", "W843-9961", 4 );
INSERT INTO BasketContains VALUES ( "Euqniycisxm4", "Sy1017457", "W879-0011", 13 );
INSERT INTO BasketContains VALUES ( "Smkoslrnf5", "Gtfhfa1017177", "W849-9635", 5 );
INSERT INTO BasketContains VALUES ( "Tog9", "Jcahkc1017247", "C270-2661", 4 );
INSERT INTO BasketContains VALUES ( "Oxplperwjddaorxj5", "Orywa1017128", "W144-3123", 43 );
INSERT INTO BasketContains VALUES ( "Oxplperwjddaorxj5", "Qyx1017429", "C401-0111", 41 );
INSERT INTO BasketContains VALUES ( "Llefuhxnxgoudmswi10", "Vmlnqe1017450", "W102-4584", 15 );
INSERT INTO BasketContains VALUES ( "Szqxvj17", "Aux1017296", "W847-4821", 0 );
INSERT INTO BasketContains VALUES ( "Llefuhxnxgoudmswi10", "Wjep1017310", "W819-0035", 3 );
INSERT INTO BasketContains VALUES ( "Euqniycisxm4", "Hfxi1017464", "W864-9595", 19 );
INSERT INTO BasketContains VALUES ( "Rmojdvjxmlwex13", "Hilc1017114", "C166-0915", 27 );
INSERT INTO BasketContains VALUES ( "Lrpeduixhyckibppv3", "Nihptt1017422", "W102-4584", 16 );
INSERT INTO BasketContains VALUES ( "Vsqdglysmtcwcd17", "Djfbl1017408", "W879-3841", 16 );
INSERT INTO BasketContains VALUES ( "Wfstgqteyszo16", "Asye1017142", "W818-2911", 42 );
INSERT INTO BasketContains VALUES ( "Euqniycisxm4", "Wjep1017310", "W819-0035", 38 );
INSERT INTO BasketContains VALUES ( "Bnfbkbqrzasfoqo9", "Orywa1017128", "W864-5456", 32 );
INSERT INTO BasketContains VALUES ( "Jfdbhftrjji14", "Iqgte1017184", "W113-8133", 35 );
INSERT INTO BasketContains VALUES ( "Oxplperwjddaorxj5", "Kzrbn1017380", "C270-2661", 27 );
INSERT INTO BasketContains VALUES ( "Bgolawv5", "Tq1017394", "W879-3841", 5 );
INSERT INTO BasketContains VALUES ( "Samzliuprleuzhk7", "Djfbl1017408", "W820-0022", 16 );
INSERT INTO BasketContains VALUES ( "Vsqdglysmtcwcd17", "Hggrd1017485", "W113-7921", 0 );
INSERT INTO BasketContains VALUES ( "Xxkwlhzefdbre8", "Ns1017303", "C171-5516", 0 );
INSERT INTO BasketContains VALUES ( "Rmojdvjxmlwex13", "Wjep1017310", "C270-2661", 44 );
INSERT INTO BasketContains VALUES ( "Jbqshs13", "Mj1017254", "W863-0250", 46 );
INSERT INTO BasketContains VALUES ( "Iobnhfjbslwr10", "Pmbcb1017275", "W819-0035", 31 );
INSERT INTO BasketContains VALUES ( "Wuopnsbrirooiyey15", "Gq1017401", "C101-5601", 4 );
INSERT INTO BasketContains VALUES ( "Ojguy10", "Ztsjlf1017415", "W864-4697", 28 );
INSERT INTO BasketContains VALUES ( "Xxkwlhzefdbre8", "Zconr1017149", "W819-0026", 39 );
INSERT INTO BasketContains VALUES ( "Hriohpdg17", "Xk1017324", "W868-0680", 12 );
INSERT INTO BasketContains VALUES ( "Eebzovwlswvkz12", "Grjmx1017345", "W849-9635", 12 );
INSERT INTO BasketContains VALUES ( "Euqniycisxm4", "Gtfhfa1017177", "W843-9961", 44 );
INSERT INTO BasketContains VALUES ( "Kvhfssevwuwvguwtr3", "Di1017191", "W899-2442", 39 );
INSERT INTO BasketContains VALUES ( "Nwghilyudzaihfb4", "Hfxi1017464", "C171-6065", 49 );
INSERT INTO BasketContains VALUES ( "Qwexmjuih9", "Slk1017471", "W879-0303", 7 );
INSERT INTO BasketContains VALUES ( "Kvhfssevwuwvguwtr3", "Gfr1017100", "W879-4017", 10 );
INSERT INTO BasketContains VALUES ( "Bgolawv5", "Gtfhfa1017177", "W850-0029", 14 );
INSERT INTO BasketContains VALUES ( "Lhnqsnwhhaa10", "Odh1017506", "W828-0064", 1 );
INSERT INTO BasketContains VALUES ( "Mac7", "Eciwtn1017289", "C401-0148", 30 );
INSERT INTO BasketContains VALUES ( "Drqyljbvzt15", "Qyx1017429", "W833-0439", 19 );
INSERT INTO BasketContains VALUES ( "Reg13", "Xk1017324", "W847-4821", 16 );
INSERT INTO BasketContains VALUES ( "Epumzsfsgozqlvlx9", "Djfbl1017408", "W140-1862", 39 );
INSERT INTO BasketContains VALUES ( "Kvhfssevwuwvguwtr3", "Tq1017394", "C270-2661", 19 );
INSERT INTO BasketContains VALUES ( "Nwghilyudzaihfb4", "Npqhgv1017352", "W843-9961", 4 );
INSERT INTO BasketContains VALUES ( "Mownccqhzs17", "Slk1017471", "W140-1862", 21 );
INSERT INTO BasketContains VALUES ( "Xxkwlhzefdbre8", "Bfu1017261", "W864-5456", 33 );
INSERT INTO BasketContains VALUES ( "Ocz13", "Ypz1017513", "W875-7238", 47 );
INSERT INTO BasketContains VALUES ( "Rmojdvjxmlwex13", "Djfbl1017408", "C132-2848", 14 );
INSERT INTO BasketContains VALUES ( "Dvmkkhencazltjla7", "Lzob1017219", "W846-5753", 40 );
INSERT INTO BasketContains VALUES ( "Wuopnsbrirooiyey15", "Sy1017457", "W863-0250", 22 );
INSERT INTO BasketContains VALUES ( "Llefuhxnxgoudmswi10", "Bfu1017261", "C101-5601", 27 );
INSERT INTO BasketContains VALUES ( "Xwb10", "Flrlaz1017373", "W846-5753", 8 );
INSERT INTO BasketContains VALUES ( "Eebzovwlswvkz12", "Ymet1017317", "C100-2102", 35 );
INSERT INTO BasketContains VALUES ( "Qwexmjuih9", "Asye1017142", "W843-9961", 17 );
INSERT INTO BasketContains VALUES ( "Ojguy10", "Ik1017282", "W819-0026", 13 );
INSERT INTO BasketContains VALUES ( "Ixyavfkrpypcsdqsi15", "Djfbl1017408", "W820-0022", 8 );
INSERT INTO BasketContains VALUES ( "Wiiyzyhuacopppiqe5", "Gtfhfa1017177", "W845-0900", 46 );
INSERT INTO BasketContains VALUES ( "Rfydfgkz9", "Npqhgv1017352", "W818-2911", 10 );
INSERT INTO BasketContains VALUES ( "Ojguy10", "Mj1017254", "C131-0092", 44 );
INSERT INTO BasketContains VALUES ( "Szqxvj17", "Flrlaz1017373", "W864-4697", 21 );
INSERT INTO BasketContains VALUES ( "Wuopnsbrirooiyey15", "Ex1017198", "W847-4821", 38 );
INSERT INTO BasketContains VALUES ( "Axhimc8", "Grjmx1017345", "W113-8133", 21 );
INSERT INTO BasketContains VALUES ( "Cyqoknuhdnmokm15", "Hfxi1017464", "W864-9595", 39 );
INSERT INTO BasketContains VALUES ( "Tog9", "Slk1017471", "W868-0559", 8 );
INSERT INTO BasketContains VALUES ( "Soiclcjgibsf4", "Ycplqo1017366", "W820-0022", 45 );
INSERT INTO BasketContains VALUES ( "Xwb10", "Sy1017457", "W864-4697", 25 );
INSERT INTO BasketContains VALUES ( "Ryykdio9", "Uv1017492", "W868-0559", 9 );
INSERT INTO BasketContains VALUES ( "Smkoslrnf5", "Ycplqo1017366", "C100-2102", 21 );
INSERT INTO BasketContains VALUES ( "Meazeuu14", "Grjmx1017345", "W833-0439", 1 );
INSERT INTO BasketContains VALUES ( "Bnfbkbqrzasfoqo9", "Jcahkc1017247", "C177-1424", 18 );
INSERT INTO BasketContains VALUES ( "Ezlmbovatbnuchnq4", "Pky1017359", "W819-0026", 5 );
INSERT INTO BasketContains VALUES ( "Lernjylxesvccej10", "Di1017191", "W828-0019", 27 );
INSERT INTO BasketContains VALUES ( "Bgolawv5", "Tumw1017338", "W833-0439", 20 );
INSERT INTO BasketContains VALUES ( "Epumzsfsgozqlvlx9", "Orywa1017128", "W847-4821", 11 );
INSERT INTO BasketContains VALUES ( "Meazeuu14", "Nihptt1017422", "W843-8704", 30 );
INSERT INTO BasketContains VALUES ( "Euqniycisxm4", "Zompmm1017226", "C166-0915", 25 );
INSERT INTO BasketContains VALUES ( "Mksxuq12", "Npqhgv1017352", "W846-2808", 4 );
INSERT INTO BasketContains VALUES ( "Ixyavfkrpypcsdqsi15", "Tq1017394", "W105-3373", 24 );
INSERT INTO BasketContains VALUES ( "Rfydfgkz9", "Oul1017387", "W850-4788", 0 );
INSERT INTO BasketContains VALUES ( "Niqrzzvyrhie4", "Lemi1017170", "C171-5516", 3 );
INSERT INTO BasketContains VALUES ( "Dczc5", "Gtfhfa1017177", "W868-0699", 44 );
INSERT INTO BasketContains VALUES ( "Erwbluwbovwydr9", "Eciwtn1017289", "C177-1424", 19 );
INSERT INTO BasketContains VALUES ( "Bnfbkbqrzasfoqo9", "Lemi1017170", "C100-1811", 10 );
INSERT INTO BasketContains VALUES ( "Ezlmbovatbnuchnq4", "Nihptt1017422", "W818-2911", 24 );
INSERT INTO BasketContains VALUES ( "Lhnqsnwhhaa10", "Gtfhfa1017177", "W850-0029", 32 );
INSERT INTO BasketContains VALUES ( "Soiclcjgibsf4", "Ns1017303", "W818-2911", 8 );
INSERT INTO BasketContains VALUES ( "Sgihpvztapmhqsmp10", "Hfxi1017464", "W864-5313", 39 );
INSERT INTO BasketContains VALUES ( "Dczc5", "Grjmx1017345", "W864-5456", 13 );
INSERT INTO BasketContains VALUES ( "Fkxba5", "Ns1017303", "C142-0016", 2 );
INSERT INTO BasketContains VALUES ( "Tog9", "Klxi1017268", "C142-0016", 23 );
INSERT INTO BasketContains VALUES ( "Ezlmbovatbnuchnq4", "Hilc1017114", "C401-0111", 24 );
INSERT INTO BasketContains VALUES ( "Meazeuu14", "Ybmraw1017478", "W828-0064", 48 );
INSERT INTO BasketContains VALUES ( "Llefuhxnxgoudmswi10", "Eciwtn1017289", "W863-0250", 14 );
INSERT INTO BasketContains VALUES ( "Xwb10", "Gtfhfa1017177", "W875-7238", 35 );
INSERT INTO BasketContains VALUES ( "Mac7", "Odh1017506", "C101-5601", 42 );
INSERT INTO BasketContains VALUES ( "Rmojdvjxmlwex13", "Orywa1017128", "W888-1818", 8 );
INSERT INTO BasketContains VALUES ( "Eebzovwlswvkz12", "Gj1017212", "W868-0680", 48 );
INSERT INTO BasketContains VALUES ( "Hriohpdg17", "Hempzo1017233", "W864-8541", 24 );
INSERT INTO BasketContains VALUES ( "Dczc5", "Slk1017471", "C171-5516", 37 );
INSERT INTO BasketContains VALUES ( "Rmojdvjxmlwex13", "Ybmraw1017478", "W846-5753", 20 );
INSERT INTO BasketContains VALUES ( "Zqynidc16", "Gtfhfa1017177", "C132-2848", 33 );
INSERT INTO BasketContains VALUES ( "Mqyaqwioyx10", "Tq1017394", "W102-4584", 40 );
INSERT INTO BasketContains VALUES ( "Vsqdglysmtcwcd17", "Zconr1017149", "W846-2808", 20 );
INSERT INTO BasketContains VALUES ( "Tynqyzhhzktuuqy3", "Oul1017387", "W847-4821", 49 );
INSERT INTO BasketContains VALUES ( "Drqyljbvzt15", "Jcahkc1017247", "W879-4017", 45 );
INSERT INTO BasketContains VALUES ( "Epumzsfsgozqlvlx9", "Uowiju1017436", "C132-1070", 30 );
INSERT INTO BasketContains VALUES ( "Mqyaqwioyx10", "Flrlaz1017373", "W850-0029", 40 );
INSERT INTO BasketContains VALUES ( "Mownccqhzs17", "Tq1017394", "C100-1811", 18 );
INSERT INTO BasketContains VALUES ( "Ixyavfkrpypcsdqsi15", "Slk1017471", "W864-9993", 16 );
INSERT INTO BasketContains VALUES ( "Reg13", "Eciwtn1017289", "C142-0016", 0 );
INSERT INTO BasketContains VALUES ( "Zqynidc16", "Iqgte1017184", "W113-8133", 23 );
INSERT INTO BasketContains VALUES ( "Xwb10", "Asye1017142", "W846-5753", 17 );
INSERT INTO BasketContains VALUES ( "Jfdbhftrjji14", "Tumw1017338", "W863-0250", 14 );
INSERT INTO BasketContains VALUES ( "Tog9", "Gtfhfa1017177", "W849-9635", 2 );
INSERT INTO BasketContains VALUES ( "Bgolawv5", "Qyx1017429", "C132-2848", 28 );
INSERT INTO BasketContains VALUES ( "Qwexmjuih9", "Tq1017394", "W888-1818", 47 );
INSERT INTO BasketContains VALUES ( "Bgolawv5", "Xk1017324", "W864-5456", 9 );
INSERT INTO BasketContains VALUES ( "Dvmkkhencazltjla7", "Tumw1017338", "W863-0250", 17 );
INSERT INTO BasketContains VALUES ( "Rfydfgkz9", "Bfu1017261", "W144-4371", 30 );
INSERT INTO BasketContains VALUES ( "Szqxvj17", "Eciwtn1017289", "W864-9993", 3 );
INSERT INTO BasketContains VALUES ( "Lrpeduixhyckibppv3", "Orywa1017128", "W864-8541", 48 );
INSERT INTO BasketContains VALUES ( "Bgolawv5", "Pmbcb1017275", "W846-5753", 29 );
INSERT INTO BasketContains VALUES ( "Kvhfssevwuwvguwtr3", "Grjmx1017345", "W828-0064", 26 );
INSERT INTO BasketContains VALUES ( "Rmojdvjxmlwex13", "Ybmraw1017478", "W113-8133", 33 );
INSERT INTO BasketContains VALUES ( "Nwghilyudzaihfb4", "Kzrbn1017380", "W879-4017", 21 );
INSERT INTO BasketContains VALUES ( "Niqrzzvyrhie4", "Uowiju1017436", "W868-0699", 32 );
INSERT INTO BasketContains VALUES ( "Rmojdvjxmlwex13", "Slk1017471", "W864-4697", 39 );


INSERT INTO OrderContains VALUES ( "W868-0945", "IO-Of1018100", 0, 36 );
INSERT INTO OrderContains VALUES ( "C132-2848", "IO-Y1018117", 0, 47 );
INSERT INTO OrderContains VALUES ( "C100-2111", "IO-Tmat1018134", 0, 14 );
INSERT INTO OrderContains VALUES ( "W850-0029", "IO-F1018151", 0, 1 );
INSERT INTO OrderContains VALUES ( "C171-5589", "IO-Hox1018168", 0, 21 );
INSERT INTO OrderContains VALUES ( "C102-3071", "IO-L1018185", 0, 7 );
INSERT INTO OrderContains VALUES ( "C171-5516", "IO-Qsci1018202", 0, 15 );
INSERT INTO OrderContains VALUES ( "C166-0915", "IO-Fv1018219", 0, 47 );
INSERT INTO OrderContains VALUES ( "W849-9635", "IO-Xhkj1018236", 0, 47 );
INSERT INTO OrderContains VALUES ( "W863-0278", "IO-P1018253", 0, 47 );
INSERT INTO OrderContains VALUES ( "W864-9993", "IO-Hkd1018270", 0, 23 );
INSERT INTO OrderContains VALUES ( "W845-0900", "IO-H1018287", 0, 4 );
INSERT INTO OrderContains VALUES ( "W819-0026", "IO-Fctx1018304", 0, 43 );
INSERT INTO OrderContains VALUES ( "W846-2808", "IO-X1018321", 0, 49 );
INSERT INTO OrderContains VALUES ( "C171-5589", "IO-O1018338", 0, 31 );
INSERT INTO OrderContains VALUES ( "W850-4788", "IO-Qqd1018355", 0, 33 );
INSERT INTO OrderContains VALUES ( "W850-0029", "IO-Ej1018372", 0, 32 );
INSERT INTO OrderContains VALUES ( "W846-2808", "IO-P1018389", 0, 28 );
INSERT INTO OrderContains VALUES ( "W846-5753", "IO-Rt1018406", 0, 28 );
INSERT INTO OrderContains VALUES ( "C132-1070", "IO-Nl1018423", 0, 46 );
INSERT INTO OrderContains VALUES ( "W819-0026", "IO-G1018440", 0, 0 );
INSERT INTO OrderContains VALUES ( "C102-3071", "IO-Z1018457", 0, 0 );
INSERT INTO OrderContains VALUES ( "W843-9961", "IO-Z1018474", 0, 19 );
INSERT INTO OrderContains VALUES ( "W864-5304", "IO-Faau1018491", 0, 34 );
INSERT INTO OrderContains VALUES ( "C102-3071", "IO-Rryg1018508", 0, 13 );
INSERT INTO OrderContains VALUES ( "W818-0542", "IO-Smlu1018525", 0, 13 );
INSERT INTO OrderContains VALUES ( "W868-0699", "IO-Pq1018542", 0, 23 );
INSERT INTO OrderContains VALUES ( "W818-0542", "IO-Spn1018559", 0, 42 );
INSERT INTO OrderContains VALUES ( "C100-1811", "IO-Yvs1018576", 0, 32 );
INSERT INTO OrderContains VALUES ( "W850-4788", "IO-Lte1018593", 0, 16 );
INSERT INTO OrderContains VALUES ( "W144-3123", "IO-M1018610", 0, 39 );
INSERT INTO OrderContains VALUES ( "C401-0111", "IO-Jl1018627", 0, 41 );
INSERT INTO OrderContains VALUES ( "W863-0278", "IO-Tz1018644", 0, 49 );
INSERT INTO OrderContains VALUES ( "C171-5516", "IO-N1018661", 0, 35 );
INSERT INTO OrderContains VALUES ( "C132-1061", "IO-Ri1018678", 0, 21 );
INSERT INTO OrderContains VALUES ( "W863-0278", "IO-C1018695", 0, 10 );
INSERT INTO OrderContains VALUES ( "W843-9961", "IO-W1018712", 0, 32 );
INSERT INTO OrderContains VALUES ( "W864-9993", "IO-Qxqu1018729", 0, 22 );
INSERT INTO OrderContains VALUES ( "W864-5313", "IO-Kup1018746", 0, 49 );
INSERT INTO OrderContains VALUES ( "W102-4584", "IO-Msc1018763", 0, 44 );
INSERT INTO OrderContains VALUES ( "C100-4128", "IO-S1018780", 0, 37 );
INSERT INTO OrderContains VALUES ( "W818-2911", "IO-Bgkk1018797", 0, 0 );
INSERT INTO OrderContains VALUES ( "W863-0250", "IO-Uze1018814", 0, 41 );
INSERT INTO OrderContains VALUES ( "W864-9993", "IO-Qf1018831", 0, 20 );
INSERT INTO OrderContains VALUES ( "W846-2808", "IO-Y1018848", 0, 32 );
INSERT INTO OrderContains VALUES ( "W843-9961", "IO-Fjtf1018865", 0, 5 );
INSERT INTO OrderContains VALUES ( "C401-0111", "IO-L1018882", 0, 47 );
INSERT INTO OrderContains VALUES ( "W864-5304", "IO-Pwip1018899", 0, 11 );
INSERT INTO OrderContains VALUES ( "W850-0029", "IO-Sntm1018916", 0, 0 );
INSERT INTO OrderContains VALUES ( "W850-0029", "IO-R1018933", 0, 33 );
INSERT INTO OrderContains VALUES ( "W820-0022", "IO-Ksor1018950", 0, 8 );
INSERT INTO OrderContains VALUES ( "W819-0026", "IO-Djl1018967", 0, 14 );
INSERT INTO OrderContains VALUES ( "C171-5516", "IO-Gl1018984", 0, 34 );
INSERT INTO OrderContains VALUES ( "C171-5589", "IO-Y1019001", 0, 32 );
INSERT INTO OrderContains VALUES ( "C102-3071", "IO-Wewh1019018", 0, 35 );
INSERT INTO OrderContains VALUES ( "W868-0559", "IO-W1019035", 0, 1 );
INSERT INTO OrderContains VALUES ( "W863-0278", "IO-Jx1019052", 0, 8 );
INSERT INTO OrderContains VALUES ( "W102-4584", "IO-N1019069", 0, 12 );
INSERT INTO OrderContains VALUES ( "C142-0016", "IO-C1019086", 0, 13 );
INSERT INTO OrderContains VALUES ( "W850-4788", "IO-Zim1019103", 0, 11 );
INSERT INTO OrderContains VALUES ( "W849-9635", "IO-Vh1019120", 0, 39 );
INSERT INTO OrderContains VALUES ( "W864-5313", "IO-Z1019137", 0, 2 );
INSERT INTO OrderContains VALUES ( "C142-0034", "IO-Nu1019154", 0, 26 );
INSERT INTO OrderContains VALUES ( "W864-5304", "IO-Curk1019171", 0, 31 );
INSERT INTO OrderContains VALUES ( "C401-0111", "IO-U1019188", 0, 6 );
INSERT INTO OrderContains VALUES ( "W828-0064", "IO-W1019205", 0, 23 );
INSERT INTO OrderContains VALUES ( "W144-4371", "IO-Tieo1019222", 0, 13 );
INSERT INTO OrderContains VALUES ( "W833-0439", "IO-L1019239", 0, 32 );
INSERT INTO OrderContains VALUES ( "W828-0019", "IO-Wj1019256", 0, 45 );
INSERT INTO OrderContains VALUES ( "W863-0250", "IO-Ob1019273", 0, 22 );
INSERT INTO OrderContains VALUES ( "C102-3071", "IO-Wy1019290", 0, 16 );
INSERT INTO OrderContains VALUES ( "W818-2911", "IO-Feya1019307", 0, 33 );
INSERT INTO OrderContains VALUES ( "W105-3373", "IO-B1019324", 0, 49 );
INSERT INTO OrderContains VALUES ( "W864-9595", "IO-E1019341", 0, 13 );
INSERT INTO OrderContains VALUES ( "C401-0148", "IO-Lg1019358", 0, 38 );
INSERT INTO OrderContains VALUES ( "C100-2111", "IO-Qw1019375", 0, 41 );
INSERT INTO OrderContains VALUES ( "W845-0900", "IO-U1019392", 0, 24 );
INSERT INTO OrderContains VALUES ( "W864-9595", "IO-O1019409", 0, 27 );
INSERT INTO OrderContains VALUES ( "W843-8704", "IO-L1019426", 0, 21 );
INSERT INTO OrderContains VALUES ( "W843-9961", "IO-Hebw1019443", 0, 18 );
INSERT INTO OrderContains VALUES ( "W113-8133", "IO-T1019460", 0, 49 );
INSERT INTO OrderContains VALUES ( "C177-0805", "IO-Muaa1019477", 0, 43 );
INSERT INTO OrderContains VALUES ( "W888-1818", "IO-Jy1019494", 0, 5 );
INSERT INTO OrderContains VALUES ( "W864-4697", "IO-Tjuq1019511", 0, 38 );
INSERT INTO OrderContains VALUES ( "W868-0559", "IO-Mn1019528", 0, 19 );
INSERT INTO OrderContains VALUES ( "W144-3123", "IO-X1019545", 0, 8 );
INSERT INTO OrderContains VALUES ( "C101-5610", "IO-Z1019562", 0, 45 );
INSERT INTO OrderContains VALUES ( "W864-5304", "IO-U1019579", 0, 39 );
INSERT INTO OrderContains VALUES ( "C101-5601", "IO-Ilm1019596", 0, 23 );
INSERT INTO OrderContains VALUES ( "W863-0250", "IO-Gmtr1019613", 0, 15 );
INSERT INTO OrderContains VALUES ( "W879-0303", "IO-Na1019630", 0, 21 );
INSERT INTO OrderContains VALUES ( "W828-0019", "IO-I1019647", 0, 22 );
INSERT INTO OrderContains VALUES ( "C401-0148", "IO-Yj1019664", 0, 5 );
INSERT INTO OrderContains VALUES ( "W845-0900", "IO-Okc1019681", 0, 34 );
INSERT INTO OrderContains VALUES ( "W879-0303", "IO-Lbn1019698", 0, 22 );
INSERT INTO OrderContains VALUES ( "W864-8897", "IO-Rhr1019715", 0, 19 );
INSERT INTO OrderContains VALUES ( "W102-4584", "IO-Clp1019732", 0, 12 );
INSERT INTO OrderContains VALUES ( "W819-0026", "IO-Yy1019749", 0, 33 );
INSERT INTO OrderContains VALUES ( "W846-5753", "IO-Whpv1019766", 0, 49 );
INSERT INTO OrderContains VALUES ( "W864-8897", "IO-J1019783", 0, 14 );
INSERT INTO OrderContains VALUES ( "C166-0915", "IO-Op1019800", 0, 39 );
INSERT INTO OrderContains VALUES ( "W899-2442", "IO-Bl1019817", 0, 4 );
INSERT INTO OrderContains VALUES ( "W113-7949", "IO-Fsov1019834", 0, 16 );
INSERT INTO OrderContains VALUES ( "W818-2911", "IO-R1019851", 0, 2 );
INSERT INTO OrderContains VALUES ( "W820-0475", "IO-X1019868", 0, 22 );
INSERT INTO OrderContains VALUES ( "W864-5456", "IO-Md1019885", 0, 2 );
INSERT INTO OrderContains VALUES ( "C171-6065", "IO-R1019902", 0, 34 );
INSERT INTO OrderContains VALUES ( "W864-9595", "IO-Hz1019919", 0, 48 );
INSERT INTO OrderContains VALUES ( "C132-1070", "IO-Pg1019936", 0, 29 );
INSERT INTO OrderContains VALUES ( "C100-2111", "IO-Sg1019953", 0, 0 );
INSERT INTO OrderContains VALUES ( "C166-0915", "IO-Ml1019970", 0, 31 );
INSERT INTO OrderContains VALUES ( "C270-2661", "IO-Aaa1019987", 0, 6 );
INSERT INTO OrderContains VALUES ( "W843-9961", "IO-Vp1020004", 0, 13 );
INSERT INTO OrderContains VALUES ( "W899-2442", "IO-Uv1020021", 0, 21 );
INSERT INTO OrderContains VALUES ( "W868-0680", "IO-Qe1020038", 0, 37 );
INSERT INTO OrderContains VALUES ( "W828-0019", "IO-T1020055", 0, 6 );
INSERT INTO OrderContains VALUES ( "W144-4371", "IO-Bowj1020072", 0, 28 );
INSERT INTO OrderContains VALUES ( "C142-0016", "IO-Z1020089", 0, 29 );
INSERT INTO OrderContains VALUES ( "W144-4371", "IO-D1020106", 0, 40 );
INSERT INTO OrderContains VALUES ( "W113-7949", "IO-Z1020123", 0, 44 );
INSERT INTO OrderContains VALUES ( "C177-1406", "IO-Dnj1020140", 0, 35 );
INSERT INTO OrderContains VALUES ( "W875-7238", "IO-H1020157", 0, 12 );
INSERT INTO OrderContains VALUES ( "W868-0699", "IO-Lcno1020174", 0, 7 );
INSERT INTO OrderContains VALUES ( "C142-0016", "IO-P1020191", 0, 6 );
INSERT INTO OrderContains VALUES ( "W849-9635", "IO-Lde1020208", 0, 33 );
INSERT INTO OrderContains VALUES ( "C270-2661", "IO-C1020225", 0, 39 );
INSERT INTO OrderContains VALUES ( "C401-0148", "IO-I1020242", 0, 13 );
INSERT INTO OrderContains VALUES ( "W879-0303", "IO-Txx1020259", 0, 15 );
INSERT INTO OrderContains VALUES ( "W820-0022", "IO-J1020276", 0, 25 );
INSERT INTO OrderContains VALUES ( "W879-4017", "IO-F1020293", 0, 18 );
INSERT INTO OrderContains VALUES ( "W864-5304", "IO-Yvze1020310", 0, 6 );
INSERT INTO OrderContains VALUES ( "C177-1424", "IO-K1020327", 0, 2 );
INSERT INTO OrderContains VALUES ( "C100-4128", "IO-O1020344", 0, 10 );
INSERT INTO OrderContains VALUES ( "W864-5456", "IO-Y1020361", 0, 24 );
INSERT INTO OrderContains VALUES ( "W113-8133", "IO-M1020378", 0, 34 );
INSERT INTO OrderContains VALUES ( "W820-0475", "IO-Ia1020395", 0, 5 );
INSERT INTO OrderContains VALUES ( "W864-4697", "IO-B1020412", 0, 8 );
INSERT INTO OrderContains VALUES ( "W845-0900", "IO-A1020429", 0, 49 );
INSERT INTO OrderContains VALUES ( "W864-9595", "IO-Ck1020446", 0, 37 );
INSERT INTO OrderContains VALUES ( "W819-0026", "IO-C1020463", 0, 31 );
INSERT INTO OrderContains VALUES ( "W868-0945", "IO-H1020480", 0, 23 );
INSERT INTO OrderContains VALUES ( "C142-0034", "IO-Fv1020497", 0, 31 );
INSERT INTO OrderContains VALUES ( "C171-6065", "IO-D1020514", 0, 43 );
INSERT INTO OrderContains VALUES ( "W818-2911", "IO-Llue1020531", 0, 7 );
INSERT INTO OrderContains VALUES ( "W864-8897", "IO-Iiw1020548", 0, 25 );
INSERT INTO OrderContains VALUES ( "C171-5516", "IO-Fdhg1020565", 0, 44 );
INSERT INTO OrderContains VALUES ( "C101-5601", "IO-N1020582", 0, 39 );
INSERT INTO OrderContains VALUES ( "C101-5601", "IO-L1020599", 0, 24 );
INSERT INTO OrderContains VALUES ( "C177-1424", "IO-X1020616", 0, 16 );
INSERT INTO OrderContains VALUES ( "W879-4017", "IO-Ywh1020633", 0, 13 );
INSERT INTO OrderContains VALUES ( "W140-1862", "IO-Zet1020650", 0, 14 );
INSERT INTO OrderContains VALUES ( "C100-4119", "IO-Myp1020667", 0, 46 );
INSERT INTO OrderContains VALUES ( "C177-0805", "IO-K1020684", 0, 5 );
INSERT INTO OrderContains VALUES ( "W864-5304", "IO-G1020701", 0, 27 );
INSERT INTO OrderContains VALUES ( "W819-0026", "IO-B1020718", 0, 41 );
INSERT INTO OrderContains VALUES ( "C401-0111", "IO-Rdos1020735", 0, 33 );
INSERT INTO OrderContains VALUES ( "C270-2661", "IO-Y1020752", 0, 8 );
INSERT INTO OrderContains VALUES ( "W864-4697", "IO-Uumx1020769", 0, 47 );
INSERT INTO OrderContains VALUES ( "W850-4788", "IO-Q1020786", 0, 6 );
INSERT INTO OrderContains VALUES ( "W845-0900", "IO-Y1020803", 0, 10 );
INSERT INTO OrderContains VALUES ( "W140-1862", "IO-Z1020820", 0, 5 );
INSERT INTO OrderContains VALUES ( "C177-1424", "IO-Jq1020837", 0, 31 );
INSERT INTO OrderContains VALUES ( "C131-0092", "IO-O1020854", 0, 46 );
INSERT INTO OrderContains VALUES ( "W113-7949", "IO-Vkf1020871", 0, 30 );
INSERT INTO OrderContains VALUES ( "W868-0680", "IO-Wuj1020888", 0, 7 );
INSERT INTO OrderContains VALUES ( "W864-4697", "IO-G1020905", 0, 8 );
INSERT INTO OrderContains VALUES ( "W864-9993", "IO-M1020922", 0, 37 );
INSERT INTO OrderContains VALUES ( "W849-9635", "IO-Zh1020939", 0, 13 );
INSERT INTO OrderContains VALUES ( "W843-8704", "IO-D1020956", 0, 12 );
INSERT INTO OrderContains VALUES ( "W864-9595", "IO-Q1020973", 0, 22 );
INSERT INTO OrderContains VALUES ( "C142-0016", "IO-Cm1020990", 0, 4 );
INSERT INTO OrderContains VALUES ( "W864-8897", "IO-D1021007", 0, 36 );
INSERT INTO OrderContains VALUES ( "W863-0278", "IO-Rpai1021024", 0, 49 );
INSERT INTO OrderContains VALUES ( "W819-0035", "IO-J1021041", 0, 41 );
INSERT INTO OrderContains VALUES ( "W864-5456", "IO-P1021058", 0, 1 );
INSERT INTO OrderContains VALUES ( "W875-7238", "IO-I1021075", 0, 6 );
INSERT INTO OrderContains VALUES ( "W864-8897", "IO-Ef1021092", 0, 0 );
INSERT INTO OrderContains VALUES ( "W820-0475", "IO-Cgv1021109", 0, 6 );
INSERT INTO OrderContains VALUES ( "W899-2442", "IO-X1021126", 0, 32 );
INSERT INTO OrderContains VALUES ( "W868-0699", "IO-Oa1021143", 0, 0 );
INSERT INTO OrderContains VALUES ( "W102-4584", "IO-K1021160", 0, 5 );
INSERT INTO OrderContains VALUES ( "W819-0026", "IO-Rmz1021177", 0, 27 );
INSERT INTO OrderContains VALUES ( "C100-2102", "IO-W1021194", 0, 24 );
INSERT INTO OrderContains VALUES ( "W846-5753", "IO-U1021211", 0, 6 );
INSERT INTO OrderContains VALUES ( "C401-0111", "IO-Xz1021228", 0, 14 );
INSERT INTO OrderContains VALUES ( "C166-0915", "IO-I1021245", 0, 1 );
INSERT INTO OrderContains VALUES ( "W888-1818", "IO-H1021262", 0, 2 );
INSERT INTO OrderContains VALUES ( "C142-0034", "IO-Oh1021279", 0, 22 );
INSERT INTO OrderContains VALUES ( "W820-0022", "IO-R1021296", 0, 15 );
INSERT INTO OrderContains VALUES ( "W864-8541", "IO-T1021313", 0, 22 );
INSERT INTO OrderContains VALUES ( "W113-7949", "IO-Bkda1021330", 0, 36 );
INSERT INTO OrderContains VALUES ( "C171-6065", "IO-Rnx1021347", 0, 13 );
INSERT INTO OrderContains VALUES ( "W828-0019", "IO-Bgfv1021364", 0, 24 );
INSERT INTO OrderContains VALUES ( "W864-5456", "IO-I1021381", 0, 25 );
INSERT INTO OrderContains VALUES ( "W879-3841", "IO-Zs1021398", 0, 30 );
INSERT INTO OrderContains VALUES ( "W849-9635", "IO-N1021415", 0, 46 );
INSERT INTO OrderContains VALUES ( "W820-0022", "IO-Pr1021432", 0, 42 );
INSERT INTO OrderContains VALUES ( "W879-0303", "IO-Hx1021449", 0, 17 );
INSERT INTO OrderContains VALUES ( "C171-5516", "IO-Jn1021466", 0, 41 );
INSERT INTO OrderContains VALUES ( "W879-3841", "IO-Llh1021483", 0, 46 );
INSERT INTO OrderContains VALUES ( "W868-0699", "IO-R1019851", 0, 28 );
INSERT INTO OrderContains VALUES ( "W864-9993", "IO-H1020480", 0, 41 );
INSERT INTO OrderContains VALUES ( "W820-0022", "IO-S1018780", 0, 6 );
INSERT INTO OrderContains VALUES ( "C100-2111", "IO-Faau1018491", 0, 35 );
INSERT INTO OrderContains VALUES ( "W833-0439", "IO-Z1020089", 0, 17 );
INSERT INTO OrderContains VALUES ( "W113-7921", "IO-N1020582", 0, 20 );
INSERT INTO OrderContains VALUES ( "W849-9635", "IO-C1018695", 0, 46 );
INSERT INTO OrderContains VALUES ( "W868-0559", "IO-Qxqu1018729", 0, 37 );
INSERT INTO OrderContains VALUES ( "W868-0945", "IO-Y1020361", 0, 32 );
INSERT INTO OrderContains VALUES ( "W828-0019", "IO-Rnx1021347", 0, 13 );
INSERT INTO OrderContains VALUES ( "C270-2661", "IO-Msc1018763", 0, 39 );
INSERT INTO OrderContains VALUES ( "W105-3373", "IO-Hz1019919", 0, 24 );
INSERT INTO OrderContains VALUES ( "C131-0092", "IO-E1019341", 0, 39 );
INSERT INTO OrderContains VALUES ( "W828-0019", "IO-Jx1019052", 0, 2 );
INSERT INTO OrderContains VALUES ( "W828-0019", "IO-Fdhg1020565", 0, 34 );
INSERT INTO OrderContains VALUES ( "W818-0542", "IO-E1019341", 0, 14 );
INSERT INTO OrderContains VALUES ( "W843-8704", "IO-C1020225", 0, 6 );
INSERT INTO OrderContains VALUES ( "C101-5601", "IO-U1021211", 0, 19 );
INSERT INTO OrderContains VALUES ( "C142-0034", "IO-Vp1020004", 0, 49 );
INSERT INTO OrderContains VALUES ( "W899-2442", "IO-Hox1018168", 0, 44 );
INSERT INTO OrderContains VALUES ( "W888-1818", "IO-L1018882", 0, 8 );
INSERT INTO OrderContains VALUES ( "W850-0029", "IO-Llue1020531", 0, 35 );
INSERT INTO OrderContains VALUES ( "C270-2661", "IO-Jy1019494", 0, 0 );
INSERT INTO OrderContains VALUES ( "W113-8133", "IO-Myp1020667", 0, 2 );
INSERT INTO OrderContains VALUES ( "W868-0945", "IO-Rpai1021024", 0, 14 );
INSERT INTO OrderContains VALUES ( "W828-0019", "IO-Tjuq1019511", 0, 23 );
INSERT INTO OrderContains VALUES ( "W864-9595", "IO-H1018287", 0, 47 );
INSERT INTO OrderContains VALUES ( "W863-0278", "IO-I1021075", 0, 12 );
INSERT INTO OrderContains VALUES ( "W833-0439", "IO-G1020905", 0, 22 );
INSERT INTO OrderContains VALUES ( "W144-4371", "IO-O1018338", 0, 41 );
INSERT INTO OrderContains VALUES ( "C171-5516", "IO-Sntm1018916", 0, 20 );
INSERT INTO OrderContains VALUES ( "C171-5516", "IO-Zet1020650", 0, 37 );
INSERT INTO OrderContains VALUES ( "C132-2848", "IO-Lde1020208", 0, 24 );
INSERT INTO OrderContains VALUES ( "W140-1862", "IO-Wewh1019018", 0, 18 );
INSERT INTO OrderContains VALUES ( "W863-0278", "IO-H1018287", 0, 2 );
INSERT INTO OrderContains VALUES ( "W888-1818", "IO-Spn1018559", 0, 28 );
INSERT INTO OrderContains VALUES ( "W868-0945", "IO-Yy1019749", 0, 5 );
INSERT INTO OrderContains VALUES ( "W888-1818", "IO-R1019902", 0, 47 );
INSERT INTO OrderContains VALUES ( "W864-8897", "IO-M1020378", 0, 23 );
INSERT INTO OrderContains VALUES ( "C270-2661", "IO-I1021075", 0, 28 );
INSERT INTO OrderContains VALUES ( "C142-0034", "IO-H1020157", 0, 11 );
INSERT INTO OrderContains VALUES ( "W888-1818", "IO-U1021211", 0, 37 );
INSERT INTO OrderContains VALUES ( "W144-4371", "IO-R1021296", 0, 6 );
INSERT INTO OrderContains VALUES ( "C142-0034", "IO-Wj1019256", 0, 18 );
INSERT INTO OrderContains VALUES ( "W102-4584", "IO-N1019069", 0, 43 );
INSERT INTO OrderContains VALUES ( "W850-0029", "IO-Z1019562", 0, 6 );
INSERT INTO OrderContains VALUES ( "W819-0026", "IO-Rmz1021177", 0, 30 );
INSERT INTO OrderContains VALUES ( "C100-2111", "IO-Yy1019749", 0, 34 );
INSERT INTO OrderContains VALUES ( "W818-0542", "IO-M1018610", 0, 4 );
INSERT INTO OrderContains VALUES ( "W828-0019", "IO-B1020412", 0, 44 );
INSERT INTO OrderContains VALUES ( "W140-1862", "IO-Uze1018814", 0, 42 );
INSERT INTO OrderContains VALUES ( "W899-2442", "IO-Y1018117", 0, 7 );
INSERT INTO OrderContains VALUES ( "W863-0278", "IO-T1019460", 0, 19 );
INSERT INTO OrderContains VALUES ( "W863-0250", "IO-Lte1018593", 0, 16 );
INSERT INTO OrderContains VALUES ( "W899-2442", "IO-O1020854", 0, 46 );
INSERT INTO OrderContains VALUES ( "W864-5456", "IO-W1021194", 0, 31 );
INSERT INTO OrderContains VALUES ( "C401-0148", "IO-Zh1020939", 0, 45 );
INSERT INTO OrderContains VALUES ( "C177-1406", "IO-H1020157", 0, 3 );
INSERT INTO OrderContains VALUES ( "W864-9595", "IO-Vkf1020871", 0, 41 );
INSERT INTO OrderContains VALUES ( "W864-5304", "IO-Of1018100", 0, 5 );
INSERT INTO OrderContains VALUES ( "W875-7238", "IO-D1020106", 0, 5 );
INSERT INTO OrderContains VALUES ( "W864-8897", "IO-Sntm1018916", 0, 9 );
INSERT INTO OrderContains VALUES ( "W820-0475", "IO-Wj1019256", 0, 35 );
INSERT INTO OrderContains VALUES ( "C142-0016", "IO-Pq1018542", 0, 39 );
INSERT INTO OrderContains VALUES ( "C177-1424", "IO-Z1020123", 0, 39 );
INSERT INTO OrderContains VALUES ( "C171-5516", "IO-O1020344", 0, 30 );
INSERT INTO OrderContains VALUES ( "C270-2661", "IO-Uze1018814", 0, 15 );
INSERT INTO OrderContains VALUES ( "W843-9961", "IO-W1019035", 0, 10 );
INSERT INTO OrderContains VALUES ( "C401-0148", "IO-Wy1019290", 0, 24 );
INSERT INTO OrderContains VALUES ( "C101-5601", "IO-Ob1019273", 0, 36 );
INSERT INTO OrderContains VALUES ( "W879-0011", "IO-Uv1020021", 0, 36 );
INSERT INTO OrderContains VALUES ( "W868-0559", "IO-I1021245", 0, 39 );
INSERT INTO OrderContains VALUES ( "C142-0016", "IO-W1019205", 0, 44 );
INSERT INTO OrderContains VALUES ( "C142-0016", "IO-F1020293", 0, 40 );
INSERT INTO OrderContains VALUES ( "C101-5610", "IO-Ob1019273", 0, 6 );
INSERT INTO OrderContains VALUES ( "W144-4371", "IO-Djl1018967", 0, 27 );
INSERT INTO OrderContains VALUES ( "C101-5610", "IO-I1021075", 0, 2 );
INSERT INTO OrderContains VALUES ( "C100-2111", "IO-Qw1019375", 0, 29 );
INSERT INTO OrderContains VALUES ( "C132-1061", "IO-Xz1021228", 0, 15 );
INSERT INTO OrderContains VALUES ( "W144-4371", "IO-K1020684", 0, 11 );
INSERT INTO OrderContains VALUES ( "W849-9635", "IO-N1019069", 0, 33 );
INSERT INTO OrderContains VALUES ( "W879-4017", "IO-Cgv1021109", 0, 18 );
INSERT INTO OrderContains VALUES ( "W144-3123", "IO-Hx1021449", 0, 16 );
INSERT INTO OrderContains VALUES ( "W845-0900", "IO-K1020327", 0, 34 );
INSERT INTO OrderContains VALUES ( "C100-2111", "IO-M1018610", 0, 14 );
INSERT INTO OrderContains VALUES ( "W845-0900", "IO-I1021245", 0, 45 );
INSERT INTO OrderContains VALUES ( "C171-5589", "IO-Jn1021466", 0, 28 );
INSERT INTO OrderContains VALUES ( "W868-0699", "IO-K1020684", 0, 25 );
INSERT INTO OrderContains VALUES ( "W846-2808", "IO-Yvze1020310", 0, 30 );
INSERT INTO OrderContains VALUES ( "W875-7238", "IO-Y1020752", 0, 37 );
INSERT INTO OrderContains VALUES ( "C177-0805", "IO-C1018695", 0, 5 );
INSERT INTO OrderContains VALUES ( "C270-2661", "IO-F1018151", 0, 45 );
INSERT INTO OrderContains VALUES ( "W849-9635", "IO-Md1019885", 0, 45 );
INSERT INTO OrderContains VALUES ( "W864-9993", "IO-Pwip1018899", 0, 11 );
INSERT INTO OrderContains VALUES ( "W113-7949", "IO-Oa1021143", 0, 2 );
INSERT INTO OrderContains VALUES ( "W144-3123", "IO-Dnj1020140", 0, 10 );
INSERT INTO OrderContains VALUES ( "W820-0475", "IO-B1020412", 0, 22 );
INSERT INTO OrderContains VALUES ( "W863-0278", "IO-Lte1018593", 0, 35 );
INSERT INTO OrderContains VALUES ( "C401-0148", "IO-Zh1020939", 0, 6 );
INSERT INTO OrderContains VALUES ( "W848-9197", "IO-Spn1018559", 0, 13 );
INSERT INTO OrderContains VALUES ( "W819-0026", "IO-I1019647", 0, 22 );
INSERT INTO OrderContains VALUES ( "C101-5610", "IO-Cgv1021109", 0, 27 );
INSERT INTO OrderContains VALUES ( "W113-7949", "IO-K1021160", 0, 4 );
INSERT INTO OrderContains VALUES ( "W847-4821", "IO-R1019902", 0, 31 );
INSERT INTO OrderContains VALUES ( "W113-7949", "IO-X1019545", 0, 44 );
INSERT INTO OrderContains VALUES ( "W879-0303", "IO-N1021415", 0, 30 );
INSERT INTO OrderContains VALUES ( "C132-2848", "IO-Md1019885", 0, 42 );
INSERT INTO OrderContains VALUES ( "W113-8133", "IO-Vp1020004", 0, 22 );
INSERT INTO OrderContains VALUES ( "W868-0699", "IO-O1019409", 0, 27 );
INSERT INTO OrderContains VALUES ( "C177-1406", "IO-R1018933", 0, 8 );
INSERT INTO OrderContains VALUES ( "W819-0035", "IO-A1020429", 0, 24 );
INSERT INTO OrderContains VALUES ( "C100-4119", "IO-Rdos1020735", 0, 47 );
INSERT INTO OrderContains VALUES ( "C100-4128", "IO-Ml1019970", 0, 11 );
INSERT INTO OrderContains VALUES ( "W864-5456", "IO-Ilm1019596", 0, 25 );
INSERT INTO OrderContains VALUES ( "W879-0011", "IO-Tmat1018134", 0, 34 );
INSERT INTO OrderContains VALUES ( "C131-0092", "IO-W1019205", 0, 44 );
INSERT INTO OrderContains VALUES ( "C132-2848", "IO-Muaa1019477", 0, 48 );
INSERT INTO OrderContains VALUES ( "C142-0034", "IO-Rdos1020735", 0, 35 );
INSERT INTO OrderContains VALUES ( "W864-8541", "IO-Nu1019154", 0, 10 );
INSERT INTO OrderContains VALUES ( "W847-4821", "IO-Jn1021466", 0, 3 );
INSERT INTO OrderContains VALUES ( "W846-2808", "IO-Z1018457", 0, 13 );
INSERT INTO OrderContains VALUES ( "C401-0111", "IO-Op1019800", 0, 49 );
INSERT INTO OrderContains VALUES ( "W828-0064", "IO-I1021381", 0, 28 );
INSERT INTO OrderContains VALUES ( "W875-7238", "IO-P1018253", 0, 39 );
INSERT INTO OrderContains VALUES ( "W819-0035", "IO-W1019035", 0, 48 );
INSERT INTO OrderContains VALUES ( "C177-1406", "IO-I1021245", 0, 1 );
INSERT INTO OrderContains VALUES ( "W868-0699", "IO-R1021296", 0, 44 );
INSERT INTO OrderContains VALUES ( "W864-4697", "IO-Rryg1018508", 0, 43 );
INSERT INTO OrderContains VALUES ( "W105-3373", "IO-Jn1021466", 0, 42 );
INSERT INTO OrderContains VALUES ( "C171-5516", "IO-Smlu1018525", 0, 14 );
INSERT INTO OrderContains VALUES ( "W868-0680", "IO-Q1020973", 0, 41 );
INSERT INTO OrderContains VALUES ( "C401-0111", "IO-Jq1020837", 0, 13 );
INSERT INTO OrderContains VALUES ( "W105-3373", "IO-Lg1019358", 0, 33 );
INSERT INTO OrderContains VALUES ( "W863-0278", "IO-Pwip1018899", 0, 43 );
INSERT INTO OrderContains VALUES ( "C171-6065", "IO-Iiw1020548", 0, 25 );
INSERT INTO OrderContains VALUES ( "C166-0915", "IO-D1021007", 0, 46 );
INSERT INTO OrderContains VALUES ( "W864-4697", "IO-X1018321", 0, 40 );
INSERT INTO OrderContains VALUES ( "W140-1862", "IO-Fv1018219", 0, 11 );
INSERT INTO OrderContains VALUES ( "W833-0439", "IO-S1018780", 0, 35 );
INSERT INTO OrderContains VALUES ( "W864-4697", "IO-Rpai1021024", 0, 33 );
INSERT INTO OrderContains VALUES ( "W888-1818", "IO-Md1019885", 0, 33 );
INSERT INTO OrderContains VALUES ( "C100-4119", "IO-Qsci1018202", 0, 36 );
INSERT INTO OrderContains VALUES ( "W113-7949", "IO-Of1018100", 0, 45 );
INSERT INTO OrderContains VALUES ( "W848-9197", "IO-O1019409", 0, 28 );
INSERT INTO OrderContains VALUES ( "W113-7921", "IO-Op1019800", 0, 37 );
INSERT INTO OrderContains VALUES ( "C132-2848", "IO-U1021211", 0, 31 );
INSERT INTO OrderContains VALUES ( "W868-0680", "IO-D1020956", 0, 18 );
INSERT INTO OrderContains VALUES ( "W868-0699", "IO-L1019239", 0, 44 );
INSERT INTO OrderContains VALUES ( "C100-1811", "IO-Muaa1019477", 0, 26 );
INSERT INTO OrderContains VALUES ( "W864-9595", "IO-Wuj1020888", 0, 18 );
INSERT INTO OrderContains VALUES ( "W113-8133", "IO-C1018695", 0, 33 );
INSERT INTO OrderContains VALUES ( "W845-0900", "IO-R1019851", 0, 34 );
INSERT INTO OrderContains VALUES ( "C166-0915", "IO-Iiw1020548", 0, 22 );
INSERT INTO OrderContains VALUES ( "C142-0016", "IO-Gmtr1019613", 0, 37 );
INSERT INTO OrderContains VALUES ( "C100-4119", "IO-Txx1020259", 0, 20 );
INSERT INTO OrderContains VALUES ( "W818-2911", "IO-A1020429", 0, 0 );
INSERT INTO OrderContains VALUES ( "C102-3071", "IO-Bgfv1021364", 0, 37 );
INSERT INTO OrderContains VALUES ( "W843-8704", "IO-Dnj1020140", 0, 30 );
INSERT INTO OrderContains VALUES ( "W846-5753", "IO-D1020956", 0, 31 );
INSERT INTO OrderContains VALUES ( "W863-0278", "IO-R1018933", 0, 35 );
INSERT INTO OrderContains VALUES ( "W818-2911", "IO-X1021126", 0, 12 );
INSERT INTO OrderContains VALUES ( "C270-2661", "IO-Rryg1018508", 0, 47 );
INSERT INTO OrderContains VALUES ( "C132-1070", "IO-Gmtr1019613", 0, 16 );
INSERT INTO OrderContains VALUES ( "C131-0092", "IO-Kup1018746", 0, 16 );
INSERT INTO OrderContains VALUES ( "W113-8133", "IO-Yy1019749", 0, 30 );
INSERT INTO OrderContains VALUES ( "C100-1811", "IO-S1018780", 0, 36 );
INSERT INTO OrderContains VALUES ( "W819-0035", "IO-Djl1018967", 0, 49 );
INSERT INTO OrderContains VALUES ( "W144-4371", "IO-Tjuq1019511", 0, 1 );
INSERT INTO OrderContains VALUES ( "C132-1070", "IO-Smlu1018525", 0, 9 );
INSERT INTO OrderContains VALUES ( "W848-9197", "IO-H1018287", 0, 29 );
INSERT INTO OrderContains VALUES ( "C131-0092", "IO-Ck1020446", 0, 21 );
INSERT INTO OrderContains VALUES ( "W843-8704", "IO-W1019035", 0, 4 );
INSERT INTO OrderContains VALUES ( "C100-2102", "IO-Hx1021449", 0, 31 );
INSERT INTO OrderContains VALUES ( "C171-5589", "IO-G1018440", 0, 39 );
INSERT INTO OrderContains VALUES ( "C100-2102", "IO-Jn1021466", 0, 39 );
INSERT INTO OrderContains VALUES ( "W864-8541", "IO-Op1019800", 0, 11 );
INSERT INTO OrderContains VALUES ( "W848-9197", "IO-G1018440", 0, 8 );
INSERT INTO OrderContains VALUES ( "C100-1811", "IO-Yj1019664", 0, 44 );
INSERT INTO OrderContains VALUES ( "W864-4697", "IO-Rhr1019715", 0, 30 );
INSERT INTO OrderContains VALUES ( "W819-0035", "IO-R1019902", 0, 47 );
INSERT INTO OrderContains VALUES ( "W850-0029", "IO-M1020378", 0, 0 );
INSERT INTO OrderContains VALUES ( "C100-2111", "IO-Ck1020446", 0, 44 );
INSERT INTO OrderContains VALUES ( "W828-0064", "IO-Pr1021432", 0, 48 );
INSERT INTO OrderContains VALUES ( "C101-5610", "IO-L1018185", 0, 8 );
INSERT INTO OrderContains VALUES ( "W879-4017", "IO-Jy1019494", 0, 19 );
INSERT INTO OrderContains VALUES ( "W864-5304", "IO-Tjuq1019511", 0, 30 );
INSERT INTO OrderContains VALUES ( "W879-0303", "IO-O1019409", 0, 18 );
INSERT INTO OrderContains VALUES ( "W828-0019", "IO-Pg1019936", 0, 10 );
INSERT INTO OrderContains VALUES ( "C132-1070", "IO-C1018695", 0, 28 );
INSERT INTO OrderContains VALUES ( "W818-2911", "IO-R1019902", 0, 46 );
INSERT INTO OrderContains VALUES ( "W864-9993", "IO-M1018610", 0, 21 );
INSERT INTO OrderContains VALUES ( "C177-0805", "IO-Gl1018984", 0, 19 );
INSERT INTO OrderContains VALUES ( "W868-0699", "IO-Uumx1020769", 0, 48 );
INSERT INTO OrderContains VALUES ( "W899-2442", "IO-B1020718", 0, 6 );
INSERT INTO OrderContains VALUES ( "C401-0148", "IO-Zet1020650", 0, 13 );
INSERT INTO OrderContains VALUES ( "W864-8897", "IO-O1019409", 0, 34 );
INSERT INTO OrderContains VALUES ( "W879-4017", "IO-Yy1019749", 0, 12 );
INSERT INTO OrderContains VALUES ( "W879-3841", "IO-B1020718", 0, 30 );
INSERT INTO OrderContains VALUES ( "W849-9635", "IO-K1020684", 0, 40 );
INSERT INTO OrderContains VALUES ( "C177-1424", "IO-C1020463", 0, 9 );


