INSERT INTO ITEM VALUES ( 'W864-5313', '가방', 'CRUSH 32', 0, '조', 1, 5, 128000, 'C1001922' );
INSERT INTO ITEM VALUES ( 'W864-9595', '가방', '루이스 힙색 4', 0, 'EA', 1, 4, 29000, 'B8433', 'C1001922' );
INSERT INTO ITEM VALUES ( 'W843-8704 ', '가방', '라인30', 0, 'EA', 1, 3, 145000, 'B8421', 'C1001922' );
INSERT INTO ITEM VALUES ( 'W848-9197', '배낭', '홀릭배낭(공용) 25L 그린', 0, 'EA', 1, 5, 68000, 'B8417', 'C1001922' );
INSERT INTO ITEM VALUES ( 'W846-5753', '워킹화', '라이트 쿨 공용', 0, '조', 1, 3, 189000, 'C1001923' );
INSERT INTO ITEM VALUES ( 'W833-0439', '워킹화', '레아 (250) 블랙', 0, '조', 1, 5, 99000, 'C1001923' );
INSERT INTO ITEM VALUES ( 'W864-8541 ', '워킹화', '일리노이 (280) 블랙', 0, '조', 1, 7, 209000, 'C1001923' );
INSERT INTO ITEM VALUES ( 'W864-9993', '워킹화', '보르도 남성용 (275) 브라운', 0, '조', 1, 10, 199000, 'B8433', 'C1001923' );
INSERT INTO ITEM VALUES ( 'W843-9961', '매트', '2인 사각매트리스(FREE) 카키', 0, '조', 1, 7, 36000, 'C1001924' );
INSERT INTO ITEM VALUES ( 'W864-5456', '침낭', '볼패딩 침낭 (FREE) NAVY', 0, 'EA', 1, 8, 119000, 'C1001924' );
INSERT INTO ITEM VALUES ( 'W864-5304', '텐트', '비-네스트 더블', 0, 'EA', 1, 8, 189000, 'C1001924' );
INSERT INTO ITEM VALUES ( 'W864-8897', '텐트', '카티즈 2IN1 베이지', 0, 'EA', 1, 10, 159000, 'B8433', 'C1001924' );
INSERT INTO ITEM VALUES ( 'W864-4697', '중화장화', '260', 0, '조', 1, 12, 33900, 'B8413', 'C1001925' );
INSERT INTO ITEM VALUES ( 'W899-2442', '패션방한장화', '265 밤색/남성', 0, '조', 1, 8, 16200, 'B8439', 'C1001925' );
INSERT INTO ITEM VALUES ( 'W849-9635', '방한화', 'K2-51 (260) 블랙', 0, '조', 1, 65, 84000, 'C1001925' );
INSERT INTO ITEM VALUES ( 'W850-4788', '방한부츠', '#81 (250)흑색/남성-반도형', 0, '조', 1, 35, 14400, 'B8439', 'C1001925' );
INSERT INTO ITEM VALUES ( 'W847-4821', '안전화끈', '브라운', 0, '조', 50, 41, 610, 'C1001926' );
INSERT INTO ITEM VALUES ( 'W845-0900 ', '안전화깔창', '265', 0, '조', 10, 48, 1520, 'B8418', 'C1001926' );
INSERT INTO ITEM VALUES ( 'W863-0250', '에어깔창', '260', 0, '조', 10, 32, 1390, 'B8408', 'C1001926' );
INSERT INTO ITEM VALUES ( 'W863-0278', '에어깔창', '270', 0, '조', 10, 45, 1390, 'B8408', 'C1001926' );
INSERT INTO ITEM VALUES ( 'W113-8133', '패션장화', 'SRB-01(270)', 0, '조', 1, 8, 7420, 'C1001927' );
INSERT INTO ITEM VALUES ( 'W888-1818', '패션장화', '신사(일반형) 270', 0, '조', 1, 6, 10700, 'C1001927' );
INSERT INTO ITEM VALUES ( 'W850-0029', '요딩안정장화', '270', 0, '조', 1, 4, 32200, 'B8413', 'C1001927' );
INSERT INTO ITEM VALUES ( 'W846-2808', '요딩안정장화', '(PS-01) 265', 0, '조', 1, 5, 29600, 'B8423', 'C1001927' );
INSERT INTO ITEM VALUES ( 'W879-0303', '백열전구', '300W투명신광', 0, 'EA', 20, 7, 2240, 'B8405', 'C1001916' );
INSERT INTO ITEM VALUES ( 'W879-0011', '형광등', '고주파(1등급)32EX-D', 0, 'EA', 25, 70, 2050, 'B8405', 'C1001916' );
INSERT INTO ITEM VALUES ( 'W113-7921', 'LED등기구', 'SM-LF30W(주광/30W)-일자등', 0, 'EA', 1, 48, 9800, 'C1001916' );
INSERT INTO ITEM VALUES ( 'W113-7949', 'LED전구', 'SM-LP8W(주광/8W)', 0, 'EA', 1, 97, 2800, 'C1001916' );
INSERT INTO ITEM VALUES ( 'W140-1862', '작업등-LED', 'KE-15(충전식)', 0, 'EA', 1, 88, 76000, 'B8438', 'C1001917' );
INSERT INTO ITEM VALUES ( 'W105-3373', '자바라등', 'SHT-WK0603(LED-자석자타입)', 0, 'EA', 1, 25, 23000, 'B8409', 'C1001917' );
INSERT INTO ITEM VALUES ( 'W875-7238', '충전식작업등', 'SL601-9L', 0, 'EA', 1, 100, 25500, 'B8424', 'C1001917' );
INSERT INTO ITEM VALUES ( 'W102-4584', '일반랜턴', 'SML-302-2L (LED)', 0, 'EA', 1, 74, 7200, 'B8407', 'C1001917' );
INSERT INTO ITEM VALUES ( 'W879-4017', '슬립투광기', 'SF-50FLS(=DI-SY-LED50W대체품)', 0, 'EA', 1, 21, 42900, 'B8431', 'C1001918' );
INSERT INTO ITEM VALUES ( 'W144-4371', '투광기-LED', 'BS-WTL20-2 (=BS-WNL20-2)', 0, 'EA', 1, 16, 93700, 'B8434', 'C1001918' );
INSERT INTO ITEM VALUES ( 'W144-3123', 'LED투광기(충전식)', 'BS-HCL20', 0, 'EA', 1, 5, 67900, 'B8434', 'C1001918' );
INSERT INTO ITEM VALUES ( 'W879-3841', 'LED 전자신호봉', '40x260mm', 0, 'EA', 1, 37, 5850, 'B8405', 'C1001918' );
INSERT INTO ITEM VALUES ( 'W868-0559', '실리콘', '909S 회색 270ml', 0, 'EA', 25, 25, 2440, 'B8416', 'C1001919' );
INSERT INTO ITEM VALUES ( 'W868-0699', '실리콘', 'OS투명 270ml', 0, 'EA', 25, 45, 2410, 'B8432', 'C1001919' );
INSERT INTO ITEM VALUES ( 'W868-0680', '실리콘', 'OS회색 270ml', 0, 'EA', 25, 59, 2150, 'B8432', 'C1001919' );
INSERT INTO ITEM VALUES ( 'W868-0945', '실리콘', 'OS반투명 270ml', 0, 'EA', 25, 63, 2410, 'B8432', 'C1001919' );
INSERT INTO ITEM VALUES ( 'W828-0019', '구리스(고온)', '1LB(400G)#41160', 0, 'EA', 1, 72, 18300, 'B8425', 'C1001920' );
INSERT INTO ITEM VALUES ( 'W828-0064', '구리스(튜브)', '85G (21030)', 0, 'EA', 1, 81, 7310, 'B8425', 'C1001920' );
INSERT INTO ITEM VALUES ( 'W818-2911', '뿌리는물그리스', 'MG-610 420ml', 0, 'EA', 1, 95, 2890, 'B8411', 'C1001920' );
INSERT INTO ITEM VALUES ( 'W818-0542', '구리스(액체)', 'G-LUB 10M 420ml', 0, 'EA', 1, 107, 11200, 'B8411', 'C1001920' );
INSERT INTO ITEM VALUES ( 'W819-0026', '스프레이(락카)', '은색', 0, 'EA', 40, 56, 1690, 'B8415', 'C1001921' );
INSERT INTO ITEM VALUES ( 'W819-0035', '스프레이(락카)', '적색', 0, 'EA', 40, 39, 1690, 'B8415', 'C1001921' );
INSERT INTO ITEM VALUES ( 'W820-0475', '스프레이(락카)', '사비', 0, 'EA', 40, 28, 2450, 'B8436', 'C1001921' );
INSERT INTO ITEM VALUES ( 'W820-0022', '스프레이(락카)', '은색', 0, 'EA', 40, 29, 1860, 'B8436', 'C1001921' );
INSERT INTO ITEM VALUES ( ' C132-1061', '막삽', 'HS-MS503', 0, 'EA', 10, 100, 7260, 'B8441', 'C1001931' );
INSERT INTO ITEM VALUES ( 'C132-1070', '각삽', 'HS-GS501', 0, 'EA', 10, 6, 7260, 'B8441', 'C1001931' );
INSERT INTO ITEM VALUES ( 'C132-2848', '낫', 'HS-CSS301(조선낫)', 0, 'EA', 10, 7, 4440, 'B8440', 'C1001931' );
INSERT INTO ITEM VALUES ( 'C270-2661', '낫', 'S-18', 0, 'EA', 10, 0, 4730, 'B8419', 'C1001931' );
INSERT INTO ITEM VALUES ( 'C177-1406', '각철', 'SM-AS1524(소소)', 0, 'EA', 300, 13, 110, 'C1001932' );
INSERT INTO ITEM VALUES ( 'C177-1424', '각철', 'SM-AS3024(중)', 0, 'EA', 200, 25, 180, 'C1001932' );
INSERT INTO ITEM VALUES ( 'C177-0805', '각철(스테인리스)', '소소(15*24)', 0, 'EA', 300, 64, 120, 'B8412', 'C1001932' );
INSERT INTO ITEM VALUES ( 'C166-0915', '문받침대(말굽)', 'DHS-101(소)', 0, 'EA', 30, 37, 1580, 'B8414', 'C1001932' );
INSERT INTO ITEM VALUES ( 'C100-2102', '냉가망치', '냉가망치', 0, 'EA', 1, 12, 6570, 'B8435', 'C1001933' );
INSERT INTO ITEM VALUES ( 'C131-0092', '용접망치(다용도)', '대', 0, 'EA', 1, 5, 12400, 'B8435', 'C1001933' );
INSERT INTO ITEM VALUES ( 'C100-2111', '오해머(화이버)', '3LBS', 0, 'EA', 1, 6, 8720, 'B8430', 'C1001933' );
INSERT INTO ITEM VALUES ( 'C100-1811', '볼망치', '4OZ', 0, 'EA', 1, 3, 3610, 'B8430', 'C1001933' );
INSERT INTO ITEM VALUES ( 'C142-0034', '건전지(알카라인)', 'LR6(AA)(1판=2EA)', 0, '판', 20, 6, 1000, 'B8420', 'C1001928' );
INSERT INTO ITEM VALUES ( 'C142-0016', '건전지(알카라인)', 'LR03(AAA)(1판=2EA)', 0, '판', 20, 6, 1000, 'B8420', 'C1001928' );
INSERT INTO ITEM VALUES ( 'C401-0111', '건전지(알카라인)', 'LR03(AAA)(1판=2EA)', 0, '판', 30, 23, 650, 'B8422', 'C1001928' );
INSERT INTO ITEM VALUES ( 'C401-0148', '건전지(망간)', 'R20(D)(1판=2EA)', 0, '판', 12, 35, 1100, 'B8422', 'C1001928' );
INSERT INTO ITEM VALUES ( 'C101-5601', '재단용가위', 'SM-260 GOLD', 0, 'EA', 1, 28, 16000, 'B8428', 'C1001929' );
INSERT INTO ITEM VALUES ( 'C101-5610', '재단용가위', 'SM-280 GOLD', 0, 'EA', 1, 19, 20000, 'B8428', 'C1001929' );
INSERT INTO ITEM VALUES ( 'C100-4119', '가위(사무용)', 'SM-OS8', 0, 'EA', 10, 53, 2520, 'C1001929' );
INSERT INTO ITEM VALUES ( 'C100-4128', '가위', 'SM-OS9', 0, 'EA', 10, 72, 2670, 'C1001929' );
INSERT INTO ITEM VALUES ( 'C102-3071', '종이컵', '1000PCS', 0, 'BOX', 1, 13, 16800, 'B8429', 'C1001930' );
INSERT INTO ITEM VALUES ( 'C171-5516', '스마트옷걸이', '슬림 3P', 0, 'SET', 1, 26, 4770, 'B8437', 'C1001930' );
INSERT INTO ITEM VALUES ( 'C171-5589', '웨이브욕실용품', '의자', 0, 'EA', 1, 28, 6670, 'B8437', 'C1001930' );
INSERT INTO ITEM VALUES ( 'C171-6065', '플립강력흡착', '다용도걸이', 0, 'SET', 1, 22, 3600, 'B8437', 'C1001930' );


INSERT INTO BRAND VALUES ( 'B8403', 'K2안전화', 0, 'S2356' );
INSERT INTO BRAND VALUES ( 'B8404', 'K2코리아', 0, 'S2356' );
INSERT INTO BRAND VALUES ( 'B8405', 'SK로즈바', 0, 'S2362' );
INSERT INTO BRAND VALUES ( 'B8406', 'SMATO LED 조명', 0, 'S2360' );
INSERT INTO BRAND VALUES ( 'B8407', 'SMATO 랜턴', 0, 'S2360' );
INSERT INTO BRAND VALUES ( 'B8408', 'SMATO 안전화', 0, 'S2357' );
INSERT INTO BRAND VALUES ( 'B8409', 'SMATO 작업등', 0, 'S2360' );
INSERT INTO BRAND VALUES ( 'B8410', 'SMATO 장화', 0, 'S2357' );
INSERT INTO BRAND VALUES ( 'B8411', '나바켐', 0, 'S2362' );
INSERT INTO BRAND VALUES ( 'B8412', '대명산업', 0, 'S2362' );
INSERT INTO BRAND VALUES ( 'B8413', '대신인더스', 0, 'S2361' );
INSERT INTO BRAND VALUES ( 'B8414', '대흥메탈', 0, 'S2358' );
INSERT INTO BRAND VALUES ( 'B8415', '럭키산업', 0, 'S2358' );
INSERT INTO BRAND VALUES ( 'B8416', '럭키실리콘', 0, 'S2358' );
INSERT INTO BRAND VALUES ( 'B8417', '레저타임', 0, 'S2356' );
INSERT INTO BRAND VALUES ( 'B8418', '르까프', 0, 'S2357' );
INSERT INTO BRAND VALUES ( 'B8419', '백마', 0, 'S2362' );
INSERT INTO BRAND VALUES ( 'B8420', '벡셀', 0, 'S2362' );
INSERT INTO BRAND VALUES ( 'B8421', '블랙야크', 0, 'S2357' );
INSERT INTO BRAND VALUES ( 'B8422', '블루텍건전지', 0, 'S2362' );
INSERT INTO BRAND VALUES ( 'B8423', '빅토스', 0, 'S2359' );
INSERT INTO BRAND VALUES ( 'B8424', '성삼', 0, 'S2362' );
INSERT INTO BRAND VALUES ( 'B8425', '슈퍼루브', 0, 'S2361' );
INSERT INTO BRAND VALUES ( 'B8426', '스마토가위', 0, 'S2361' );
INSERT INTO BRAND VALUES ( 'B8427', '스마토대명', 0, 'S2361' );
INSERT INTO BRAND VALUES ( 'B8428', '스마토 재단가위', 0, 'S2361' );
INSERT INTO BRAND VALUES ( 'B8429', '스마토 종이컵', 0, 'S2360' );
INSERT INTO BRAND VALUES ( 'B8430', '스마토망치', 0, 'S2360' );
INSERT INTO BRAND VALUES ( 'B8431', '스타라이트', 0, 'S2359' );
INSERT INTO BRAND VALUES ( 'B8432', '신에츠', 0, 'S2358' );
INSERT INTO BRAND VALUES ( 'B8433', '아이더', 0, 'S2357' );
INSERT INTO BRAND VALUES ( 'B8434', '엔와이코리아', 0, 'S2356' );
INSERT INTO BRAND VALUES ( 'B8435', '영창', 0, 'S2359' );
INSERT INTO BRAND VALUES ( 'B8436', '일신', 0, 'S2358' );
INSERT INTO BRAND VALUES ( 'B8437', '창신', 0, 'S2359' );
INSERT INTO BRAND VALUES ( 'B8438', '코리아전기조명', 0, 'S2359' );
INSERT INTO BRAND VALUES ( 'B8439', '파인웰', 0, 'S2356' );
INSERT INTO BRAND VALUES ( 'B8440', '한신망치', 0, 'S2361' );
INSERT INTO BRAND VALUES ( 'B8441', '한신삽', 0, 'S2361' );


INSERT INTO SUPPLIER VALUES ( 'S2356', '케이투', '김일두', '032-0158-1111', 'oneheadk2@knu.ac.kr' );
INSERT INTO SUPPLIER VALUES ( 'S2357', 'Blackcow', '흑운장', '031-2549-7777', 'blackcowMan@knu.ac.kr' );
INSERT INTO SUPPLIER VALUES ( 'S2358', 'LGT화학', '김기림', '053-156-888', 'rising@knu.ac.kr' );
INSERT INTO SUPPLIER VALUES ( 'S2359', '영창화학', '김영창', '02-568-1111', 'brig@knu.ac.kr' );
INSERT INTO SUPPLIER VALUES ( 'S2360', '스마이토', '강타', '031-5498-7777', 'smite@knu.ac.kr' );
INSERT INTO SUPPLIER VALUES ( 'S2361', '엑셀', '최제일', '051-1597-7777', 'excell@knu.ac.kr' );
INSERT INTO SUPPLIER VALUES ( 'S2362', '백마', '백종언', '053-7894-7777', 'unicon@knu.ac.kr' );


INSERT INTO CATEGORY VALUES ( 'C1001916', '산업용품', '조명', '램프,LED램프', 0 );
INSERT INTO CATEGORY VALUES ( 'C1001917', '산업용품', '조명', '작업등', 0 );
INSERT INTO CATEGORY VALUES ( 'C1001918', '산업용품', '조명', '투광기', 0 );
INSERT INTO CATEGORY VALUES ( 'C1001919', '산업용품', '화학·윤활제품', '건축용실란트', 0 );
INSERT INTO CATEGORY VALUES ( 'C1001920', '산업용품', '화학·윤활제품', '구리스', 0 );
INSERT INTO CATEGORY VALUES ( 'C1001921', '산업용품', '화학·윤활제품', '방청제/코팅제', 0 );
INSERT INTO CATEGORY VALUES ( 'C1001922', '안전용품', '레져용품', '가방', 0 );
INSERT INTO CATEGORY VALUES ( 'C1001923', '안전용품', '레져용품', '워킹화', 0 );
INSERT INTO CATEGORY VALUES ( 'C1001924', '안전용품', '레져용품', '캠핑용품', 0 );
INSERT INTO CATEGORY VALUES ( 'C1001925', '안전용품', '안전화', '방한화', 0 );
INSERT INTO CATEGORY VALUES ( 'C1001926', '안전용품', '안전화', '안전화액세서리', 0 );
INSERT INTO CATEGORY VALUES ( 'C1001927', '안전용품', '안전화', '장화', 0 );
INSERT INTO CATEGORY VALUES ( 'C1001928', '철물·원예·사무용품', '생활,청소용품', '건전지', 0 );
INSERT INTO CATEGORY VALUES ( 'C1001929', '철물·원예·사무용품', '생활,청소용품', '과도,식도,주방가위', 0 );
INSERT INTO CATEGORY VALUES ( 'C1001930', '철물·원예·사무용품', '생활,청소용품', '생활용품', 0 );
INSERT INTO CATEGORY VALUES ( 'C1001931', '철물·원예·사무용품', '철물', '낫,곡괭이,삽', 0 );
INSERT INTO CATEGORY VALUES ( 'C1001932', '철물·원예·사무용품', '철물', '도어록,경첩,도어클로저', 0 );
INSERT INTO CATEGORY VALUES ( 'C1001933', '철물·원예·사무용품', '철물', '망치,빠루', 0 );


INSERT INTO SHOPPINGBASKET VALUES ( 'Oaqp1010155', 0, 'Stwu16' );
INSERT INTO SHOPPINGBASKET VALUES ( 'Sfgh1010162', 0, 'Uhpxplpkuplfvxo5' );
INSERT INTO SHOPPINGBASKET VALUES ( 'Qxho1010169', 0, 'Nftc6' );
INSERT INTO SHOPPINGBASKET VALUES ( 'Imh1010176', 0, 'Xielotucywjfbm6' );
INSERT INTO SHOPPINGBASKET VALUES ( 'Vw1010183', 0, 'Imydxlvjjovap14' );
INSERT INTO SHOPPINGBASKET VALUES ( 'Hlp1010190', 0, 'Zxnhwyjquqlqcyxod10' );
INSERT INTO SHOPPINGBASKET VALUES ( 'Tx1010197', 0, 'Ijkpjrerqzhciegvg15' );
INSERT INTO SHOPPINGBASKET VALUES ( 'Mval1010204', 0, 'Newosccsrjpiifg15' );
INSERT INTO SHOPPINGBASKET VALUES ( 'Vyz1010211', 0, 'Qvreswtbr9' );
INSERT INTO SHOPPINGBASKET VALUES ( 'Em1010218', 0, 'Tdyuglbagwkf9' );
INSERT INTO SHOPPINGBASKET VALUES ( 'Mstvuo1010225', 0, 'Cluik5' );
INSERT INTO SHOPPINGBASKET VALUES ( 'Udqsoq1010232', 0, 'Jtxdllfgkmha14' );
INSERT INTO SHOPPINGBASKET VALUES ( 'Aat1010239', 0, 'Newosccsrjpiifg15' );
INSERT INTO SHOPPINGBASKET VALUES ( 'Oipwoo1010246', 0, 'Vitjdqwybnynoxl13' );
INSERT INTO SHOPPINGBASKET VALUES ( 'Gr1010253', 0, 'Ijkpjrerqzhciegvg15' );
INSERT INTO SHOPPINGBASKET VALUES ( 'Huzoqy1010260', 0, 'Ellhzjfgoskjfvj17' );
INSERT INTO SHOPPINGBASKET VALUES ( 'Joqu1010267', 0, 'Yxdnxglz14' );
INSERT INTO SHOPPINGBASKET VALUES ( 'Dhks1010274', 0, 'Cluik5' );
INSERT INTO SHOPPINGBASKET VALUES ( 'Rhhwv1010281', 0, 'Klkgb4' );
INSERT INTO SHOPPINGBASKET VALUES ( 'Fk1010288', 0, 'Dmqpkxqcoirair8' );
INSERT INTO SHOPPINGBASKET VALUES ( 'Pwecph1010295', 0, 'Vurtqnvd8' );
INSERT INTO SHOPPINGBASKET VALUES ( 'Wcxap1010302', 0, 'Oftjqiylb6' );
INSERT INTO SHOPPINGBASKET VALUES ( 'Vrb1010309', 0, 'Newosccsrjpiifg15' );
INSERT INTO SHOPPINGBASKET VALUES ( 'Jm1010316', 0, 'Btdqginevtms9' );
INSERT INTO SHOPPINGBASKET VALUES ( 'Ni1010323', 0, 'Yxdnxglz14' );
INSERT INTO SHOPPINGBASKET VALUES ( 'Av1010330', 0, 'Sxpkrw9' );
INSERT INTO SHOPPINGBASKET VALUES ( 'Oe1010337', 0, 'Uke10' );
INSERT INTO SHOPPINGBASKET VALUES ( 'Mptpa1010344', 0, 'Oqzrhkmq14' );
INSERT INTO SHOPPINGBASKET VALUES ( 'Yj1010351', 0, 'Mpsxholgglsfwin11' );
INSERT INTO SHOPPINGBASKET VALUES ( 'Umaoq1010358', 0, 'Gvevifp17' );
INSERT INTO SHOPPINGBASKET VALUES ( 'Xay1010365', 0, 'Dmqpkxqcoirair8' );
INSERT INTO SHOPPINGBASKET VALUES ( 'Lw1010372', 0, 'Evbtyaygehonio10' );
INSERT INTO SHOPPINGBASKET VALUES ( 'Kpjjpu1010379', 0, 'Ijkpjrerqzhciegvg15' );
INSERT INTO SHOPPINGBASKET VALUES ( 'Zhwxt1010386', 0, 'Uke10' );
INSERT INTO SHOPPINGBASKET VALUES ( 'Ywmz1010393', 0, 'Vdondxatojwc16' );
INSERT INTO SHOPPINGBASKET VALUES ( 'Jwjn1010400', 0, 'Xielotucywjfbm6' );
INSERT INTO SHOPPINGBASKET VALUES ( 'Rmc1010407', 0, 'Yqlwreozwptjju6' );
INSERT INTO SHOPPINGBASKET VALUES ( 'Jx1010414', 0, 'Nywozuwhnohngtsyf5' );
INSERT INTO SHOPPINGBASKET VALUES ( 'Hwmfr1010421', 0, 'Yqlwreozwptjju6' );
INSERT INTO SHOPPINGBASKET VALUES ( 'Cm1010428', 0, 'Cluik5' );
INSERT INTO SHOPPINGBASKET VALUES ( 'Xpatj1010435', 0, 'Wzzbtuxcc6' );
INSERT INTO SHOPPINGBASKET VALUES ( 'Wgwbf1010442', 0, 'Sxpkrw9' );
INSERT INTO SHOPPINGBASKET VALUES ( 'Te1010449', 0, 'Btdqginevtms9' );
INSERT INTO SHOPPINGBASKET VALUES ( 'Sjmvbs1010456', 0, 'Orozxevthd8' );
INSERT INTO SHOPPINGBASKET VALUES ( 'Nrasrz1010463', 0, 'Stwu16' );
INSERT INTO SHOPPINGBASKET VALUES ( 'Zqe1010470', 0, 'Ijkpjrerqzhciegvg15' );
INSERT INTO SHOPPINGBASKET VALUES ( 'Qz1010477', 0, 'Ujhlhff5' );
INSERT INTO SHOPPINGBASKET VALUES ( 'Aesho1010484', 0, 'Pbbf14' );
INSERT INTO SHOPPINGBASKET VALUES ( 'Le1010491', 0, 'Jvgcyo11' );
INSERT INTO SHOPPINGBASKET VALUES ( 'Xcenwe1010498', 0, 'Klkgb4' );
INSERT INTO SHOPPINGBASKET VALUES ( 'Ywngv1010505', 0, 'Ijkpjrerqzhciegvg15' );
INSERT INTO SHOPPINGBASKET VALUES ( 'Qhokd1010512', 0, 'Nywozuwhnohngtsyf5' );
INSERT INTO SHOPPINGBASKET VALUES ( 'Ax1010519', 0, 'Qvreswtbr9' );
INSERT INTO SHOPPINGBASKET VALUES ( 'Faconm1010526', 0, 'Yqlwreozwptjju6' );
INSERT INTO SHOPPINGBASKET VALUES ( 'Zv1010533', 0, 'Zxnhwyjquqlqcyxod10' );
INSERT INTO SHOPPINGBASKET VALUES ( 'Grn1010540', 0, 'Uasovymppeqcy17' );
INSERT INTO SHOPPINGBASKET VALUES ( 'Duk1010547', 0, 'Zzm16' );
INSERT INTO SHOPPINGBASKET VALUES ( 'Gj1010554', 0, 'Opocdsvimkyvemfph11' );
INSERT INTO SHOPPINGBASKET VALUES ( 'Hgyck1010561', 0, 'Vgylgoue7' );
INSERT INTO SHOPPINGBASKET VALUES ( 'Duh1010568', 0, 'Yogpumscrfhdzw9' );


INSERT INTO CUSTOMER VALUES ( 'Kjaodmualnol15', 'Bkajipancmoy1551', 'Yyxxhltaxoerwr, Qcxubkedtqchxya951', '010-386-359', 'W', 'Ffswkzpdwcxvvv K Eoeptlyvob', 82, 'Aabg', '소매업자' );
INSERT INTO CUSTOMER VALUES ( 'Yxdnxglz14', 'Vrsrnmmrovqttvpcb9920', 'Beemajresmzqwp, Dbvyvedabviwaixec445', '010-1099-740', 'M', 'Nxoei A Qxqaz', 83, 'Vopyrpmz', '소매업자' );
INSERT INTO CUSTOMER VALUES ( 'Cihdomgkttkbxiqgy15', 'Ltfeb1698', 'Nounbcxudwlupm, Qmkcjyzsrmuzx537', '010-983-600', 'W', 'Zczalagz J Hrazwra', 45, 'Zzqqhyioaxol', '기타' );
INSERT INTO CUSTOMER VALUES ( 'Vdondxatojwc16', 'Iokrunocecvdbl4258', 'Iadqbbghflhhq, Orxehtitvoeub256', '010-181-736', 'W', 'Spslkqempvkovg S Sukhwxzedni', 52, 'Jlbryuonerux', '소매업자' );
INSERT INTO CUSTOMER VALUES ( 'Evbtyaygehonio10', 'Xcqwgn7415', 'Eevwogxgpuxwervuv, Imooihanbviz113', '010-421-549', 'W', 'Dkyqdwkz D Igyqopnecuzmxh', 58, 'Pyqoi', '소매업자' );
INSERT INTO CUSTOMER VALUES ( 'Pofbfqusebrvr5', 'Jzkemnvtxtnl8590', 'Gdtoyaikaczaulmvt, Hmuplqemqzczbwy140', '010-655-698', 'W', 'Vapomczufqkfkjib D Bjgdro', 0, 'Dhjrgog', '도매업자' );
INSERT INTO CUSTOMER VALUES ( 'Okqsofraeb4', 'Rzrnsmveknsbkila9785', 'Ywotakua, Lfdwzdxc319', '010-268-822', 'W', 'Pkglmz N Bomihmgsfugfrkxd', 84, 'Sohseqvuqnlcjzpzx', '소매업자' );
INSERT INTO CUSTOMER VALUES ( 'Nywozuwhnohngtsyf5', 'Aikcacpseaj8130', 'Zqmob, Wunn760', '010-1002-421', 'W', 'Fbiggayafg F Xnnedliew', 66, 'Odscevkwdkksfofj', '도매업자' );
INSERT INTO CUSTOMER VALUES ( 'Xliwslno9', 'Txwubneonlcave7542', 'Srjdszmwyuflfqkrf, Wzxgra777', '010-471-968', 'M', 'Luepydgfwpoml H Yutjbxyybxp', 76, 'Yjckabrcdrpqkmnw', '도매업자' );
INSERT INTO CUSTOMER VALUES ( 'Pbbf14', 'Vqqlkk5595', 'Jieujxfjaxftvpvus, Azqjyqkaqzaarxw704', '010-730-278', 'M', 'Vyqcggpfmewxag F Kcrukwdbcq', 79, 'Qieoobwx', '기타' );
INSERT INTO CUSTOMER VALUES ( 'Orozxevthd8', 'Dcopwcvpuepjgyjw1726', 'Hpaazltrvlqsi, Wswtbortgncbltw412', '010-927-474', 'W', 'Grecsfldc S Xaavcljcsjr', 64, 'Jibmecdfg', '기타' );
INSERT INTO CUSTOMER VALUES ( 'Dfzdatogyfc13', 'Fspv2055', 'Whpcsbzcsdie, Xqvghii416', '010-815-616', 'M', 'Yltiagdway F Nsjsqpprqaqgtiu', 66, 'Dsvbt', '소매업자' );
INSERT INTO CUSTOMER VALUES ( 'Xielotucywjfbm6', 'Shcxxuvcn5484', 'Skee, Nwpwic973', '010-144-684', 'W', 'Hetpdjwwawgdoccq A Dnetnenrs', 81, 'Hkofh', '기타' );
INSERT INTO CUSTOMER VALUES ( 'Jtxdllfgkmha14', 'Bcwcolyulpsfiqgvz9390', 'Yzucqgmqorbvyffkj, Tdgdmco973', '010-470-614', 'M', 'Hgpvktalloqklmkny H Veqjr', 38, 'Ikguypnujhvxfcjrf', '기타' );
INSERT INTO CUSTOMER VALUES ( 'Klkgb4', 'Rgabecemxbrzq8801', 'Sqk, Ulefxpbwuet1041', '010-326-388', 'M', 'Vqfjr C Yhpidqbtcdlaxtyk', 48, 'Qzaqemzxphltc', '소매업자' );
INSERT INTO CUSTOMER VALUES ( 'Dmqpkxqcoirair8', 'Ajsbdgaxiwa3590', 'Cbmfdjkc, Esarqnfletfdis208', '010-369-403', 'W', 'Puywclgdb F Vjmpe', 21, 'Ynvclvaoqrakdcaot', '소매업자' );
INSERT INTO CUSTOMER VALUES ( 'Oftjqiylb6', 'Xowdvdpxprxtiy6442', 'Rkuqp, Qpeqppnclipivyy727', '010-431-1089', 'M', 'Tzamm G Cvfktzcdcyazzlpv', 59, 'Tmfazxz', '기타' );
INSERT INTO CUSTOMER VALUES ( 'Wvuaqwqxokhqeyk8', 'Unhbbl1586', 'Lxeplweadbwmqq, Whcottcrsngkbyb796', '010-661-931', 'W', 'Gclfu B Uuxhvvddgp', 97, 'Lpnxtpwu', '도매업자' );
INSERT INTO CUSTOMER VALUES ( 'Stwu16', 'Mczcomomdpzzive4039', 'Ebuggyifqzohct, Ytjsuhtk155', '010-719-107', 'W', 'Llfhs B Oshaso', 36, 'Fqvssztqkvvadcii', '도매업자' );
INSERT INTO CUSTOMER VALUES ( 'Ujhlhff5', 'Nobam9051', 'Eesk, Qpnoehskvawbvg913', '010-299-826', 'W', 'Cpquwbxknqmr W Hpxlmy', 76, 'Kjcffngwfjnitn', '소매업자' );
INSERT INTO CUSTOMER VALUES ( 'Oqzrhkmq14', 'Xneeevabomhmcvz6278', 'Tctgijr, Lcuibrwvamwzl794', '010-489-745', 'W', 'Kpokmpbrkisacuvny E Tzxgtyrn', 76, 'Vwodhgeku', '소매업자' );
INSERT INTO CUSTOMER VALUES ( 'Nkgcmylppt8', 'Oao4822', 'Zzdrofmbfyz, Eviuqphcu207', '010-845-252', 'M', 'Xnasxhoddvuid Q Huitp', 80, 'Vuvrjrebobdcubmd', '소매업자' );
INSERT INTO CUSTOMER VALUES ( 'Gazwkwabj15', 'Qvpxixubwfbyw5786', 'Zfsjorxmnitwziif, Gxmmplssswrcaim956', '010-952-356', 'W', 'Jzscfgfsoacyz F Cyajlbrkfbeb', 1, 'Tlbdzstrpbr', '소매업자' );
INSERT INTO CUSTOMER VALUES ( 'Tdyuglbagwkf9', 'Boyj248', 'Ccjceohovqkv, Mbopncgayqirdn1004', '010-944-433', 'M', 'Rnxfgfrnfvwu N Thsllopsmofdnulf', 4, 'Stwoepfjtq', '소매업자' );
INSERT INTO CUSTOMER VALUES ( 'Vitjdqwybnynoxl13', 'Fgfgkpkzmf9723', 'Hluvnrnluhfr, Nbqfpz781', '010-644-465', 'W', 'Pjliphy N Sbvbyvpddkgn', 33, 'Sywdifupau', '소매업자' );
INSERT INTO CUSTOMER VALUES ( 'Vurtqnvd8', 'Ihxygwlswpuczafym2360', 'Rwmmnzkqlxbcmuu, Hjmqwlbujaedyp293', '010-1005-810', 'M', 'Ycmijsc S Ypgbxiydk', 52, 'Ndcmrtsh', '도매업자' );
INSERT INTO CUSTOMER VALUES ( 'Ecjktnputxmll13', 'Jhmr1539', 'Zdjlngiqurhxouii, Zwq525', '010-105-907', 'M', 'Ifminhs Y Skn', 72, 'Siiopobg', '기타' );
INSERT INTO CUSTOMER VALUES ( 'Itsctdkdieqn6', 'Xsfkltjeigndjh5484', 'Judlpithamrquq, Gxf859', '010-410-879', 'W', 'Tkimwayttqavcwsgy U Iamq', 51, 'Kgegtkzsqazl', '소매업자' );
INSERT INTO CUSTOMER VALUES ( 'Nqpcxqoxgnscgps16', 'Bqiiw6986', 'Nojvwmetv, Hczwdqdqhrthec1055', '010-677-231', 'M', 'Ogd A Rclsalynt', 2, 'Moqywifynwjfbyyh', '소매업자' );
INSERT INTO CUSTOMER VALUES ( 'Gwku6', 'Opbfimu2034', 'Pjqjjjtrfnfn, Dhbpgzqwyzbkabrqp1026', '010-1017-376', 'W', 'Qke Z Ndgtlsgsfvkb', 28, 'Ixgffwirdnsrrvdy', '기타' );
INSERT INTO CUSTOMER VALUES ( 'Imydxlvjjovap14', 'Rfvyuamtvdeefmaf1990', 'Cwelhzvxmyhfka, Hvargyduzzzeden186', '010-796-655', 'W', 'Rxxaz Y Luezflhahzzbeecwv', 8, 'Zjlrcdls', '기타' );
INSERT INTO CUSTOMER VALUES ( 'Yqlwreozwptjju6', 'Vcglr472', 'Cmxbvrlybwzj, Erdwr373', '010-136-342', 'M', 'Daheanrfcoomnrcrf H Ifswqrkcmvrud', 49, 'Jyc', '도매업자' );
INSERT INTO CUSTOMER VALUES ( 'Kvlarlvqpkxgk14', 'Knzhc6394', 'Uooqjzsnqcm, Vqzjowfrcwuco878', '010-737-972', 'M', 'Kcu Q Wmbjpdx', 52, 'Apiq', '도매업자' );
INSERT INTO CUSTOMER VALUES ( 'Qvreswtbr9', 'Nfazzmkvjprkrsl6476', 'Acewdxobul, Ljuwup341', '010-138-858', 'M', 'Cdjnfun T Ayeqpryzcuzvpmlof', 47, 'Fnmhhegjdyxniq', '기타' );
INSERT INTO CUSTOMER VALUES ( 'Kthsi13', 'Jmha5489', 'Ajjxpedzfjkfmead, Irqohoihldqyvhzk125', '010-741-160', 'W', 'Sgqbngy I Joyq', 39, 'Hqsnziekrn', '도매업자' );
INSERT INTO CUSTOMER VALUES ( 'Wabyuvofuiql17', 'Qzrgibwwtazua8631', 'Mtgcf, Orl1061', '010-923-159', 'M', 'Eijtuym W Mmclweglpoonum', 0, 'Nhnrsfwrgrqn', '소매업자' );
INSERT INTO CUSTOMER VALUES ( 'Btdqginevtms9', 'Rgiudnrdra2800', 'Kjd, Ykb644', '010-263-936', 'M', 'Sosrbfujl W Mbhpakazqyidflkw', 1, 'Gqooiviqngbaspx', '기타' );
INSERT INTO CUSTOMER VALUES ( 'Zzm16', 'Nwvcbfdmniad8543', 'Nkladkkphbsns, Vudzuxnabtxkpn144', '010-786-701', 'W', 'Dgxsexn H Oebhhktfvuxpecgf', 38, 'Qhp', '소매업자' );
INSERT INTO CUSTOMER VALUES ( 'Newosccsrjpiifg15', 'Wvtre7401', 'Znubdymwcftvvnp, Tsqrzjhplqksuu797', '010-312-787', 'W', 'Qtlsdgnvttw E Lrqgigj', 83, 'Auxrrliazanohw', '도매업자' );
INSERT INTO CUSTOMER VALUES ( 'Uhpxplpkuplfvxo5', 'Goirdufztv320', 'Cqfwkdpllr, Siinfoc751', '010-373-308', 'M', 'Tcp Y Omb', 98, 'Lkmkdxjvfcx', '소매업자' );
INSERT INTO CUSTOMER VALUES ( 'Gvevifp17', 'Olsnjjbtys8331', 'Dkqegkbidxfm, Znrwnoalhgpmocrfg583', '010-303-736', 'M', 'Dtyxhmfxkohcw K Jxpvrkoqvcmxvv', 68, 'Mukvroao', '소매업자' );
INSERT INTO CUSTOMER VALUES ( 'Uke10', 'Yikgnciqehcg4907', 'Frkanvuz, Doyx1046', '010-299-858', 'M', 'Ptlzc Z Deatapnyxflcloon', 73, 'Xhsrmgss', '기타' );
INSERT INTO CUSTOMER VALUES ( 'Zxnhwyjquqlqcyxod10', 'Btdgrlnjst6029', 'Pjzapokpfylhpqf, Mdncishww1030', '010-663-877', 'M', 'Jvrfqetypvpksaa S Kefbv', 22, 'Szodk', '기타' );
INSERT INTO CUSTOMER VALUES ( 'Yogpumscrfhdzw9', 'Vfuiiuxg4313', 'Doldzchi, Dmebjagcwgmxrwyx859', '010-300-690', 'W', 'Dyclairlzmdl T Rmqocaxelc', 75, 'Faa', '기타' );
INSERT INTO CUSTOMER VALUES ( 'Sxpkrw9', 'Fqoyb6207', 'Gvytcsiuspw, Hpnaqcbq413', '010-758-586', 'W', 'Nwykyhncfdyupj I Oxzbrsovdqlufdeu', 17, 'Usytqonvszjeek', '도매업자' );
INSERT INTO CUSTOMER VALUES ( 'Ijkpjrerqzhciegvg15', 'Nai4092', 'Pamhsotb, Orpbyckpidsukrkw498', '010-144-502', 'M', 'Skwjsvf H Wiwlcyfad', 12, 'Pov', '소매업자' );
INSERT INTO CUSTOMER VALUES ( 'Wzzbtuxcc6', 'Lgyxit8016', 'Fwqlacagscn, Njxcilqfrnqpdkh817', '010-532-945', 'M', 'Jamxbzxgdukaoyevg D Ayapgedxaiotr', 48, 'Zewoke', '기타' );
INSERT INTO CUSTOMER VALUES ( 'Ptjthsmcnzusswcwd9', 'Fysdjmpoicanej7708', 'Tdolf, Yiwsvaudvbbvee278', '010-435-1026', 'M', 'Pmidaha Y Hzyvhurmbufden', 14, 'Jqxtpcziozfs', '기타' );
INSERT INTO CUSTOMER VALUES ( 'Uasovymppeqcy17', 'Dgrfoiolazbsmlvdr1633', 'Bcetwpfkjjuhqcy, Wzfalpprkzgobso504', '010-368-1062', 'M', 'Zyx Z Hyjkrbxumlwlqeirn', 64, 'Kbckvxtbhm', '기타' );
INSERT INTO CUSTOMER VALUES ( 'Cluik5', 'Qrv6268', 'Lapegdrr, Jdtnrauq892', '010-677-1075', 'W', 'Xzoxshjxo K Siprbwnyboxcllr', 45, 'Bzvhirv', '소매업자' );
INSERT INTO CUSTOMER VALUES ( 'Uuzo7', 'Smrpcrjhsmfpooy4389', 'Fdhbk, Lezlbiqffcckj395', '010-1094-953', 'M', 'Qifdvrosjljwfgey C Kvb', 51, 'Oqifajcqdjyafe', '도매업자' );
INSERT INTO CUSTOMER VALUES ( 'Vgylgoue7', 'Fxmbhruiukxrygx2722', 'Lxbtr, Omzst1073', '010-584-163', 'M', 'Uxlxcrpsnxbf K Szze', 12, 'Dxdizrc', '소매업자' );
INSERT INTO CUSTOMER VALUES ( 'Mpsxholgglsfwin11', 'Yeol4118', 'Kwteamuyxyjetju, Xogangaienfflkwl979', '010-608-418', 'M', 'Pcgwcy C Mtdksgbpsho', 29, 'Cxufwvigijv', '소매업자' );
INSERT INTO CUSTOMER VALUES ( 'Ellhzjfgoskjfvj17', 'Thggptvfqoy6638', 'Fnaacvttnnafznt, Nysqndtzvbko526', '010-355-284', 'W', 'Dirbvjtpgmktjmlxe X Kzmnpiv', 0, 'Fvcmxijpbisf', '기타' );
INSERT INTO CUSTOMER VALUES ( 'Tfpfrbqmtns11', 'Hwggrazfbdlmjvyqz2967', 'Oheytcdcduwfm, Jga909', '010-874-916', 'M', 'Gewqcnegxowob M Mscjsp', 8, 'Cdjdlijkt', '도매업자' );
INSERT INTO CUSTOMER VALUES ( 'Jvgcyo11', 'Hfsewvyuvanvkmzi1420', 'Jdbljonslrzyo, Pchktxlpuoixlge438', '010-398-1088', 'W', 'Ldn U Hqzu', 69, 'Xpvet', '도매업자' );
INSERT INTO CUSTOMER VALUES ( 'Nftc6', 'Gpqzxvuvzhwyox7259', 'Vyxrjpeoziv, Cssioulomyzen675', '010-163-205', 'M', 'Pkybpgoiisv J Lyizpvoxvtando', 85, 'Rgwi', '소매업자' );
INSERT INTO CUSTOMER VALUES ( 'Cqcjxwoogiibc3', 'Xzpegntwuckwbj8344', 'Lydymb, Qrayyoiskernxj896', '010-463-779', 'W', 'Dxtlcddxeijarquh C Iggv', 64, 'Tvjkqhtgdix', '도매업자' );
INSERT INTO CUSTOMER VALUES ( 'Vqtkjkllynt7', 'Sckfng254', 'Vzvwqokvn, Waicwfpqoisbm580', '010-974-254', 'M', 'Lpvxnggwnesoylhy P Tbpdqn', 10, 'Nyc', '소매업자' );
INSERT INTO CUSTOMER VALUES ( 'Opocdsvimkyvemfph11', 'Mpnbjuohnxwtdyo1345', 'Etvisnpagzwhsggu, Excsv746', '010-594-861', 'W', 'Ttfjpnozxbnrlg F Kcgdwcziqgjkp', 41, 'Mkjch', '기타' );


INSERT INTO SHIPPER VALUES ( 'SH875', '머한통운', 1, 2000 );
INSERT INTO SHIPPER VALUES ( 'SH876', 'gate box', 2, 3000 );
INSERT INTO SHIPPER VALUES ( 'SH877', 'yellow coif', 7, 5000 );


INSERT INTO SHIPPINGLOCATION VALUES ( 'SL301', 'Xhtpggs', 'Hdfwuocuekwxeotsk', '지방', 'SH876', 'Kjaodmualnol15' );
INSERT INTO SHIPPINGLOCATION VALUES ( 'SL302', 'Kqcep', 'Oahqudr', '도서산간지역', 'SH877', 'Yxdnxglz14' );
INSERT INTO SHIPPINGLOCATION VALUES ( 'SL303', 'Uojepfxnd', 'Ggnltyiradakwqf', '도서산간지역', 'SH877', 'Cihdomgkttkbxiqgy15' );
INSERT INTO SHIPPINGLOCATION VALUES ( 'SL304', 'Epqx', 'Esuwklfgbcqaps', '도서산간지역', 'SH877', 'Vdondxatojwc16' );
INSERT INTO SHIPPINGLOCATION VALUES ( 'SL305', 'Pqws', 'Gxjfiuoeouhobh', '지방', 'SH876', 'Evbtyaygehonio10' );
INSERT INTO SHIPPINGLOCATION VALUES ( 'SL306', 'Nnirhpgewpnv', 'Mjpi', '수도권 및 경기도', 'SH875', 'Pofbfqusebrvr5' );
INSERT INTO SHIPPINGLOCATION VALUES ( 'SL307', 'Udrqtda', 'Bwwzrf', '지방', 'SH876', 'Okqsofraeb4' );
INSERT INTO SHIPPINGLOCATION VALUES ( 'SL308', 'Rjjip', 'Jcbbqn', '수도권 및 경기도', 'SH875', 'Nywozuwhnohngtsyf5' );
INSERT INTO SHIPPINGLOCATION VALUES ( 'SL309', 'Nvsuvjvijwywbjy', 'Ilesnlliw', '지방', 'SH876', 'Xliwslno9' );
INSERT INTO SHIPPINGLOCATION VALUES ( 'SL310', 'Ropurnqtyhb', 'Whtd', '지방', 'SH876', 'Pbbf14' );
INSERT INTO SHIPPINGLOCATION VALUES ( 'SL311', 'Yjioqrrspornggrq', 'Vwzqbtquc', '수도권 및 경기도', 'SH875', 'Orozxevthd8' );
INSERT INTO SHIPPINGLOCATION VALUES ( 'SL312', 'Whpfxbkbfj', 'Ymp', '도서산간지역', 'SH877', 'Dfzdatogyfc13' );
INSERT INTO SHIPPINGLOCATION VALUES ( 'SL313', 'Ynrbhqvibpymbsm', 'Zclwnhxtze', '도서산간지역', 'SH877', 'Xielotucywjfbm6' );
INSERT INTO SHIPPINGLOCATION VALUES ( 'SL314', 'Ndp', 'Qcjjrwf', '도서산간지역', 'SH877', 'Jtxdllfgkmha14' );
INSERT INTO SHIPPINGLOCATION VALUES ( 'SL315', 'Ysrwwqbck', 'Mwqlywevtrhpto', '지방', 'SH876', 'Klkgb4' );
INSERT INTO SHIPPINGLOCATION VALUES ( 'SL316', 'Tsgzmnvltven', 'Uognkelxgznwyuxh', '도서산간지역', 'SH877', 'Dmqpkxqcoirair8' );
INSERT INTO SHIPPINGLOCATION VALUES ( 'SL317', 'Kune', 'Epqseltwyif', '지방', 'SH876', 'Oftjqiylb6' );
INSERT INTO SHIPPINGLOCATION VALUES ( 'SL318', 'Iwlcxjkdklnfxs', 'Miquavugdxzj', '도서산간지역', 'SH877', 'Wvuaqwqxokhqeyk8' );
INSERT INTO SHIPPINGLOCATION VALUES ( 'SL319', 'Wxskw', 'Crv', '도서산간지역', 'SH877', 'Stwu16' );
INSERT INTO SHIPPINGLOCATION VALUES ( 'SL320', 'Xdyinpqtjifcimpyh', 'Vmkg', '수도권 및 경기도', 'SH875', 'Ujhlhff5' );
INSERT INTO SHIPPINGLOCATION VALUES ( 'SL321', 'Gppcvezibmvwwjrdc', 'Ujxxg', '수도권 및 경기도', 'SH875', 'Oqzrhkmq14' );
INSERT INTO SHIPPINGLOCATION VALUES ( 'SL322', 'Axnirrfwtuumkmxe', 'Qzozbwotflosj', '지방', 'SH876', 'Nkgcmylppt8' );
INSERT INTO SHIPPINGLOCATION VALUES ( 'SL323', 'Ituwnchrtehckxw', 'Pllyihdlfhwxnf', '수도권 및 경기도', 'SH875', 'Gazwkwabj15' );
INSERT INTO SHIPPINGLOCATION VALUES ( 'SL324', 'Cmlupijwagkpo', 'Fvlba', '도서산간지역', 'SH877', 'Tdyuglbagwkf9' );
INSERT INTO SHIPPINGLOCATION VALUES ( 'SL325', 'Nah', 'Redj', '도서산간지역', 'SH877', 'Vitjdqwybnynoxl13' );
INSERT INTO SHIPPINGLOCATION VALUES ( 'SL326', 'Cuvesd', 'Wdoykggbspmxchr', '지방', 'SH876', 'Vurtqnvd8' );
INSERT INTO SHIPPINGLOCATION VALUES ( 'SL327', 'Zfexualjrtytmifmm', 'Xypicp', '도서산간지역', 'SH877', 'Ecjktnputxmll13' );
INSERT INTO SHIPPINGLOCATION VALUES ( 'SL328', 'Mjultdxdnoeh', 'Cqnqvollo', '도서산간지역', 'SH877', 'Itsctdkdieqn6' );
INSERT INTO SHIPPINGLOCATION VALUES ( 'SL329', 'Qkcw', 'Znbwwexvwuruvjk', '도서산간지역', 'SH877', 'Nqpcxqoxgnscgps16' );
INSERT INTO SHIPPINGLOCATION VALUES ( 'SL330', 'Pds', 'Avaqdllzs', '수도권 및 경기도', 'SH875', 'Gwku6' );
INSERT INTO SHIPPINGLOCATION VALUES ( 'SL331', 'Ilmpvogelxblfmgq', 'Zqqhlxpscrzxvdhha', '도서산간지역', 'SH877', 'Imydxlvjjovap14' );
INSERT INTO SHIPPINGLOCATION VALUES ( 'SL332', 'Xiacgf', 'Hteepiovp', '지방', 'SH876', 'Yqlwreozwptjju6' );
INSERT INTO SHIPPINGLOCATION VALUES ( 'SL333', 'Lnooducodxb', 'Wsrchmocpttl', '수도권 및 경기도', 'SH875', 'Kvlarlvqpkxgk14' );
INSERT INTO SHIPPINGLOCATION VALUES ( 'SL334', 'Hivtmxoln', 'Chafmqmkacpb', '지방', 'SH876', 'Qvreswtbr9' );
INSERT INTO SHIPPINGLOCATION VALUES ( 'SL335', 'Hqhrhtopdwxr', 'Outxdjrvsiyscrfha', '지방', 'SH876', 'Kthsi13' );
INSERT INTO SHIPPINGLOCATION VALUES ( 'SL336', 'Yfoofy', 'Eusqmssclzpzs', '수도권 및 경기도', 'SH875', 'Wabyuvofuiql17' );
INSERT INTO SHIPPINGLOCATION VALUES ( 'SL337', 'Venu', 'Netrtv', '지방', 'SH876', 'Btdqginevtms9' );
INSERT INTO SHIPPINGLOCATION VALUES ( 'SL338', 'Ffrtgchsczb', 'Jcyvzmtnbzna', '수도권 및 경기도', 'SH875', 'Zzm16' );
INSERT INTO SHIPPINGLOCATION VALUES ( 'SL339', 'Gry', 'Svcms', '지방', 'SH876', 'Newosccsrjpiifg15' );
INSERT INTO SHIPPINGLOCATION VALUES ( 'SL340', 'Frkkbtztildwnlyhf', 'Rtosbnqgtdwlab', '도서산간지역', 'SH877', 'Uhpxplpkuplfvxo5' );
INSERT INTO SHIPPINGLOCATION VALUES ( 'SL341', 'Pyihi', 'Jkukqflrc', '지방', 'SH876', 'Gvevifp17' );
INSERT INTO SHIPPINGLOCATION VALUES ( 'SL342', 'Lollqmsu', 'Eflthzizft', '수도권 및 경기도', 'SH875', 'Uke10' );
INSERT INTO SHIPPINGLOCATION VALUES ( 'SL343', 'Xzuyw', 'Koup', '도서산간지역', 'SH877', 'Zxnhwyjquqlqcyxod10' );
INSERT INTO SHIPPINGLOCATION VALUES ( 'SL344', 'Jtulhtcjqh', 'Htywcqlv', '수도권 및 경기도', 'SH875', 'Yogpumscrfhdzw9' );
INSERT INTO SHIPPINGLOCATION VALUES ( 'SL345', 'Gfwodwumq', 'Npufobzkihfjs', '지방', 'SH876', 'Sxpkrw9' );
INSERT INTO SHIPPINGLOCATION VALUES ( 'SL346', 'Svzg', 'Dzocfechjms', '지방', 'SH876', 'Ijkpjrerqzhciegvg15' );
INSERT INTO SHIPPINGLOCATION VALUES ( 'SL347', 'Obtjfuqxxtuipxp', 'Ccrhpwikk', '도서산간지역', 'SH877', 'Wzzbtuxcc6' );
INSERT INTO SHIPPINGLOCATION VALUES ( 'SL348', 'Wqvfymphwpzj', 'Nptprodlzqa', '지방', 'SH876', 'Ptjthsmcnzusswcwd9' );
INSERT INTO SHIPPINGLOCATION VALUES ( 'SL349', 'Kbvjmfqon', 'Jzuympop', '도서산간지역', 'SH877', 'Uasovymppeqcy17' );
INSERT INTO SHIPPINGLOCATION VALUES ( 'SL350', 'Acmrglvukerhi', 'Pwh', '도서산간지역', 'SH877', 'Cluik5' );
INSERT INTO SHIPPINGLOCATION VALUES ( 'SL351', 'Qhdz', 'Ubgi', '지방', 'SH876', 'Uuzo7' );
INSERT INTO SHIPPINGLOCATION VALUES ( 'SL352', 'Nqzemhcg', 'Bwggiajtldykuxytb', '도서산간지역', 'SH877', 'Vgylgoue7' );
INSERT INTO SHIPPINGLOCATION VALUES ( 'SL353', 'Heoytu', 'Iohvljhr', '지방', 'SH876', 'Mpsxholgglsfwin11' );
INSERT INTO SHIPPINGLOCATION VALUES ( 'SL354', 'Xtzldcjkbierxaoxw', 'Xyurzwivecopmjwfs', '지방', 'SH876', 'Ellhzjfgoskjfvj17' );
INSERT INTO SHIPPINGLOCATION VALUES ( 'SL355', 'Siqfys', 'Pasyhivyefqcao', '도서산간지역', 'SH877', 'Tfpfrbqmtns11' );
INSERT INTO SHIPPINGLOCATION VALUES ( 'SL356', 'Qcmonmbw', 'Zrrgf', '수도권 및 경기도', 'SH875', 'Jvgcyo11' );
INSERT INTO SHIPPINGLOCATION VALUES ( 'SL357', 'Dmvldked', 'Bkmyqsxftluq', '수도권 및 경기도', 'SH875', 'Nftc6' );
INSERT INTO SHIPPINGLOCATION VALUES ( 'SL358', 'Gxyfzoygz', 'Xmpxkpnmdy', '지방', 'SH876', 'Cqcjxwoogiibc3' );
INSERT INTO SHIPPINGLOCATION VALUES ( 'SL359', 'Bvzjx', 'Kehzznlhekndez', '수도권 및 경기도', 'SH875', 'Vqtkjkllynt7' );
INSERT INTO SHIPPINGLOCATION VALUES ( 'SL360', 'Lpmkqk', 'Ecanhgktfdbekpykm', '수도권 및 경기도', 'SH875', 'Opocdsvimkyvemfph11' );


INSERT INTO ITEMORDER VALUES ( 'IO-Ty1011155', NULL, TO_DATE('2016-1-29', 'yyyy-mm-dd'), '결제대기', 'Gazwkwabj15', 'SH875' );
INSERT INTO ITEMORDER VALUES ( 'IO-Ki1011172', NULL, TO_DATE('2000-8-17', 'yyyy-mm-dd'), '수령 완료', 'Zxnhwyjquqlqcyxod10', 'SH877' );
INSERT INTO ITEMORDER VALUES ( 'IO-T1011189', NULL, TO_DATE('2006-8-24', 'yyyy-mm-dd'), '수령 완료', 'Uke10', 'SH875' );
INSERT INTO ITEMORDER VALUES ( 'IO-L1011206', NULL, TO_DATE('2007-4-26', 'yyyy-mm-dd'), '수령 완료', 'Opocdsvimkyvemfph11', 'SH875' );
INSERT INTO ITEMORDER VALUES ( 'IO-W1011223', NULL, TO_DATE('2015-12-13', 'yyyy-mm-dd'), '결제 확인', 'Dmqpkxqcoirair8', 'SH877' );
INSERT INTO ITEMORDER VALUES ( 'IO-Jtj1011240', NULL, TO_DATE('2004-12-27', 'yyyy-mm-dd'), '수령 완료', 'Jvgcyo11', 'SH875' );
INSERT INTO ITEMORDER VALUES ( 'IO-Mch1011257', NULL, TO_DATE('2010-3-16', 'yyyy-mm-dd'), '배송중', 'Zzm16', 'SH875' );
INSERT INTO ITEMORDER VALUES ( 'IO-Crdt1011274', NULL, TO_DATE('2015-1-15', 'yyyy-mm-dd'), '배송중', 'Jtxdllfgkmha14', 'SH877' );
INSERT INTO ITEMORDER VALUES ( 'IO-Czxg1011291', NULL, TO_DATE('2003-10-9', 'yyyy-mm-dd'), '수령 완료', 'Nqpcxqoxgnscgps16', 'SH877' );
INSERT INTO ITEMORDER VALUES ( 'IO-Emef1011308', NULL, TO_DATE('2016-7-7', 'yyyy-mm-dd'), '결제 확인', 'Cqcjxwoogiibc3', 'SH876' );
INSERT INTO ITEMORDER VALUES ( 'IO-U1011325', NULL, TO_DATE('2015-10-6', 'yyyy-mm-dd'), '결제대기', 'Uasovymppeqcy17', 'SH877' );
INSERT INTO ITEMORDER VALUES ( 'IO-E1011342', NULL, TO_DATE('2017-12-23', 'yyyy-mm-dd'), '결제대기', 'Uasovymppeqcy17', 'SH877' );
INSERT INTO ITEMORDER VALUES ( 'IO-N1011359', NULL, TO_DATE('2010-12-9', 'yyyy-mm-dd'), '수령 완료', 'Cluik5', 'SH877' );
INSERT INTO ITEMORDER VALUES ( 'IO-Pjl1011376', NULL, TO_DATE('2007-8-24', 'yyyy-mm-dd'), '배송중', 'Vitjdqwybnynoxl13', 'SH877' );
INSERT INTO ITEMORDER VALUES ( 'IO-Fa1011393', NULL, TO_DATE('2014-8-31', 'yyyy-mm-dd'), '배송중', 'Nkgcmylppt8', 'SH876' );
INSERT INTO ITEMORDER VALUES ( 'IO-J1011410', NULL, TO_DATE('2004-2-31', 'yyyy-mm-dd'), '수령 완료', 'Kvlarlvqpkxgk14', 'SH875' );
INSERT INTO ITEMORDER VALUES ( 'IO-Ej1011427', NULL, TO_DATE('2013-1-15', 'yyyy-mm-dd'), '수령 완료', 'Yqlwreozwptjju6', 'SH876' );
INSERT INTO ITEMORDER VALUES ( 'IO-Wg1011444', NULL, TO_DATE('2002-12-15', 'yyyy-mm-dd'), '결제 확인', 'Dmqpkxqcoirair8', 'SH877' );
INSERT INTO ITEMORDER VALUES ( 'IO-Jqqe1011461', NULL, TO_DATE('2005-5-29', 'yyyy-mm-dd'), '수령 완료', 'Kvlarlvqpkxgk14', 'SH875' );
INSERT INTO ITEMORDER VALUES ( 'IO-I1011478', NULL, TO_DATE('2006-9-12', 'yyyy-mm-dd'), '결제 확인', 'Kvlarlvqpkxgk14', 'SH875' );
INSERT INTO ITEMORDER VALUES ( 'IO-Pdtx1011495', NULL, TO_DATE('2002-2-4', 'yyyy-mm-dd'), '결제대기', 'Yqlwreozwptjju6', 'SH876' );
INSERT INTO ITEMORDER VALUES ( 'IO-L1011512', NULL, TO_DATE('2014-5-28', 'yyyy-mm-dd'), '결제 확인', 'Vurtqnvd8', 'SH876' );
INSERT INTO ITEMORDER VALUES ( 'IO-Iwzp1011529', NULL, TO_DATE('2015-2-9', 'yyyy-mm-dd'), '배송중', 'Nftc6', 'SH875' );
INSERT INTO ITEMORDER VALUES ( 'IO-N1011546', NULL, TO_DATE('2014-9-9', 'yyyy-mm-dd'), '수령 완료', 'Pbbf14', 'SH876' );
INSERT INTO ITEMORDER VALUES ( 'IO-Rrsz1011563', NULL, TO_DATE('2016-4-2', 'yyyy-mm-dd'), '수령 완료', 'Cluik5', 'SH877' );
INSERT INTO ITEMORDER VALUES ( 'IO-Ov1011580', NULL, TO_DATE('2007-2-11', 'yyyy-mm-dd'), '수령 완료', 'Dfzdatogyfc13', 'SH877' );
INSERT INTO ITEMORDER VALUES ( 'IO-W1011597', NULL, TO_DATE('2007-1-9', 'yyyy-mm-dd'), '결제 확인', 'Vurtqnvd8', 'SH876' );
INSERT INTO ITEMORDER VALUES ( 'IO-Sx1011614', NULL, TO_DATE('2008-3-12', 'yyyy-mm-dd'), '수령 완료', 'Uke10', 'SH875' );
INSERT INTO ITEMORDER VALUES ( 'IO-H1011631', NULL, TO_DATE('2010-5-23', 'yyyy-mm-dd'), '결제 확인', 'Nywozuwhnohngtsyf5', 'SH875' );
INSERT INTO ITEMORDER VALUES ( 'IO-Iwx1011648', NULL, TO_DATE('2008-4-15', 'yyyy-mm-dd'), '결제 확인', 'Tdyuglbagwkf9', 'SH877' );
INSERT INTO ITEMORDER VALUES ( 'IO-E1011665', NULL, TO_DATE('2015-5-6', 'yyyy-mm-dd'), '결제 확인', 'Ecjktnputxmll13', 'SH877' );
INSERT INTO ITEMORDER VALUES ( 'IO-Vmwz1011682', NULL, TO_DATE('2016-3-5', 'yyyy-mm-dd'), '배송중', 'Nftc6', 'SH875' );
INSERT INTO ITEMORDER VALUES ( 'IO-M1011699', NULL, TO_DATE('2006-9-4', 'yyyy-mm-dd'), '수령 완료', 'Ellhzjfgoskjfvj17', 'SH876' );
INSERT INTO ITEMORDER VALUES ( 'IO-B1011716', NULL, TO_DATE('2000-11-1', 'yyyy-mm-dd'), '수령 완료', 'Vdondxatojwc16', 'SH877' );
INSERT INTO ITEMORDER VALUES ( 'IO-Usf1011733', NULL, TO_DATE('2016-8-25', 'yyyy-mm-dd'), '수령 완료', 'Newosccsrjpiifg15', 'SH876' );
INSERT INTO ITEMORDER VALUES ( 'IO-Hs1011750', NULL, TO_DATE('2000-3-24', 'yyyy-mm-dd'), '수령 완료', 'Qvreswtbr9', 'SH876' );
INSERT INTO ITEMORDER VALUES ( 'IO-Blu1011767', NULL, TO_DATE('2013-9-19', 'yyyy-mm-dd'), '결제 확인', 'Gwku6', 'SH875' );
INSERT INTO ITEMORDER VALUES ( 'IO-Qa1011784', NULL, TO_DATE('2005-6-3', 'yyyy-mm-dd'), '결제대기', 'Gvevifp17', 'SH876' );
INSERT INTO ITEMORDER VALUES ( 'IO-B1011801', NULL, TO_DATE('2012-5-25', 'yyyy-mm-dd'), '결제 확인', 'Jtxdllfgkmha14', 'SH877' );
INSERT INTO ITEMORDER VALUES ( 'IO-W1011818', NULL, TO_DATE('2004-11-24', 'yyyy-mm-dd'), '수령 완료', 'Imydxlvjjovap14', 'SH877' );
INSERT INTO ITEMORDER VALUES ( 'IO-Ud1011835', NULL, TO_DATE('2004-4-12', 'yyyy-mm-dd'), '결제 확인', 'Zzm16', 'SH875' );
INSERT INTO ITEMORDER VALUES ( 'IO-Kipu1011852', NULL, TO_DATE('2012-11-4', 'yyyy-mm-dd'), '결제대기', 'Uhpxplpkuplfvxo5', 'SH877' );
INSERT INTO ITEMORDER VALUES ( 'IO-Oufx1011869', NULL, TO_DATE('2001-10-25', 'yyyy-mm-dd'), '배송중', 'Ecjktnputxmll13', 'SH877' );
INSERT INTO ITEMORDER VALUES ( 'IO-Rmga1011886', NULL, TO_DATE('2006-2-2', 'yyyy-mm-dd'), '결제대기', 'Orozxevthd8', 'SH875' );
INSERT INTO ITEMORDER VALUES ( 'IO-Uw1011903', NULL, TO_DATE('2008-3-2', 'yyyy-mm-dd'), '배송중', 'Ujhlhff5', 'SH875' );
INSERT INTO ITEMORDER VALUES ( 'IO-Xxi1011920', NULL, TO_DATE('2000-9-28', 'yyyy-mm-dd'), '수령 완료', 'Vurtqnvd8', 'SH876' );
INSERT INTO ITEMORDER VALUES ( 'IO-Nuhf1011937', NULL, TO_DATE('2011-1-28', 'yyyy-mm-dd'), '결제 확인', 'Vdondxatojwc16', 'SH877' );
INSERT INTO ITEMORDER VALUES ( 'IO-Bbyf1011954', NULL, TO_DATE('2014-5-20', 'yyyy-mm-dd'), '수령 완료', 'Orozxevthd8', 'SH875' );
INSERT INTO ITEMORDER VALUES ( 'IO-Ux1011971', NULL, TO_DATE('2011-7-9', 'yyyy-mm-dd'), '결제 확인', 'Orozxevthd8', 'SH875' );
INSERT INTO ITEMORDER VALUES ( 'IO-L1011988', NULL, TO_DATE('2015-1-20', 'yyyy-mm-dd'), '결제대기', 'Pofbfqusebrvr5', 'SH875' );
INSERT INTO ITEMORDER VALUES ( 'IO-Mvm1012005', NULL, TO_DATE('2002-6-20', 'yyyy-mm-dd'), '수령 완료', 'Cluik5', 'SH877' );
INSERT INTO ITEMORDER VALUES ( 'IO-P1012022', NULL, TO_DATE('2007-7-13', 'yyyy-mm-dd'), '배송중', 'Pofbfqusebrvr5', 'SH875' );
INSERT INTO ITEMORDER VALUES ( 'IO-I1012039', NULL, TO_DATE('2011-9-30', 'yyyy-mm-dd'), '수령 완료', 'Orozxevthd8', 'SH875' );
INSERT INTO ITEMORDER VALUES ( 'IO-Iz1012056', NULL, TO_DATE('2014-5-5', 'yyyy-mm-dd'), '결제 확인', 'Vgylgoue7', 'SH877' );
INSERT INTO ITEMORDER VALUES ( 'IO-Hnw1012073', NULL, TO_DATE('2016-5-29', 'yyyy-mm-dd'), '수령 완료', 'Evbtyaygehonio10', 'SH876' );
INSERT INTO ITEMORDER VALUES ( 'IO-Ydde1012090', NULL, TO_DATE('2013-7-23', 'yyyy-mm-dd'), '결제대기', 'Tdyuglbagwkf9', 'SH877' );
INSERT INTO ITEMORDER VALUES ( 'IO-H1012107', NULL, TO_DATE('2016-7-18', 'yyyy-mm-dd'), '결제대기', 'Dfzdatogyfc13', 'SH877' );
INSERT INTO ITEMORDER VALUES ( 'IO-Lhfz1012124', NULL, TO_DATE('2012-4-12', 'yyyy-mm-dd'), '배송중', 'Mpsxholgglsfwin11', 'SH876' );
INSERT INTO ITEMORDER VALUES ( 'IO-Iqtp1012141', NULL, TO_DATE('2001-10-22', 'yyyy-mm-dd'), '결제 확인', 'Evbtyaygehonio10', 'SH876' );
INSERT INTO ITEMORDER VALUES ( 'IO-H1012158', NULL, TO_DATE('2014-11-28', 'yyyy-mm-dd'), '결제대기', 'Uasovymppeqcy17', 'SH877' );
INSERT INTO ITEMORDER VALUES ( 'IO-Z1012175', NULL, TO_DATE('2014-11-17', 'yyyy-mm-dd'), '수령 완료', 'Nqpcxqoxgnscgps16', 'SH877' );
INSERT INTO ITEMORDER VALUES ( 'IO-J1012192', NULL, TO_DATE('2008-4-31', 'yyyy-mm-dd'), '수령 완료', 'Jtxdllfgkmha14', 'SH877' );
INSERT INTO ITEMORDER VALUES ( 'IO-Sj1012209', NULL, TO_DATE('2005-7-17', 'yyyy-mm-dd'), '결제 확인', 'Newosccsrjpiifg15', 'SH876' );
INSERT INTO ITEMORDER VALUES ( 'IO-Xzp1012226', NULL, TO_DATE('2013-11-9', 'yyyy-mm-dd'), '수령 완료', 'Nywozuwhnohngtsyf5', 'SH875' );
INSERT INTO ITEMORDER VALUES ( 'IO-J1012243', NULL, TO_DATE('2008-6-28', 'yyyy-mm-dd'), '수령 완료', 'Jvgcyo11', 'SH875' );
INSERT INTO ITEMORDER VALUES ( 'IO-G1012260', NULL, TO_DATE('2002-8-24', 'yyyy-mm-dd'), '수령 완료', 'Stwu16', 'SH877' );
INSERT INTO ITEMORDER VALUES ( 'IO-Cow1012277', NULL, TO_DATE('2008-4-22', 'yyyy-mm-dd'), '결제 확인', 'Uhpxplpkuplfvxo5', 'SH877' );
INSERT INTO ITEMORDER VALUES ( 'IO-Qkc1012294', NULL, TO_DATE('2005-11-13', 'yyyy-mm-dd'), '수령 완료', 'Xielotucywjfbm6', 'SH877' );
INSERT INTO ITEMORDER VALUES ( 'IO-Bsx1012311', NULL, TO_DATE('2009-5-25', 'yyyy-mm-dd'), '결제 확인', 'Cqcjxwoogiibc3', 'SH876' );
INSERT INTO ITEMORDER VALUES ( 'IO-K1012328', NULL, TO_DATE('2014-6-23', 'yyyy-mm-dd'), '배송중', 'Kvlarlvqpkxgk14', 'SH875' );
INSERT INTO ITEMORDER VALUES ( 'IO-H1012345', NULL, TO_DATE('2015-1-8', 'yyyy-mm-dd'), '배송중', 'Vitjdqwybnynoxl13', 'SH877' );
INSERT INTO ITEMORDER VALUES ( 'IO-X1012362', NULL, TO_DATE('2009-11-7', 'yyyy-mm-dd'), '결제 확인', 'Wabyuvofuiql17', 'SH875' );
INSERT INTO ITEMORDER VALUES ( 'IO-Unf1012379', NULL, TO_DATE('2005-5-12', 'yyyy-mm-dd'), '수령 완료', 'Ptjthsmcnzusswcwd9', 'SH876' );
INSERT INTO ITEMORDER VALUES ( 'IO-Tn1012396', NULL, TO_DATE('2013-2-26', 'yyyy-mm-dd'), '결제대기', 'Wabyuvofuiql17', 'SH875' );
INSERT INTO ITEMORDER VALUES ( 'IO-Du1012413', NULL, TO_DATE('2008-8-26', 'yyyy-mm-dd'), '결제대기', 'Ellhzjfgoskjfvj17', 'SH876' );
INSERT INTO ITEMORDER VALUES ( 'IO-S1012430', NULL, TO_DATE('2009-11-14', 'yyyy-mm-dd'), '결제 확인', 'Gazwkwabj15', 'SH875' );
INSERT INTO ITEMORDER VALUES ( 'IO-Bk1012447', NULL, TO_DATE('2014-12-21', 'yyyy-mm-dd'), '배송중', 'Nywozuwhnohngtsyf5', 'SH875' );
INSERT INTO ITEMORDER VALUES ( 'IO-Gp1012464', NULL, TO_DATE('2017-4-4', 'yyyy-mm-dd'), '수령 완료', 'Orozxevthd8', 'SH875' );
INSERT INTO ITEMORDER VALUES ( 'IO-Rp1012481', NULL, TO_DATE('2003-4-13', 'yyyy-mm-dd'), '결제대기', 'Gvevifp17', 'SH876' );
INSERT INTO ITEMORDER VALUES ( 'IO-Gtf1012498', NULL, TO_DATE('2012-9-23', 'yyyy-mm-dd'), '결제대기', 'Cluik5', 'SH877' );
INSERT INTO ITEMORDER VALUES ( 'IO-W1012515', NULL, TO_DATE('2002-6-21', 'yyyy-mm-dd'), '결제 확인', 'Kvlarlvqpkxgk14', 'SH875' );
INSERT INTO ITEMORDER VALUES ( 'IO-Ig1012532', NULL, TO_DATE('2017-2-2', 'yyyy-mm-dd'), '배송중', 'Opocdsvimkyvemfph11', 'SH875' );
INSERT INTO ITEMORDER VALUES ( 'IO-Bxey1012549', NULL, TO_DATE('2015-7-28', 'yyyy-mm-dd'), '수령 완료', 'Vitjdqwybnynoxl13', 'SH877' );
INSERT INTO ITEMORDER VALUES ( 'IO-Tcg1012566', NULL, TO_DATE('2008-11-24', 'yyyy-mm-dd'), '결제 확인', 'Nftc6', 'SH875' );
INSERT INTO ITEMORDER VALUES ( 'IO-Eso1012583', NULL, TO_DATE('2003-1-6', 'yyyy-mm-dd'), '수령 완료', 'Cluik5', 'SH877' );
INSERT INTO ITEMORDER VALUES ( 'IO-Bxjx1012600', NULL, TO_DATE('2002-9-25', 'yyyy-mm-dd'), '수령 완료', 'Orozxevthd8', 'SH875' );
INSERT INTO ITEMORDER VALUES ( 'IO-Inxe1012617', NULL, TO_DATE('2006-8-14', 'yyyy-mm-dd'), '결제 확인', 'Wabyuvofuiql17', 'SH875' );
INSERT INTO ITEMORDER VALUES ( 'IO-Zrdk1012634', NULL, TO_DATE('2017-3-31', 'yyyy-mm-dd'), '결제대기', 'Uhpxplpkuplfvxo5', 'SH877' );
INSERT INTO ITEMORDER VALUES ( 'IO-Iyt1012651', NULL, TO_DATE('2017-8-6', 'yyyy-mm-dd'), '수령 완료', 'Yqlwreozwptjju6', 'SH876' );
INSERT INTO ITEMORDER VALUES ( 'IO-I1012668', NULL, TO_DATE('2003-5-7', 'yyyy-mm-dd'), '배송중', 'Uuzo7', 'SH876' );
INSERT INTO ITEMORDER VALUES ( 'IO-Dme1012685', NULL, TO_DATE('2017-4-16', 'yyyy-mm-dd'), '배송중', 'Wvuaqwqxokhqeyk8', 'SH877' );
INSERT INTO ITEMORDER VALUES ( 'IO-V1012702', NULL, TO_DATE('2017-8-4', 'yyyy-mm-dd'), '결제대기', 'Mpsxholgglsfwin11', 'SH876' );
INSERT INTO ITEMORDER VALUES ( 'IO-T1012719', NULL, TO_DATE('2009-12-13', 'yyyy-mm-dd'), '배송중', 'Kvlarlvqpkxgk14', 'SH875' );
INSERT INTO ITEMORDER VALUES ( 'IO-J1012736', NULL, TO_DATE('2012-9-12', 'yyyy-mm-dd'), '결제 확인', 'Xielotucywjfbm6', 'SH877' );
INSERT INTO ITEMORDER VALUES ( 'IO-Wlqr1012753', NULL, TO_DATE('2005-8-15', 'yyyy-mm-dd'), '수령 완료', 'Oqzrhkmq14', 'SH875' );
INSERT INTO ITEMORDER VALUES ( 'IO-X1012770', NULL, TO_DATE('2005-1-6', 'yyyy-mm-dd'), '수령 완료', 'Jtxdllfgkmha14', 'SH877' );
INSERT INTO ITEMORDER VALUES ( 'IO-Ixel1012787', NULL, TO_DATE('2010-1-28', 'yyyy-mm-dd'), '결제대기', 'Vqtkjkllynt7', 'SH875' );
INSERT INTO ITEMORDER VALUES ( 'IO-Gwjh1012804', NULL, TO_DATE('2015-7-22', 'yyyy-mm-dd'), '결제대기', 'Cqcjxwoogiibc3', 'SH876' );
INSERT INTO ITEMORDER VALUES ( 'IO-M1012821', NULL, TO_DATE('2015-8-4', 'yyyy-mm-dd'), '결제대기', 'Imydxlvjjovap14', 'SH877' );
INSERT INTO ITEMORDER VALUES ( 'IO-L1012838', NULL, TO_DATE('2017-4-19', 'yyyy-mm-dd'), '배송중', 'Vqtkjkllynt7', 'SH875' );
INSERT INTO ITEMORDER VALUES ( 'IO-H1012855', NULL, TO_DATE('2017-10-15', 'yyyy-mm-dd'), '배송중', 'Opocdsvimkyvemfph11', 'SH875' );
INSERT INTO ITEMORDER VALUES ( 'IO-Wy1012872', NULL, TO_DATE('2000-5-2', 'yyyy-mm-dd'), '수령 완료', 'Gvevifp17', 'SH876' );
INSERT INTO ITEMORDER VALUES ( 'IO-Ggj1012889', NULL, TO_DATE('2013-1-14', 'yyyy-mm-dd'), '결제대기', 'Ijkpjrerqzhciegvg15', 'SH876' );
INSERT INTO ITEMORDER VALUES ( 'IO-Ziyt1012906', NULL, TO_DATE('2000-4-14', 'yyyy-mm-dd'), '배송중', 'Wabyuvofuiql17', 'SH875' );
INSERT INTO ITEMORDER VALUES ( 'IO-Yqem1012923', NULL, TO_DATE('2011-9-12', 'yyyy-mm-dd'), '수령 완료', 'Oftjqiylb6', 'SH876' );
INSERT INTO ITEMORDER VALUES ( 'IO-Cjts1012940', NULL, TO_DATE('2011-7-5', 'yyyy-mm-dd'), '결제 확인', 'Nqpcxqoxgnscgps16', 'SH877' );
INSERT INTO ITEMORDER VALUES ( 'IO-Np1012957', NULL, TO_DATE('2008-5-25', 'yyyy-mm-dd'), '수령 완료', 'Kthsi13', 'SH876' );
INSERT INTO ITEMORDER VALUES ( 'IO-Fp1012974', NULL, TO_DATE('2004-4-22', 'yyyy-mm-dd'), '배송중', 'Evbtyaygehonio10', 'SH876' );
INSERT INTO ITEMORDER VALUES ( 'IO-C1012991', NULL, TO_DATE('2017-2-6', 'yyyy-mm-dd'), '배송중', 'Vurtqnvd8', 'SH876' );
INSERT INTO ITEMORDER VALUES ( 'IO-F1013008', NULL, TO_DATE('2007-1-18', 'yyyy-mm-dd'), '배송중', 'Ellhzjfgoskjfvj17', 'SH876' );
INSERT INTO ITEMORDER VALUES ( 'IO-Yufb1013025', NULL, TO_DATE('2009-4-7', 'yyyy-mm-dd'), '수령 완료', 'Dfzdatogyfc13', 'SH877' );
INSERT INTO ITEMORDER VALUES ( 'IO-Mpfu1013042', NULL, TO_DATE('2008-7-23', 'yyyy-mm-dd'), '수령 완료', 'Qvreswtbr9', 'SH876' );
INSERT INTO ITEMORDER VALUES ( 'IO-S1013059', NULL, TO_DATE('2015-2-5', 'yyyy-mm-dd'), '결제대기', 'Vitjdqwybnynoxl13', 'SH877' );
INSERT INTO ITEMORDER VALUES ( 'IO-T1013076', NULL, TO_DATE('2013-11-4', 'yyyy-mm-dd'), '수령 완료', 'Klkgb4', 'SH876' );
INSERT INTO ITEMORDER VALUES ( 'IO-K1013093', NULL, TO_DATE('2001-5-27', 'yyyy-mm-dd'), '결제 확인', 'Vitjdqwybnynoxl13', 'SH877' );
INSERT INTO ITEMORDER VALUES ( 'IO-Yko1013110', NULL, TO_DATE('2007-7-30', 'yyyy-mm-dd'), '결제 확인', 'Tfpfrbqmtns11', 'SH877' );
INSERT INTO ITEMORDER VALUES ( 'IO-Ssax1013127', NULL, TO_DATE('2011-7-1', 'yyyy-mm-dd'), '결제 확인', 'Ujhlhff5', 'SH875' );
INSERT INTO ITEMORDER VALUES ( 'IO-Q1013144', NULL, TO_DATE('2000-11-18', 'yyyy-mm-dd'), '결제대기', 'Ujhlhff5', 'SH875' );
INSERT INTO ITEMORDER VALUES ( 'IO-Uxg1013161', NULL, TO_DATE('2009-8-9', 'yyyy-mm-dd'), '결제대기', 'Ecjktnputxmll13', 'SH877' );
INSERT INTO ITEMORDER VALUES ( 'IO-U1013178', NULL, TO_DATE('2001-1-12', 'yyyy-mm-dd'), '결제대기', 'Kthsi13', 'SH876' );
INSERT INTO ITEMORDER VALUES ( 'IO-Tt1013195', NULL, TO_DATE('2004-5-19', 'yyyy-mm-dd'), '수령 완료', 'Kthsi13', 'SH876' );
INSERT INTO ITEMORDER VALUES ( 'IO-K1013212', NULL, TO_DATE('2006-10-6', 'yyyy-mm-dd'), '결제 확인', 'Pofbfqusebrvr5', 'SH875' );
INSERT INTO ITEMORDER VALUES ( 'IO-Gi1013229', NULL, TO_DATE('2001-6-30', 'yyyy-mm-dd'), '수령 완료', 'Orozxevthd8', 'SH875' );
INSERT INTO ITEMORDER VALUES ( 'IO-Fhz1013246', NULL, TO_DATE('2014-1-6', 'yyyy-mm-dd'), '결제대기', 'Oftjqiylb6', 'SH876' );
INSERT INTO ITEMORDER VALUES ( 'IO-O1013263', NULL, TO_DATE('2001-7-12', 'yyyy-mm-dd'), '결제대기', 'Pbbf14', 'SH876' );
INSERT INTO ITEMORDER VALUES ( 'IO-L1013280', NULL, TO_DATE('2008-4-12', 'yyyy-mm-dd'), '결제대기', 'Vdondxatojwc16', 'SH877' );
INSERT INTO ITEMORDER VALUES ( 'IO-X1013297', NULL, TO_DATE('2015-4-21', 'yyyy-mm-dd'), '결제대기', 'Vdondxatojwc16', 'SH877' );
INSERT INTO ITEMORDER VALUES ( 'IO-R1013314', NULL, TO_DATE('2001-2-2', 'yyyy-mm-dd'), '결제대기', 'Ecjktnputxmll13', 'SH877' );
INSERT INTO ITEMORDER VALUES ( 'IO-Xoet1013331', NULL, TO_DATE('2016-2-19', 'yyyy-mm-dd'), '결제 확인', 'Cqcjxwoogiibc3', 'SH876' );
INSERT INTO ITEMORDER VALUES ( 'IO-U1013348', NULL, TO_DATE('2001-4-16', 'yyyy-mm-dd'), '수령 완료', 'Vqtkjkllynt7', 'SH875' );
INSERT INTO ITEMORDER VALUES ( 'IO-Bgua1013365', NULL, TO_DATE('2009-6-23', 'yyyy-mm-dd'), '배송중', 'Btdqginevtms9', 'SH876' );
INSERT INTO ITEMORDER VALUES ( 'IO-Dv1013382', NULL, TO_DATE('2013-2-29', 'yyyy-mm-dd'), '결제 확인', 'Okqsofraeb4', 'SH876' );
INSERT INTO ITEMORDER VALUES ( 'IO-Lejc1013399', NULL, TO_DATE('2015-4-1', 'yyyy-mm-dd'), '결제대기', 'Gwku6', 'SH875' );
INSERT INTO ITEMORDER VALUES ( 'IO-Bepd1013416', NULL, TO_DATE('2003-3-27', 'yyyy-mm-dd'), '결제 확인', 'Wzzbtuxcc6', 'SH877' );
INSERT INTO ITEMORDER VALUES ( 'IO-V1013433', NULL, TO_DATE('2003-2-23', 'yyyy-mm-dd'), '배송중', 'Zxnhwyjquqlqcyxod10', 'SH877' );
INSERT INTO ITEMORDER VALUES ( 'IO-Jxdb1013450', NULL, TO_DATE('2008-4-20', 'yyyy-mm-dd'), '결제 확인', 'Vqtkjkllynt7', 'SH875' );
INSERT INTO ITEMORDER VALUES ( 'IO-W1013467', NULL, TO_DATE('2007-1-31', 'yyyy-mm-dd'), '수령 완료', 'Jtxdllfgkmha14', 'SH877' );
INSERT INTO ITEMORDER VALUES ( 'IO-Sdc1013484', NULL, TO_DATE('2009-1-30', 'yyyy-mm-dd'), '배송중', 'Opocdsvimkyvemfph11', 'SH875' );
INSERT INTO ITEMORDER VALUES ( 'IO-Rae1013501', NULL, TO_DATE('2007-4-28', 'yyyy-mm-dd'), '결제 확인', 'Pofbfqusebrvr5', 'SH875' );
INSERT INTO ITEMORDER VALUES ( 'IO-B1013518', NULL, TO_DATE('2001-8-4', 'yyyy-mm-dd'), '수령 완료', 'Vurtqnvd8', 'SH876' );
INSERT INTO ITEMORDER VALUES ( 'IO-X1013535', NULL, TO_DATE('2000-5-11', 'yyyy-mm-dd'), '결제대기', 'Jvgcyo11', 'SH875' );
INSERT INTO ITEMORDER VALUES ( 'IO-B1013552', NULL, TO_DATE('2007-5-3', 'yyyy-mm-dd'), '수령 완료', 'Oqzrhkmq14', 'SH875' );
INSERT INTO ITEMORDER VALUES ( 'IO-Xwk1013569', NULL, TO_DATE('2013-6-7', 'yyyy-mm-dd'), '배송중', 'Uuzo7', 'SH876' );
INSERT INTO ITEMORDER VALUES ( 'IO-Hxe1013586', NULL, TO_DATE('2008-11-23', 'yyyy-mm-dd'), '결제 확인', 'Opocdsvimkyvemfph11', 'SH875' );
INSERT INTO ITEMORDER VALUES ( 'IO-Hs1013603', NULL, TO_DATE('2003-4-5', 'yyyy-mm-dd'), '결제 확인', 'Gazwkwabj15', 'SH875' );
INSERT INTO ITEMORDER VALUES ( 'IO-L1013620', NULL, TO_DATE('2000-1-26', 'yyyy-mm-dd'), '수령 완료', 'Jvgcyo11', 'SH875' );
INSERT INTO ITEMORDER VALUES ( 'IO-B1013637', NULL, TO_DATE('2015-5-24', 'yyyy-mm-dd'), '결제 확인', 'Ptjthsmcnzusswcwd9', 'SH876' );
INSERT INTO ITEMORDER VALUES ( 'IO-Djze1013654', NULL, TO_DATE('2001-9-26', 'yyyy-mm-dd'), '결제 확인', 'Uasovymppeqcy17', 'SH877' );
INSERT INTO ITEMORDER VALUES ( 'IO-Iaw1013671', NULL, TO_DATE('2009-2-7', 'yyyy-mm-dd'), '배송중', 'Zxnhwyjquqlqcyxod10', 'SH877' );
INSERT INTO ITEMORDER VALUES ( 'IO-J1013688', NULL, TO_DATE('2007-1-24', 'yyyy-mm-dd'), '결제대기', 'Gvevifp17', 'SH876' );
INSERT INTO ITEMORDER VALUES ( 'IO-Ti1013705', NULL, TO_DATE('2017-7-1', 'yyyy-mm-dd'), '수령 완료', 'Btdqginevtms9', 'SH876' );
INSERT INTO ITEMORDER VALUES ( 'IO-Nfbx1013722', NULL, TO_DATE('2013-6-30', 'yyyy-mm-dd'), '결제대기', 'Wvuaqwqxokhqeyk8', 'SH877' );
INSERT INTO ITEMORDER VALUES ( 'IO-P1013739', NULL, TO_DATE('2002-1-30', 'yyyy-mm-dd'), '배송중', 'Ijkpjrerqzhciegvg15', 'SH876' );
INSERT INTO ITEMORDER VALUES ( 'IO-Yh1013756', NULL, TO_DATE('2016-9-8', 'yyyy-mm-dd'), '배송중', 'Wabyuvofuiql17', 'SH875' );
INSERT INTO ITEMORDER VALUES ( 'IO-X1013773', NULL, TO_DATE('2005-4-22', 'yyyy-mm-dd'), '결제 확인', 'Nqpcxqoxgnscgps16', 'SH877' );
INSERT INTO ITEMORDER VALUES ( 'IO-Pj1013790', NULL, TO_DATE('2007-12-19', 'yyyy-mm-dd'), '결제대기', 'Vqtkjkllynt7', 'SH875' );
INSERT INTO ITEMORDER VALUES ( 'IO-Zt1013807', NULL, TO_DATE('2005-2-11', 'yyyy-mm-dd'), '수령 완료', 'Yqlwreozwptjju6', 'SH876' );
INSERT INTO ITEMORDER VALUES ( 'IO-Z1013824', NULL, TO_DATE('2004-3-1', 'yyyy-mm-dd'), '수령 완료', 'Nqpcxqoxgnscgps16', 'SH877' );
INSERT INTO ITEMORDER VALUES ( 'IO-Ivy1013841', NULL, TO_DATE('2006-6-30', 'yyyy-mm-dd'), '결제 확인', 'Pofbfqusebrvr5', 'SH875' );
INSERT INTO ITEMORDER VALUES ( 'IO-J1013858', NULL, TO_DATE('2009-1-3', 'yyyy-mm-dd'), '수령 완료', 'Yxdnxglz14', 'SH877' );
INSERT INTO ITEMORDER VALUES ( 'IO-E1013875', NULL, TO_DATE('2003-10-7', 'yyyy-mm-dd'), '결제 확인', 'Wabyuvofuiql17', 'SH875' );
INSERT INTO ITEMORDER VALUES ( 'IO-T1013892', NULL, TO_DATE('2003-8-13', 'yyyy-mm-dd'), '배송중', 'Vgylgoue7', 'SH877' );
INSERT INTO ITEMORDER VALUES ( 'IO-Awrc1013909', NULL, TO_DATE('2008-1-18', 'yyyy-mm-dd'), '결제대기', 'Yxdnxglz14', 'SH877' );
INSERT INTO ITEMORDER VALUES ( 'IO-Gtf1013926', NULL, TO_DATE('2012-6-7', 'yyyy-mm-dd'), '배송중', 'Jvgcyo11', 'SH875' );
INSERT INTO ITEMORDER VALUES ( 'IO-Zo1013943', NULL, TO_DATE('2006-9-20', 'yyyy-mm-dd'), '배송중', 'Evbtyaygehonio10', 'SH876' );
INSERT INTO ITEMORDER VALUES ( 'IO-Sqe1013960', NULL, TO_DATE('2011-3-19', 'yyyy-mm-dd'), '결제 확인', 'Cluik5', 'SH877' );
INSERT INTO ITEMORDER VALUES ( 'IO-Lgph1013977', NULL, TO_DATE('2015-6-17', 'yyyy-mm-dd'), '수령 완료', 'Klkgb4', 'SH876' );
INSERT INTO ITEMORDER VALUES ( 'IO-Hfc1013994', NULL, TO_DATE('2011-8-8', 'yyyy-mm-dd'), '배송중', 'Vgylgoue7', 'SH877' );
INSERT INTO ITEMORDER VALUES ( 'IO-Xn1014011', NULL, TO_DATE('2001-2-25', 'yyyy-mm-dd'), '수령 완료', 'Nftc6', 'SH875' );
INSERT INTO ITEMORDER VALUES ( 'IO-A1014028', NULL, TO_DATE('2004-3-24', 'yyyy-mm-dd'), '결제대기', 'Wvuaqwqxokhqeyk8', 'SH877' );
INSERT INTO ITEMORDER VALUES ( 'IO-B1014045', NULL, TO_DATE('2006-2-1', 'yyyy-mm-dd'), '배송중', 'Kvlarlvqpkxgk14', 'SH875' );
INSERT INTO ITEMORDER VALUES ( 'IO-Ss1014062', NULL, TO_DATE('2011-6-1', 'yyyy-mm-dd'), '수령 완료', 'Btdqginevtms9', 'SH876' );
INSERT INTO ITEMORDER VALUES ( 'IO-Tw1014079', NULL, TO_DATE('2007-10-10', 'yyyy-mm-dd'), '결제대기', 'Itsctdkdieqn6', 'SH877' );
INSERT INTO ITEMORDER VALUES ( 'IO-B1014096', NULL, TO_DATE('2007-11-20', 'yyyy-mm-dd'), '배송중', 'Zxnhwyjquqlqcyxod10', 'SH877' );
INSERT INTO ITEMORDER VALUES ( 'IO-Jl1014113', NULL, TO_DATE('2010-7-13', 'yyyy-mm-dd'), '결제대기', 'Opocdsvimkyvemfph11', 'SH875' );
INSERT INTO ITEMORDER VALUES ( 'IO-Yhw1014130', NULL, TO_DATE('2011-8-28', 'yyyy-mm-dd'), '배송중', 'Yxdnxglz14', 'SH877' );
INSERT INTO ITEMORDER VALUES ( 'IO-C1014147', NULL, TO_DATE('2014-10-6', 'yyyy-mm-dd'), '배송중', 'Xielotucywjfbm6', 'SH877' );
INSERT INTO ITEMORDER VALUES ( 'IO-T1014164', NULL, TO_DATE('2003-5-28', 'yyyy-mm-dd'), '배송중', 'Vurtqnvd8', 'SH876' );
INSERT INTO ITEMORDER VALUES ( 'IO-P1014181', NULL, TO_DATE('2006-3-3', 'yyyy-mm-dd'), '배송중', 'Pofbfqusebrvr5', 'SH875' );
INSERT INTO ITEMORDER VALUES ( 'IO-Bx1014198', NULL, TO_DATE('2006-4-9', 'yyyy-mm-dd'), '수령 완료', 'Gvevifp17', 'SH876' );
INSERT INTO ITEMORDER VALUES ( 'IO-Hx1014215', NULL, TO_DATE('2004-7-7', 'yyyy-mm-dd'), '결제 확인', 'Uasovymppeqcy17', 'SH877' );
INSERT INTO ITEMORDER VALUES ( 'IO-Q1014232', NULL, TO_DATE('2000-3-13', 'yyyy-mm-dd'), '결제대기', 'Sxpkrw9', 'SH876' );
INSERT INTO ITEMORDER VALUES ( 'IO-G1014249', NULL, TO_DATE('2006-3-29', 'yyyy-mm-dd'), '수령 완료', 'Cqcjxwoogiibc3', 'SH876' );
INSERT INTO ITEMORDER VALUES ( 'IO-A1014266', NULL, TO_DATE('2012-2-18', 'yyyy-mm-dd'), '배송중', 'Kjaodmualnol15', 'SH876' );
INSERT INTO ITEMORDER VALUES ( 'IO-Lk1014283', NULL, TO_DATE('2016-4-8', 'yyyy-mm-dd'), '결제 확인', 'Btdqginevtms9', 'SH876' );
INSERT INTO ITEMORDER VALUES ( 'IO-Nrng1014300', NULL, TO_DATE('2011-4-29', 'yyyy-mm-dd'), '수령 완료', 'Jtxdllfgkmha14', 'SH877' );
INSERT INTO ITEMORDER VALUES ( 'IO-Flf1014317', NULL, TO_DATE('2017-9-22', 'yyyy-mm-dd'), '결제 확인', 'Cqcjxwoogiibc3', 'SH876' );
INSERT INTO ITEMORDER VALUES ( 'IO-Gav1014334', NULL, TO_DATE('2002-7-2', 'yyyy-mm-dd'), '결제대기', 'Qvreswtbr9', 'SH876' );
INSERT INTO ITEMORDER VALUES ( 'IO-J1014351', NULL, TO_DATE('2008-11-11', 'yyyy-mm-dd'), '결제대기', 'Dmqpkxqcoirair8', 'SH877' );
INSERT INTO ITEMORDER VALUES ( 'IO-J1014368', NULL, TO_DATE('2000-11-14', 'yyyy-mm-dd'), '결제 확인', 'Jvgcyo11', 'SH875' );
INSERT INTO ITEMORDER VALUES ( 'IO-Ui1014385', NULL, TO_DATE('2005-11-10', 'yyyy-mm-dd'), '배송중', 'Kvlarlvqpkxgk14', 'SH875' );
INSERT INTO ITEMORDER VALUES ( 'IO-Ad1014402', NULL, TO_DATE('2014-3-8', 'yyyy-mm-dd'), '결제대기', 'Vitjdqwybnynoxl13', 'SH877' );
INSERT INTO ITEMORDER VALUES ( 'IO-Pthb1014419', NULL, TO_DATE('2005-8-22', 'yyyy-mm-dd'), '수령 완료', 'Oftjqiylb6', 'SH876' );
INSERT INTO ITEMORDER VALUES ( 'IO-Nhb1014436', NULL, TO_DATE('2009-6-1', 'yyyy-mm-dd'), '결제대기', 'Vqtkjkllynt7', 'SH875' );
INSERT INTO ITEMORDER VALUES ( 'IO-Ihrr1014453', NULL, TO_DATE('2006-5-30', 'yyyy-mm-dd'), '결제 확인', 'Opocdsvimkyvemfph11', 'SH875' );
INSERT INTO ITEMORDER VALUES ( 'IO-Bjv1014470', NULL, TO_DATE('2008-9-13', 'yyyy-mm-dd'), '배송중', 'Kjaodmualnol15', 'SH876' );
INSERT INTO ITEMORDER VALUES ( 'IO-Oh1014487', NULL, TO_DATE('2001-11-17', 'yyyy-mm-dd'), '수령 완료', 'Stwu16', 'SH877' );
INSERT INTO ITEMORDER VALUES ( 'IO-L1014504', NULL, TO_DATE('2006-2-6', 'yyyy-mm-dd'), '배송중', 'Stwu16', 'SH877' );
INSERT INTO ITEMORDER VALUES ( 'IO-Jj1014521', NULL, TO_DATE('2010-1-13', 'yyyy-mm-dd'), '결제 확인', 'Itsctdkdieqn6', 'SH877' );
INSERT INTO ITEMORDER VALUES ( 'IO-Kn1014538', NULL, TO_DATE('2005-2-11', 'yyyy-mm-dd'), '결제대기', 'Cqcjxwoogiibc3', 'SH876' );


INSERT INTO BASKETCONTAINS VALUES ( 'Orozxevthd8', 'Nrasrz1010463', 'C101-5601', 46 );
INSERT INTO BASKETCONTAINS VALUES ( 'Nywozuwhnohngtsyf5', 'Kpjjpu1010379', 'W843-8704 ', 31 );
INSERT INTO BASKETCONTAINS VALUES ( 'Ijkpjrerqzhciegvg15', 'Oipwoo1010246', 'C132-1070', 14 );
INSERT INTO BASKETCONTAINS VALUES ( 'Ijkpjrerqzhciegvg15', 'Zv1010533', 'C171-6065', 20 );
INSERT INTO BASKETCONTAINS VALUES ( 'Yqlwreozwptjju6', 'Rmc1010407', 'W113-8133', 39 );
INSERT INTO BASKETCONTAINS VALUES ( 'Uke10', 'Aat1010239', 'W828-0019', 1 );
INSERT INTO BASKETCONTAINS VALUES ( 'Wzzbtuxcc6', 'Yj1010351', 'W850-4788', 7 );
INSERT INTO BASKETCONTAINS VALUES ( 'Dmqpkxqcoirair8', 'Oe1010337', 'W820-0022', 4 );
INSERT INTO BASKETCONTAINS VALUES ( 'Yqlwreozwptjju6', 'Wgwbf1010442', 'W850-0029', 38 );
INSERT INTO BASKETCONTAINS VALUES ( 'Newosccsrjpiifg15', 'Ywngv1010505', 'C100-2102', 39 );
INSERT INTO BASKETCONTAINS VALUES ( 'Zxnhwyjquqlqcyxod10', 'Vyz1010211', 'C166-0915', 28 );
INSERT INTO BASKETCONTAINS VALUES ( 'Ijkpjrerqzhciegvg15', 'Lw1010372', 'W863-0278', 44 );
INSERT INTO BASKETCONTAINS VALUES ( 'Sxpkrw9', 'Xay1010365', 'W868-0699', 34 );
INSERT INTO BASKETCONTAINS VALUES ( 'Ijkpjrerqzhciegvg15', 'Wgwbf1010442', 'W864-8541 ', 17 );
INSERT INTO BASKETCONTAINS VALUES ( 'Vdondxatojwc16', 'Gr1010253', 'W899-2442', 27 );
INSERT INTO BASKETCONTAINS VALUES ( 'Opocdsvimkyvemfph11', 'Te1010449', 'W144-4371', 4 );
INSERT INTO BASKETCONTAINS VALUES ( 'Dmqpkxqcoirair8', 'Mptpa1010344', 'W868-0559', 44 );
INSERT INTO BASKETCONTAINS VALUES ( 'Tdyuglbagwkf9', 'Cm1010428', 'W144-4371', 27 );
INSERT INTO BASKETCONTAINS VALUES ( 'Uhpxplpkuplfvxo5', 'Qhokd1010512', 'W864-9993', 47 );
INSERT INTO BASKETCONTAINS VALUES ( 'Yqlwreozwptjju6', 'Dhks1010274', 'W105-3373', 38 );
INSERT INTO BASKETCONTAINS VALUES ( 'Ijkpjrerqzhciegvg15', 'Fk1010288', 'C131-0092', 23 );
INSERT INTO BASKETCONTAINS VALUES ( 'Yxdnxglz14', 'Jx1010414', 'W140-1862', 48 );
INSERT INTO BASKETCONTAINS VALUES ( 'Btdqginevtms9', 'Kpjjpu1010379', 'W879-4017', 28 );
INSERT INTO BASKETCONTAINS VALUES ( 'Zxnhwyjquqlqcyxod10', 'Xpatj1010435', 'W833-0439', 20 );
INSERT INTO BASKETCONTAINS VALUES ( 'Uasovymppeqcy17', 'Cm1010428', ' C132-1061', 12 );
INSERT INTO BASKETCONTAINS VALUES ( 'Zxnhwyjquqlqcyxod10', 'Mptpa1010344', 'C171-5516', 31 );
INSERT INTO BASKETCONTAINS VALUES ( 'Nywozuwhnohngtsyf5', 'Te1010449', 'C171-6065', 34 );
INSERT INTO BASKETCONTAINS VALUES ( 'Uke10', 'Ni1010323', 'C142-0016', 19 );
INSERT INTO BASKETCONTAINS VALUES ( 'Yxdnxglz14', 'Jx1010414', 'W846-2808', 11 );
INSERT INTO BASKETCONTAINS VALUES ( 'Klkgb4', 'Sjmvbs1010456', 'W879-0011', 16 );
INSERT INTO BASKETCONTAINS VALUES ( 'Yqlwreozwptjju6', 'Vrb1010309', 'W868-0945', 45 );
INSERT INTO BASKETCONTAINS VALUES ( 'Dmqpkxqcoirair8', 'Ywngv1010505', 'C100-1811', 32 );
INSERT INTO BASKETCONTAINS VALUES ( 'Nftc6', 'Umaoq1010358', 'W864-5304', 49 );
INSERT INTO BASKETCONTAINS VALUES ( 'Dmqpkxqcoirair8', 'Gr1010253', 'C177-1424', 37 );
INSERT INTO BASKETCONTAINS VALUES ( 'Dmqpkxqcoirair8', 'Oipwoo1010246', 'W820-0022', 11 );
INSERT INTO BASKETCONTAINS VALUES ( 'Ijkpjrerqzhciegvg15', 'Nrasrz1010463', 'W863-0278', 48 );
INSERT INTO BASKETCONTAINS VALUES ( 'Opocdsvimkyvemfph11', 'Gj1010554', 'W843-9961', 27 );
INSERT INTO BASKETCONTAINS VALUES ( 'Yqlwreozwptjju6', 'Ax1010519', 'W820-0475', 18 );
INSERT INTO BASKETCONTAINS VALUES ( 'Ijkpjrerqzhciegvg15', 'Vw1010183', 'W863-0278', 41 );
INSERT INTO BASKETCONTAINS VALUES ( 'Yqlwreozwptjju6', 'Sfgh1010162', 'C100-2111', 35 );
INSERT INTO BASKETCONTAINS VALUES ( 'Pbbf14', 'Oipwoo1010246', 'W819-0026', 44 );
INSERT INTO BASKETCONTAINS VALUES ( 'Cluik5', 'Qhokd1010512', 'W879-0011', 43 );
INSERT INTO BASKETCONTAINS VALUES ( 'Qvreswtbr9', 'Jm1010316', 'C101-5601', 17 );
INSERT INTO BASKETCONTAINS VALUES ( 'Vurtqnvd8', 'Oaqp1010155', 'C177-1424', 16 );
INSERT INTO BASKETCONTAINS VALUES ( 'Qvreswtbr9', 'Rhhwv1010281', 'C100-4128', 13 );
INSERT INTO BASKETCONTAINS VALUES ( 'Ijkpjrerqzhciegvg15', 'Yj1010351', 'W818-0542', 13 );
INSERT INTO BASKETCONTAINS VALUES ( 'Imydxlvjjovap14', 'Sfgh1010162', 'W818-0542', 6 );
INSERT INTO BASKETCONTAINS VALUES ( 'Uhpxplpkuplfvxo5', 'Av1010330', 'C100-4119', 0 );
INSERT INTO BASKETCONTAINS VALUES ( 'Nftc6', 'Ywmz1010393', 'C270-2661', 10 );
INSERT INTO BASKETCONTAINS VALUES ( 'Ellhzjfgoskjfvj17', 'Ax1010519', 'W845-0900 ', 1 );
INSERT INTO BASKETCONTAINS VALUES ( 'Evbtyaygehonio10', 'Ywmz1010393', 'W113-7921', 28 );
INSERT INTO BASKETCONTAINS VALUES ( 'Nywozuwhnohngtsyf5', 'Jx1010414', 'W875-7238', 7 );
INSERT INTO BASKETCONTAINS VALUES ( 'Opocdsvimkyvemfph11', 'Rhhwv1010281', 'W864-5456', 42 );
INSERT INTO BASKETCONTAINS VALUES ( 'Yxdnxglz14', 'Imh1010176', 'W102-4584', 21 );
INSERT INTO BASKETCONTAINS VALUES ( 'Ijkpjrerqzhciegvg15', 'Gr1010253', 'W828-0019', 28 );
INSERT INTO BASKETCONTAINS VALUES ( 'Newosccsrjpiifg15', 'Gr1010253', 'W868-0699', 6 );
INSERT INTO BASKETCONTAINS VALUES ( 'Uasovymppeqcy17', 'Xay1010365', 'W828-0064', 24 );
INSERT INTO BASKETCONTAINS VALUES ( 'Imydxlvjjovap14', 'Grn1010540', 'W818-0542', 17 );
INSERT INTO BASKETCONTAINS VALUES ( 'Cluik5', 'Vyz1010211', 'W140-1862', 41 );
INSERT INTO BASKETCONTAINS VALUES ( 'Btdqginevtms9', 'Oaqp1010155', 'W868-0559', 33 );
INSERT INTO BASKETCONTAINS VALUES ( 'Qvreswtbr9', 'Udqsoq1010232', 'C100-2111', 11 );
INSERT INTO BASKETCONTAINS VALUES ( 'Uhpxplpkuplfvxo5', 'Dhks1010274', 'C270-2661', 45 );
INSERT INTO BASKETCONTAINS VALUES ( 'Stwu16', 'Imh1010176', 'C101-5610', 36 );
INSERT INTO BASKETCONTAINS VALUES ( 'Cluik5', 'Aat1010239', 'C101-5601', 33 );
INSERT INTO BASKETCONTAINS VALUES ( 'Ujhlhff5', 'Jm1010316', 'W850-0029', 40 );
INSERT INTO BASKETCONTAINS VALUES ( 'Zzm16', 'Oipwoo1010246', 'W818-2911', 18 );
INSERT INTO BASKETCONTAINS VALUES ( 'Uke10', 'Gr1010253', 'C171-5589', 37 );
INSERT INTO BASKETCONTAINS VALUES ( 'Yqlwreozwptjju6', 'Imh1010176', 'C166-0915', 21 );
INSERT INTO BASKETCONTAINS VALUES ( 'Ijkpjrerqzhciegvg15', 'Gr1010253', 'C177-1424', 30 );
INSERT INTO BASKETCONTAINS VALUES ( 'Btdqginevtms9', 'Jx1010414', 'W849-9635', 41 );
INSERT INTO BASKETCONTAINS VALUES ( 'Ijkpjrerqzhciegvg15', 'Oaqp1010155', 'C171-6065', 41 );
INSERT INTO BASKETCONTAINS VALUES ( 'Ijkpjrerqzhciegvg15', 'Oe1010337', 'C171-5589', 17 );
INSERT INTO BASKETCONTAINS VALUES ( 'Evbtyaygehonio10', 'Ywngv1010505', 'W144-3123', 42 );
INSERT INTO BASKETCONTAINS VALUES ( 'Mpsxholgglsfwin11', 'Ywngv1010505', 'W868-0559', 15 );
INSERT INTO BASKETCONTAINS VALUES ( 'Yqlwreozwptjju6', 'Le1010491', 'C100-4119', 18 );
INSERT INTO BASKETCONTAINS VALUES ( 'Vdondxatojwc16', 'Hgyck1010561', 'C101-5610', 38 );
INSERT INTO BASKETCONTAINS VALUES ( 'Oftjqiylb6', 'Cm1010428', 'W818-2911', 40 );
INSERT INTO BASKETCONTAINS VALUES ( 'Ijkpjrerqzhciegvg15', 'Ni1010323', 'C101-5610', 2 );
INSERT INTO BASKETCONTAINS VALUES ( 'Stwu16', 'Xcenwe1010498', 'C100-4119', 10 );
INSERT INTO BASKETCONTAINS VALUES ( 'Dmqpkxqcoirair8', 'Oipwoo1010246', 'W868-0699', 27 );
INSERT INTO BASKETCONTAINS VALUES ( 'Vdondxatojwc16', 'Aesho1010484', 'W819-0026', 23 );
INSERT INTO BASKETCONTAINS VALUES ( 'Zxnhwyjquqlqcyxod10', 'Hwmfr1010421', 'C101-5610', 41 );
INSERT INTO BASKETCONTAINS VALUES ( 'Newosccsrjpiifg15', 'Umaoq1010358', 'W819-0035', 41 );
INSERT INTO BASKETCONTAINS VALUES ( 'Nftc6', 'Mval1010204', 'C171-6065', 17 );
INSERT INTO BASKETCONTAINS VALUES ( 'Vgylgoue7', 'Tx1010197', 'W818-2911', 37 );
INSERT INTO BASKETCONTAINS VALUES ( 'Klkgb4', 'Xay1010365', 'W848-9197', 25 );
INSERT INTO BASKETCONTAINS VALUES ( 'Btdqginevtms9', 'Xcenwe1010498', 'W828-0064', 45 );
INSERT INTO BASKETCONTAINS VALUES ( 'Ellhzjfgoskjfvj17', 'Oipwoo1010246', 'C177-1424', 40 );
INSERT INTO BASKETCONTAINS VALUES ( 'Vurtqnvd8', 'Vrb1010309', 'C177-1406', 4 );
INSERT INTO BASKETCONTAINS VALUES ( 'Dmqpkxqcoirair8', 'Yj1010351', 'W818-2911', 12 );
INSERT INTO BASKETCONTAINS VALUES ( 'Newosccsrjpiifg15', 'Mstvuo1010225', 'W863-0250', 12 );
INSERT INTO BASKETCONTAINS VALUES ( 'Ijkpjrerqzhciegvg15', 'Yj1010351', 'W113-8133', 30 );
INSERT INTO BASKETCONTAINS VALUES ( 'Sxpkrw9', 'Fk1010288', 'W819-0035', 2 );
INSERT INTO BASKETCONTAINS VALUES ( 'Vgylgoue7', 'Imh1010176', 'C171-5516', 40 );
INSERT INTO BASKETCONTAINS VALUES ( 'Newosccsrjpiifg15', 'Rhhwv1010281', 'W105-3373', 21 );
INSERT INTO BASKETCONTAINS VALUES ( 'Stwu16', 'Vrb1010309', 'C171-6065', 13 );
INSERT INTO BASKETCONTAINS VALUES ( 'Newosccsrjpiifg15', 'Rhhwv1010281', 'C100-1811', 37 );
INSERT INTO BASKETCONTAINS VALUES ( 'Jvgcyo11', 'Jx1010414', 'C166-0915', 36 );
INSERT INTO BASKETCONTAINS VALUES ( 'Opocdsvimkyvemfph11', 'Duk1010547', 'C401-0148', 46 );
INSERT INTO BASKETCONTAINS VALUES ( 'Orozxevthd8', 'Imh1010176', 'W899-2442', 49 );
INSERT INTO BASKETCONTAINS VALUES ( 'Ijkpjrerqzhciegvg15', 'Umaoq1010358', 'W818-0542', 22 );
INSERT INTO BASKETCONTAINS VALUES ( 'Ellhzjfgoskjfvj17', 'Mptpa1010344', 'W875-7238', 2 );
INSERT INTO BASKETCONTAINS VALUES ( 'Ijkpjrerqzhciegvg15', 'Gr1010253', 'W819-0035', 9 );
INSERT INTO BASKETCONTAINS VALUES ( 'Jtxdllfgkmha14', 'Ax1010519', 'C100-1811', 10 );
INSERT INTO BASKETCONTAINS VALUES ( 'Yxdnxglz14', 'Ni1010323', 'W879-0011', 1 );
INSERT INTO BASKETCONTAINS VALUES ( 'Xielotucywjfbm6', 'Faconm1010526', 'W868-0945', 36 );
INSERT INTO BASKETCONTAINS VALUES ( 'Vurtqnvd8', 'Em1010218', 'C102-3071', 36 );
INSERT INTO BASKETCONTAINS VALUES ( 'Ijkpjrerqzhciegvg15', 'Vrb1010309', 'W868-0699', 8 );
INSERT INTO BASKETCONTAINS VALUES ( 'Klkgb4', 'Av1010330', 'C100-2111', 15 );
INSERT INTO BASKETCONTAINS VALUES ( 'Yogpumscrfhdzw9', 'Hwmfr1010421', 'W846-2808', 32 );
INSERT INTO BASKETCONTAINS VALUES ( 'Yqlwreozwptjju6', 'Ywmz1010393', 'W113-7921', 25 );
INSERT INTO BASKETCONTAINS VALUES ( 'Xielotucywjfbm6', 'Oe1010337', 'W843-9961', 49 );
INSERT INTO BASKETCONTAINS VALUES ( 'Yqlwreozwptjju6', 'Xcenwe1010498', 'W819-0035', 35 );
INSERT INTO BASKETCONTAINS VALUES ( 'Ijkpjrerqzhciegvg15', 'Duk1010547', 'W879-3841', 7 );
INSERT INTO BASKETCONTAINS VALUES ( 'Oqzrhkmq14', 'Wgwbf1010442', 'C100-2111', 38 );
INSERT INTO BASKETCONTAINS VALUES ( 'Oftjqiylb6', 'Tx1010197', 'W843-8704 ', 14 );
INSERT INTO BASKETCONTAINS VALUES ( 'Dmqpkxqcoirair8', 'Jwjn1010400', 'W868-0699', 12 );
INSERT INTO BASKETCONTAINS VALUES ( 'Zxnhwyjquqlqcyxod10', 'Jm1010316', 'W828-0019', 4 );
INSERT INTO BASKETCONTAINS VALUES ( 'Ijkpjrerqzhciegvg15', 'Xcenwe1010498', 'W113-7949', 15 );
INSERT INTO BASKETCONTAINS VALUES ( 'Nywozuwhnohngtsyf5', 'Gj1010554', 'W820-0022', 34 );
INSERT INTO BASKETCONTAINS VALUES ( 'Oftjqiylb6', 'Mval1010204', ' C132-1061', 23 );
INSERT INTO BASKETCONTAINS VALUES ( 'Btdqginevtms9', 'Gr1010253', 'W863-0278', 46 );
INSERT INTO BASKETCONTAINS VALUES ( 'Btdqginevtms9', 'Xay1010365', 'C132-1070', 3 );
INSERT INTO BASKETCONTAINS VALUES ( 'Zxnhwyjquqlqcyxod10', 'Mstvuo1010225', 'C142-0034', 20 );
INSERT INTO BASKETCONTAINS VALUES ( 'Ellhzjfgoskjfvj17', 'Mptpa1010344', 'W144-3123', 18 );
INSERT INTO BASKETCONTAINS VALUES ( 'Sxpkrw9', 'Fk1010288', 'W828-0019', 14 );
INSERT INTO BASKETCONTAINS VALUES ( 'Uke10', 'Zqe1010470', 'C131-0092', 34 );
INSERT INTO BASKETCONTAINS VALUES ( 'Cluik5', 'Av1010330', 'C171-6065', 49 );
INSERT INTO BASKETCONTAINS VALUES ( 'Uke10', 'Hgyck1010561', 'W845-0900 ', 30 );
INSERT INTO BASKETCONTAINS VALUES ( 'Newosccsrjpiifg15', 'Duh1010568', 'C177-1424', 21 );
INSERT INTO BASKETCONTAINS VALUES ( 'Ijkpjrerqzhciegvg15', 'Mval1010204', 'W847-4821', 24 );
INSERT INTO BASKETCONTAINS VALUES ( 'Wzzbtuxcc6', 'Aat1010239', 'W868-0559', 47 );
INSERT INTO BASKETCONTAINS VALUES ( 'Yqlwreozwptjju6', 'Av1010330', 'W879-0011', 19 );
INSERT INTO BASKETCONTAINS VALUES ( 'Klkgb4', 'Zv1010533', 'C100-2102', 12 );
INSERT INTO BASKETCONTAINS VALUES ( 'Newosccsrjpiifg15', 'Ni1010323', 'W848-9197', 15 );
INSERT INTO BASKETCONTAINS VALUES ( 'Newosccsrjpiifg15', 'Hwmfr1010421', 'W879-0011', 28 );
INSERT INTO BASKETCONTAINS VALUES ( 'Evbtyaygehonio10', 'Xpatj1010435', 'C132-1070', 27 );
INSERT INTO BASKETCONTAINS VALUES ( 'Wzzbtuxcc6', 'Oe1010337', 'W846-5753', 0 );
INSERT INTO BASKETCONTAINS VALUES ( 'Gvevifp17', 'Huzoqy1010260', 'W864-5313', 25 );
INSERT INTO BASKETCONTAINS VALUES ( 'Ijkpjrerqzhciegvg15', 'Hwmfr1010421', 'W863-0250', 2 );
INSERT INTO BASKETCONTAINS VALUES ( 'Vurtqnvd8', 'Vw1010183', 'W140-1862', 45 );
INSERT INTO BASKETCONTAINS VALUES ( 'Klkgb4', 'Ni1010323', 'W864-9993', 28 );
INSERT INTO BASKETCONTAINS VALUES ( 'Cluik5', 'Imh1010176', 'C100-4119', 4 );
INSERT INTO BASKETCONTAINS VALUES ( 'Ujhlhff5', 'Joqu1010267', 'W140-1862', 26 );
INSERT INTO BASKETCONTAINS VALUES ( 'Klkgb4', 'Lw1010372', 'W846-2808', 2 );
INSERT INTO BASKETCONTAINS VALUES ( 'Vdondxatojwc16', 'Pwecph1010295', 'W868-0680', 45 );
INSERT INTO BASKETCONTAINS VALUES ( 'Klkgb4', 'Sjmvbs1010456', 'W843-9961', 7 );
INSERT INTO BASKETCONTAINS VALUES ( 'Nftc6', 'Jx1010414', 'W899-2442', 43 );
INSERT INTO BASKETCONTAINS VALUES ( 'Dmqpkxqcoirair8', 'Hwmfr1010421', 'W828-0019', 4 );
INSERT INTO BASKETCONTAINS VALUES ( 'Sxpkrw9', 'Duk1010547', 'W850-0029', 38 );
INSERT INTO BASKETCONTAINS VALUES ( 'Qvreswtbr9', 'Oe1010337', 'C171-5589', 42 );
INSERT INTO BASKETCONTAINS VALUES ( 'Btdqginevtms9', 'Xay1010365', 'W864-5456', 14 );
INSERT INTO BASKETCONTAINS VALUES ( 'Yqlwreozwptjju6', 'Pwecph1010295', 'C102-3071', 2 );
INSERT INTO BASKETCONTAINS VALUES ( 'Yxdnxglz14', 'Umaoq1010358', 'C142-0034', 44 );
INSERT INTO BASKETCONTAINS VALUES ( 'Stwu16', 'Imh1010176', 'C132-1070', 48 );
INSERT INTO BASKETCONTAINS VALUES ( 'Oqzrhkmq14', 'Av1010330', 'W864-8541 ', 18 );
INSERT INTO BASKETCONTAINS VALUES ( 'Ijkpjrerqzhciegvg15', 'Jx1010414', 'C100-2102', 33 );
INSERT INTO BASKETCONTAINS VALUES ( 'Newosccsrjpiifg15', 'Aat1010239', 'W819-0026', 30 );
INSERT INTO BASKETCONTAINS VALUES ( 'Jtxdllfgkmha14', 'Wcxap1010302', 'W875-7238', 30 );
INSERT INTO BASKETCONTAINS VALUES ( 'Nftc6', 'Ywngv1010505', 'W828-0019', 7 );
INSERT INTO BASKETCONTAINS VALUES ( 'Ijkpjrerqzhciegvg15', 'Huzoqy1010260', 'W843-9961', 2 );
INSERT INTO BASKETCONTAINS VALUES ( 'Ijkpjrerqzhciegvg15', 'Zhwxt1010386', 'W819-0035', 49 );
INSERT INTO BASKETCONTAINS VALUES ( 'Wzzbtuxcc6', 'Te1010449', 'W864-8897', 25 );
INSERT INTO BASKETCONTAINS VALUES ( 'Zxnhwyjquqlqcyxod10', 'Ywmz1010393', 'W113-8133', 41 );
INSERT INTO BASKETCONTAINS VALUES ( 'Qvreswtbr9', 'Jx1010414', 'W879-0011', 28 );
INSERT INTO BASKETCONTAINS VALUES ( 'Klkgb4', 'Tx1010197', 'W144-3123', 14 );
INSERT INTO BASKETCONTAINS VALUES ( 'Sxpkrw9', 'Yj1010351', 'W879-3841', 15 );
INSERT INTO BASKETCONTAINS VALUES ( 'Sxpkrw9', 'Hgyck1010561', 'W843-9961', 13 );
INSERT INTO BASKETCONTAINS VALUES ( 'Vdondxatojwc16', 'Yj1010351', 'W863-0250', 22 );
INSERT INTO BASKETCONTAINS VALUES ( 'Sxpkrw9', 'Jwjn1010400', 'W843-8704 ', 38 );
INSERT INTO BASKETCONTAINS VALUES ( 'Xielotucywjfbm6', 'Qz1010477', 'W833-0439', 21 );
INSERT INTO BASKETCONTAINS VALUES ( 'Wzzbtuxcc6', 'Duh1010568', 'W843-9961', 18 );
INSERT INTO BASKETCONTAINS VALUES ( 'Jvgcyo11', 'Rmc1010407', 'W868-0680', 15 );
INSERT INTO BASKETCONTAINS VALUES ( 'Cluik5', 'Duh1010568', 'W828-0019', 22 );
INSERT INTO BASKETCONTAINS VALUES ( 'Yqlwreozwptjju6', 'Hgyck1010561', 'W819-0026', 35 );
INSERT INTO BASKETCONTAINS VALUES ( 'Btdqginevtms9', 'Imh1010176', 'W863-0250', 5 );
INSERT INTO BASKETCONTAINS VALUES ( 'Klkgb4', 'Aesho1010484', 'W113-7921', 26 );
INSERT INTO BASKETCONTAINS VALUES ( 'Vurtqnvd8', 'Hlp1010190', 'W863-0250', 33 );
INSERT INTO BASKETCONTAINS VALUES ( 'Xielotucywjfbm6', 'Umaoq1010358', 'W868-0945', 0 );
INSERT INTO BASKETCONTAINS VALUES ( 'Yqlwreozwptjju6', 'Mstvuo1010225', 'W845-0900 ', 16 );
INSERT INTO BASKETCONTAINS VALUES ( 'Ijkpjrerqzhciegvg15', 'Gj1010554', 'W888-1818', 1 );
INSERT INTO BASKETCONTAINS VALUES ( 'Oftjqiylb6', 'Fk1010288', 'W868-0699', 21 );
INSERT INTO BASKETCONTAINS VALUES ( 'Cluik5', 'Vw1010183', 'W144-3123', 30 );
INSERT INTO BASKETCONTAINS VALUES ( 'Btdqginevtms9', 'Wcxap1010302', 'C177-1424', 45 );
INSERT INTO BASKETCONTAINS VALUES ( 'Yxdnxglz14', 'Imh1010176', 'W864-5304', 9 );
INSERT INTO BASKETCONTAINS VALUES ( 'Vgylgoue7', 'Jx1010414', 'W820-0475', 6 );
INSERT INTO BASKETCONTAINS VALUES ( 'Nywozuwhnohngtsyf5', 'Pwecph1010295', 'W863-0250', 21 );
INSERT INTO BASKETCONTAINS VALUES ( 'Klkgb4', 'Dhks1010274', ' C132-1061', 0 );
INSERT INTO BASKETCONTAINS VALUES ( 'Dmqpkxqcoirair8', 'Lw1010372', 'W864-8541 ', 31 );
INSERT INTO BASKETCONTAINS VALUES ( 'Mpsxholgglsfwin11', 'Hlp1010190', 'W818-2911', 30 );
INSERT INTO BASKETCONTAINS VALUES ( 'Nywozuwhnohngtsyf5', 'Zv1010533', 'W113-8133', 14 );
INSERT INTO BASKETCONTAINS VALUES ( 'Vgylgoue7', 'Aesho1010484', 'C132-2848', 14 );
INSERT INTO BASKETCONTAINS VALUES ( 'Yxdnxglz14', 'Zqe1010470', 'W864-9993', 8 );
INSERT INTO BASKETCONTAINS VALUES ( 'Orozxevthd8', 'Yj1010351', 'C142-0016', 0 );
INSERT INTO BASKETCONTAINS VALUES ( 'Uasovymppeqcy17', 'Jm1010316', 'C177-0805', 3 );
INSERT INTO BASKETCONTAINS VALUES ( 'Xielotucywjfbm6', 'Umaoq1010358', 'W105-3373', 10 );
INSERT INTO BASKETCONTAINS VALUES ( 'Newosccsrjpiifg15', 'Duh1010568', 'W113-7921', 17 );
INSERT INTO BASKETCONTAINS VALUES ( 'Btdqginevtms9', 'Mptpa1010344', 'C401-0111', 40 );
INSERT INTO BASKETCONTAINS VALUES ( 'Wzzbtuxcc6', 'Duk1010547', 'C270-2661', 43 );
INSERT INTO BASKETCONTAINS VALUES ( 'Cluik5', 'Udqsoq1010232', 'W843-9961', 47 );


INSERT INTO ORDERCONTAINS VALUES ( 'C132-2848', 'IO-Ty1011155', 0, 7 );
INSERT INTO ORDERCONTAINS VALUES ( 'W113-8133', 'IO-Ki1011172', 0, 4 );
INSERT INTO ORDERCONTAINS VALUES ( 'W864-9993', 'IO-T1011189', 0, 4 );
INSERT INTO ORDERCONTAINS VALUES ( 'C101-5601', 'IO-L1011206', 0, 16 );
INSERT INTO ORDERCONTAINS VALUES ( 'C142-0034', 'IO-W1011223', 0, 47 );
INSERT INTO ORDERCONTAINS VALUES ( 'C132-1070', 'IO-Jtj1011240', 0, 28 );
INSERT INTO ORDERCONTAINS VALUES ( 'W845-0900 ', 'IO-Mch1011257', 0, 32 );
INSERT INTO ORDERCONTAINS VALUES ( 'W879-4017', 'IO-Crdt1011274', 0, 8 );
INSERT INTO ORDERCONTAINS VALUES ( 'C177-0805', 'IO-Czxg1011291', 0, 47 );
INSERT INTO ORDERCONTAINS VALUES ( 'C166-0915', 'IO-Emef1011308', 0, 29 );
INSERT INTO ORDERCONTAINS VALUES ( 'C100-4119', 'IO-U1011325', 0, 13 );
INSERT INTO ORDERCONTAINS VALUES ( 'W864-5456', 'IO-E1011342', 0, 24 );
INSERT INTO ORDERCONTAINS VALUES ( 'W875-7238', 'IO-N1011359', 0, 40 );
INSERT INTO ORDERCONTAINS VALUES ( 'W864-4697', 'IO-Pjl1011376', 0, 1 );
INSERT INTO ORDERCONTAINS VALUES ( 'W888-1818', 'IO-Fa1011393', 0, 41 );
INSERT INTO ORDERCONTAINS VALUES ( 'W868-0680', 'IO-J1011410', 0, 37 );
INSERT INTO ORDERCONTAINS VALUES ( 'C401-0148', 'IO-Ej1011427', 0, 12 );
INSERT INTO ORDERCONTAINS VALUES ( 'W820-0475', 'IO-Wg1011444', 0, 7 );
INSERT INTO ORDERCONTAINS VALUES ( 'C177-0805', 'IO-Jqqe1011461', 0, 39 );
INSERT INTO ORDERCONTAINS VALUES ( 'W868-0699', 'IO-I1011478', 0, 8 );
INSERT INTO ORDERCONTAINS VALUES ( 'W864-5313', 'IO-Pdtx1011495', 0, 17 );
INSERT INTO ORDERCONTAINS VALUES ( 'C177-1406', 'IO-L1011512', 0, 6 );
INSERT INTO ORDERCONTAINS VALUES ( 'C166-0915', 'IO-Iwzp1011529', 0, 11 );
INSERT INTO ORDERCONTAINS VALUES ( 'C171-6065', 'IO-N1011546', 0, 21 );
INSERT INTO ORDERCONTAINS VALUES ( 'W820-0475', 'IO-Rrsz1011563', 0, 44 );
INSERT INTO ORDERCONTAINS VALUES ( 'W848-9197', 'IO-Ov1011580', 0, 15 );
INSERT INTO ORDERCONTAINS VALUES ( 'W899-2442', 'IO-W1011597', 0, 20 );
INSERT INTO ORDERCONTAINS VALUES ( 'W140-1862', 'IO-Sx1011614', 0, 42 );
INSERT INTO ORDERCONTAINS VALUES ( 'W868-0680', 'IO-H1011631', 0, 22 );
INSERT INTO ORDERCONTAINS VALUES ( 'C100-4119', 'IO-Iwx1011648', 0, 40 );
INSERT INTO ORDERCONTAINS VALUES ( ' C132-1061', 'IO-E1011665', 0, 9 );
INSERT INTO ORDERCONTAINS VALUES ( 'W819-0035', 'IO-Vmwz1011682', 0, 4 );
INSERT INTO ORDERCONTAINS VALUES ( 'C270-2661', 'IO-M1011699', 0, 26 );
INSERT INTO ORDERCONTAINS VALUES ( 'W849-9635', 'IO-B1011716', 0, 33 );
INSERT INTO ORDERCONTAINS VALUES ( 'C401-0111', 'IO-Usf1011733', 0, 20 );
INSERT INTO ORDERCONTAINS VALUES ( 'W847-4821', 'IO-Hs1011750', 0, 39 );
INSERT INTO ORDERCONTAINS VALUES ( 'W849-9635', 'IO-Blu1011767', 0, 34 );
INSERT INTO ORDERCONTAINS VALUES ( 'C171-6065', 'IO-Qa1011784', 0, 17 );
INSERT INTO ORDERCONTAINS VALUES ( 'C100-2102', 'IO-B1011801', 0, 49 );
INSERT INTO ORDERCONTAINS VALUES ( ' C132-1061', 'IO-W1011818', 0, 31 );
INSERT INTO ORDERCONTAINS VALUES ( 'C132-1070', 'IO-Ud1011835', 0, 31 );
INSERT INTO ORDERCONTAINS VALUES ( 'W864-9595', 'IO-Kipu1011852', 0, 6 );
INSERT INTO ORDERCONTAINS VALUES ( 'W113-8133', 'IO-Oufx1011869', 0, 29 );
INSERT INTO ORDERCONTAINS VALUES ( 'C132-2848', 'IO-Rmga1011886', 0, 33 );
INSERT INTO ORDERCONTAINS VALUES ( 'W868-0559', 'IO-Uw1011903', 0, 36 );
INSERT INTO ORDERCONTAINS VALUES ( 'W899-2442', 'IO-Xxi1011920', 0, 35 );
INSERT INTO ORDERCONTAINS VALUES ( 'W863-0250', 'IO-Nuhf1011937', 0, 0 );
INSERT INTO ORDERCONTAINS VALUES ( 'W845-0900 ', 'IO-Bbyf1011954', 0, 33 );
INSERT INTO ORDERCONTAINS VALUES ( 'C100-2102', 'IO-Ux1011971', 0, 33 );
INSERT INTO ORDERCONTAINS VALUES ( 'W105-3373', 'IO-L1011988', 0, 41 );
INSERT INTO ORDERCONTAINS VALUES ( 'C171-6065', 'IO-Mvm1012005', 0, 5 );
INSERT INTO ORDERCONTAINS VALUES ( 'W879-3841', 'IO-P1012022', 0, 23 );
INSERT INTO ORDERCONTAINS VALUES ( 'W849-9635', 'IO-I1012039', 0, 13 );
INSERT INTO ORDERCONTAINS VALUES ( 'W113-7949', 'IO-Iz1012056', 0, 15 );
INSERT INTO ORDERCONTAINS VALUES ( 'W864-4697', 'IO-Hnw1012073', 0, 49 );
INSERT INTO ORDERCONTAINS VALUES ( 'W144-3123', 'IO-Ydde1012090', 0, 39 );
INSERT INTO ORDERCONTAINS VALUES ( 'W864-9595', 'IO-H1012107', 0, 49 );
INSERT INTO ORDERCONTAINS VALUES ( 'W843-8704 ', 'IO-Lhfz1012124', 0, 6 );
INSERT INTO ORDERCONTAINS VALUES ( 'W879-0303', 'IO-Iqtp1012141', 0, 41 );
INSERT INTO ORDERCONTAINS VALUES ( 'W846-5753', 'IO-H1012158', 0, 19 );
INSERT INTO ORDERCONTAINS VALUES ( 'W846-2808', 'IO-Z1012175', 0, 4 );
INSERT INTO ORDERCONTAINS VALUES ( 'W113-7949', 'IO-J1012192', 0, 6 );
INSERT INTO ORDERCONTAINS VALUES ( 'C100-2111', 'IO-Sj1012209', 0, 45 );
INSERT INTO ORDERCONTAINS VALUES ( 'W863-0278', 'IO-Xzp1012226', 0, 2 );
INSERT INTO ORDERCONTAINS VALUES ( 'C142-0016', 'IO-J1012243', 0, 10 );
INSERT INTO ORDERCONTAINS VALUES ( 'C100-2111', 'IO-G1012260', 0, 39 );
INSERT INTO ORDERCONTAINS VALUES ( 'W843-9961', 'IO-Cow1012277', 0, 7 );
INSERT INTO ORDERCONTAINS VALUES ( 'C401-0111', 'IO-Qkc1012294', 0, 18 );
INSERT INTO ORDERCONTAINS VALUES ( 'W879-0303', 'IO-Bsx1012311', 0, 28 );
INSERT INTO ORDERCONTAINS VALUES ( 'W864-9993', 'IO-K1012328', 0, 36 );
INSERT INTO ORDERCONTAINS VALUES ( 'W863-0278', 'IO-H1012345', 0, 33 );
INSERT INTO ORDERCONTAINS VALUES ( 'W105-3373', 'IO-X1012362', 0, 48 );
INSERT INTO ORDERCONTAINS VALUES ( 'C102-3071', 'IO-Unf1012379', 0, 45 );
INSERT INTO ORDERCONTAINS VALUES ( 'W888-1818', 'IO-Tn1012396', 0, 41 );
INSERT INTO ORDERCONTAINS VALUES ( 'W828-0064', 'IO-Du1012413', 0, 33 );
INSERT INTO ORDERCONTAINS VALUES ( 'C131-0092', 'IO-S1012430', 0, 30 );
INSERT INTO ORDERCONTAINS VALUES ( 'W864-5456', 'IO-Bk1012447', 0, 20 );
INSERT INTO ORDERCONTAINS VALUES ( 'C171-5589', 'IO-Gp1012464', 0, 6 );
INSERT INTO ORDERCONTAINS VALUES ( 'W144-4371', 'IO-Rp1012481', 0, 29 );
INSERT INTO ORDERCONTAINS VALUES ( 'W864-5304', 'IO-Gtf1012498', 0, 20 );
INSERT INTO ORDERCONTAINS VALUES ( 'W828-0064', 'IO-W1012515', 0, 8 );
INSERT INTO ORDERCONTAINS VALUES ( 'W868-0699', 'IO-Ig1012532', 0, 32 );
INSERT INTO ORDERCONTAINS VALUES ( 'W848-9197', 'IO-Bxey1012549', 0, 14 );
INSERT INTO ORDERCONTAINS VALUES ( 'W868-0945', 'IO-Tcg1012566', 0, 2 );
INSERT INTO ORDERCONTAINS VALUES ( 'C270-2661', 'IO-Eso1012583', 0, 31 );
INSERT INTO ORDERCONTAINS VALUES ( 'C100-1811', 'IO-Bxjx1012600', 0, 16 );
INSERT INTO ORDERCONTAINS VALUES ( 'W833-0439', 'IO-Inxe1012617', 0, 18 );
INSERT INTO ORDERCONTAINS VALUES ( 'W864-5304', 'IO-Zrdk1012634', 0, 42 );
INSERT INTO ORDERCONTAINS VALUES ( 'C100-1811', 'IO-Iyt1012651', 0, 40 );
INSERT INTO ORDERCONTAINS VALUES ( 'W863-0278', 'IO-I1012668', 0, 33 );
INSERT INTO ORDERCONTAINS VALUES ( 'W849-9635', 'IO-Dme1012685', 0, 37 );
INSERT INTO ORDERCONTAINS VALUES ( 'C131-0092', 'IO-V1012702', 0, 20 );
INSERT INTO ORDERCONTAINS VALUES ( 'W864-5313', 'IO-T1012719', 0, 20 );
INSERT INTO ORDERCONTAINS VALUES ( 'W105-3373', 'IO-J1012736', 0, 34 );
INSERT INTO ORDERCONTAINS VALUES ( 'W843-9961', 'IO-Wlqr1012753', 0, 13 );
INSERT INTO ORDERCONTAINS VALUES ( 'W875-7238', 'IO-X1012770', 0, 45 );
INSERT INTO ORDERCONTAINS VALUES ( 'C142-0016', 'IO-Ixel1012787', 0, 34 );
INSERT INTO ORDERCONTAINS VALUES ( 'W820-0022', 'IO-Gwjh1012804', 0, 25 );
INSERT INTO ORDERCONTAINS VALUES ( 'W849-9635', 'IO-M1012821', 0, 39 );
INSERT INTO ORDERCONTAINS VALUES ( 'C100-2102', 'IO-L1012838', 0, 16 );
INSERT INTO ORDERCONTAINS VALUES ( 'W879-0011', 'IO-H1012855', 0, 23 );
INSERT INTO ORDERCONTAINS VALUES ( 'W102-4584', 'IO-Wy1012872', 0, 6 );
INSERT INTO ORDERCONTAINS VALUES ( 'W863-0250', 'IO-Ggj1012889', 0, 25 );
INSERT INTO ORDERCONTAINS VALUES ( 'W879-4017', 'IO-Ziyt1012906', 0, 3 );
INSERT INTO ORDERCONTAINS VALUES ( 'C401-0111', 'IO-Yqem1012923', 0, 12 );
INSERT INTO ORDERCONTAINS VALUES ( 'C132-2848', 'IO-Cjts1012940', 0, 37 );
INSERT INTO ORDERCONTAINS VALUES ( 'W828-0064', 'IO-Np1012957', 0, 44 );
INSERT INTO ORDERCONTAINS VALUES ( 'C171-5516', 'IO-Fp1012974', 0, 20 );
INSERT INTO ORDERCONTAINS VALUES ( 'W105-3373', 'IO-C1012991', 0, 45 );
INSERT INTO ORDERCONTAINS VALUES ( 'W828-0064', 'IO-F1013008', 0, 10 );
INSERT INTO ORDERCONTAINS VALUES ( 'W833-0439', 'IO-Yufb1013025', 0, 31 );
INSERT INTO ORDERCONTAINS VALUES ( 'W879-0303', 'IO-Mpfu1013042', 0, 19 );
INSERT INTO ORDERCONTAINS VALUES ( 'W828-0064', 'IO-S1013059', 0, 5 );
INSERT INTO ORDERCONTAINS VALUES ( 'W850-4788', 'IO-T1013076', 0, 40 );
INSERT INTO ORDERCONTAINS VALUES ( 'W113-7921', 'IO-K1013093', 0, 0 );
INSERT INTO ORDERCONTAINS VALUES ( 'W828-0019', 'IO-Yko1013110', 0, 49 );
INSERT INTO ORDERCONTAINS VALUES ( 'C101-5601', 'IO-Ssax1013127', 0, 36 );
INSERT INTO ORDERCONTAINS VALUES ( 'W864-4697', 'IO-Q1013144', 0, 36 );
INSERT INTO ORDERCONTAINS VALUES ( 'C101-5610', 'IO-Uxg1013161', 0, 16 );
INSERT INTO ORDERCONTAINS VALUES ( 'W868-0945', 'IO-U1013178', 0, 29 );
INSERT INTO ORDERCONTAINS VALUES ( 'W819-0035', 'IO-Tt1013195', 0, 46 );
INSERT INTO ORDERCONTAINS VALUES ( 'W868-0699', 'IO-K1013212', 0, 37 );
INSERT INTO ORDERCONTAINS VALUES ( 'W847-4821', 'IO-Gi1013229', 0, 2 );
INSERT INTO ORDERCONTAINS VALUES ( 'C142-0034', 'IO-Fhz1013246', 0, 28 );
INSERT INTO ORDERCONTAINS VALUES ( 'W828-0019', 'IO-O1013263', 0, 47 );
INSERT INTO ORDERCONTAINS VALUES ( 'W879-0011', 'IO-L1013280', 0, 15 );
INSERT INTO ORDERCONTAINS VALUES ( 'W879-0303', 'IO-X1013297', 0, 8 );
INSERT INTO ORDERCONTAINS VALUES ( 'W850-4788', 'IO-R1013314', 0, 28 );
INSERT INTO ORDERCONTAINS VALUES ( 'C142-0034', 'IO-Xoet1013331', 0, 8 );
INSERT INTO ORDERCONTAINS VALUES ( 'C142-0016', 'IO-U1013348', 0, 14 );
INSERT INTO ORDERCONTAINS VALUES ( 'W864-8541 ', 'IO-Bgua1013365', 0, 25 );
INSERT INTO ORDERCONTAINS VALUES ( 'C101-5601', 'IO-Dv1013382', 0, 41 );
INSERT INTO ORDERCONTAINS VALUES ( 'W144-4371', 'IO-Lejc1013399', 0, 8 );
INSERT INTO ORDERCONTAINS VALUES ( 'W828-0064', 'IO-Bepd1013416', 0, 7 );
INSERT INTO ORDERCONTAINS VALUES ( 'C100-1811', 'IO-V1013433', 0, 12 );
INSERT INTO ORDERCONTAINS VALUES ( 'W843-9961', 'IO-Jxdb1013450', 0, 2 );
INSERT INTO ORDERCONTAINS VALUES ( ' C132-1061', 'IO-W1013467', 0, 37 );
INSERT INTO ORDERCONTAINS VALUES ( 'W828-0064', 'IO-Sdc1013484', 0, 38 );
INSERT INTO ORDERCONTAINS VALUES ( 'C177-1406', 'IO-Rae1013501', 0, 16 );
INSERT INTO ORDERCONTAINS VALUES ( 'W849-9635', 'IO-B1013518', 0, 8 );
INSERT INTO ORDERCONTAINS VALUES ( 'W864-5456', 'IO-X1013535', 0, 31 );
INSERT INTO ORDERCONTAINS VALUES ( 'C177-1424', 'IO-B1013552', 0, 13 );
INSERT INTO ORDERCONTAINS VALUES ( 'W818-0542', 'IO-Xwk1013569', 0, 41 );
INSERT INTO ORDERCONTAINS VALUES ( 'C270-2661', 'IO-Hxe1013586', 0, 14 );
INSERT INTO ORDERCONTAINS VALUES ( ' C132-1061', 'IO-Hs1013603', 0, 8 );
INSERT INTO ORDERCONTAINS VALUES ( 'W879-0011', 'IO-L1013620', 0, 45 );
INSERT INTO ORDERCONTAINS VALUES ( 'W868-0559', 'IO-B1013637', 0, 46 );
INSERT INTO ORDERCONTAINS VALUES ( 'W864-9993', 'IO-Djze1013654', 0, 31 );
INSERT INTO ORDERCONTAINS VALUES ( 'C100-1811', 'IO-Iaw1013671', 0, 49 );
INSERT INTO ORDERCONTAINS VALUES ( 'C401-0111', 'IO-J1013688', 0, 34 );
INSERT INTO ORDERCONTAINS VALUES ( 'W879-4017', 'IO-Ti1013705', 0, 41 );
INSERT INTO ORDERCONTAINS VALUES ( 'C100-4119', 'IO-Nfbx1013722', 0, 16 );
INSERT INTO ORDERCONTAINS VALUES ( 'W820-0475', 'IO-P1013739', 0, 0 );
INSERT INTO ORDERCONTAINS VALUES ( 'W847-4821', 'IO-Yh1013756', 0, 9 );
INSERT INTO ORDERCONTAINS VALUES ( 'W868-0699', 'IO-X1013773', 0, 32 );
INSERT INTO ORDERCONTAINS VALUES ( 'W864-8897', 'IO-Pj1013790', 0, 21 );
INSERT INTO ORDERCONTAINS VALUES ( 'W879-4017', 'IO-Zt1013807', 0, 29 );
INSERT INTO ORDERCONTAINS VALUES ( 'W888-1818', 'IO-Z1013824', 0, 18 );
INSERT INTO ORDERCONTAINS VALUES ( 'C102-3071', 'IO-Ivy1013841', 0, 21 );
INSERT INTO ORDERCONTAINS VALUES ( 'C171-5516', 'IO-J1013858', 0, 14 );
INSERT INTO ORDERCONTAINS VALUES ( 'W113-7949', 'IO-E1013875', 0, 41 );
INSERT INTO ORDERCONTAINS VALUES ( 'W846-5753', 'IO-T1013892', 0, 21 );
INSERT INTO ORDERCONTAINS VALUES ( 'W863-0250', 'IO-Awrc1013909', 0, 24 );
INSERT INTO ORDERCONTAINS VALUES ( 'W899-2442', 'IO-Gtf1013926', 0, 21 );
INSERT INTO ORDERCONTAINS VALUES ( 'W879-4017', 'IO-Zo1013943', 0, 26 );
INSERT INTO ORDERCONTAINS VALUES ( 'W846-5753', 'IO-Sqe1013960', 0, 43 );
INSERT INTO ORDERCONTAINS VALUES ( ' C132-1061', 'IO-Lgph1013977', 0, 2 );
INSERT INTO ORDERCONTAINS VALUES ( 'W888-1818', 'IO-Hfc1013994', 0, 3 );
INSERT INTO ORDERCONTAINS VALUES ( 'W879-4017', 'IO-Xn1014011', 0, 42 );
INSERT INTO ORDERCONTAINS VALUES ( 'C101-5610', 'IO-A1014028', 0, 31 );
INSERT INTO ORDERCONTAINS VALUES ( 'C270-2661', 'IO-B1014045', 0, 37 );
INSERT INTO ORDERCONTAINS VALUES ( 'W864-4697', 'IO-Ss1014062', 0, 16 );
INSERT INTO ORDERCONTAINS VALUES ( 'W140-1862', 'IO-Tw1014079', 0, 47 );
INSERT INTO ORDERCONTAINS VALUES ( 'W144-3123', 'IO-B1014096', 0, 26 );
INSERT INTO ORDERCONTAINS VALUES ( 'W833-0439', 'IO-Jl1014113', 0, 11 );
INSERT INTO ORDERCONTAINS VALUES ( 'W868-0559', 'IO-Yhw1014130', 0, 14 );
INSERT INTO ORDERCONTAINS VALUES ( 'W849-9635', 'IO-C1014147', 0, 36 );
INSERT INTO ORDERCONTAINS VALUES ( 'W888-1818', 'IO-T1014164', 0, 8 );
INSERT INTO ORDERCONTAINS VALUES ( 'C131-0092', 'IO-P1014181', 0, 21 );
INSERT INTO ORDERCONTAINS VALUES ( 'W864-5304', 'IO-Bx1014198', 0, 33 );
INSERT INTO ORDERCONTAINS VALUES ( 'W864-8541 ', 'IO-Hx1014215', 0, 47 );
INSERT INTO ORDERCONTAINS VALUES ( 'W864-5304', 'IO-Q1014232', 0, 0 );
INSERT INTO ORDERCONTAINS VALUES ( 'W864-8897', 'IO-G1014249', 0, 7 );
INSERT INTO ORDERCONTAINS VALUES ( 'C100-4119', 'IO-A1014266', 0, 22 );
INSERT INTO ORDERCONTAINS VALUES ( 'C177-0805', 'IO-Lk1014283', 0, 12 );
INSERT INTO ORDERCONTAINS VALUES ( 'C142-0034', 'IO-Nrng1014300', 0, 3 );
INSERT INTO ORDERCONTAINS VALUES ( 'C177-0805', 'IO-Flf1014317', 0, 8 );
INSERT INTO ORDERCONTAINS VALUES ( 'W864-5313', 'IO-Gav1014334', 0, 2 );
INSERT INTO ORDERCONTAINS VALUES ( 'W868-0680', 'IO-J1014351', 0, 12 );
INSERT INTO ORDERCONTAINS VALUES ( 'W879-3841', 'IO-J1014368', 0, 16 );
INSERT INTO ORDERCONTAINS VALUES ( 'W140-1862', 'IO-Ui1014385', 0, 15 );
INSERT INTO ORDERCONTAINS VALUES ( 'C101-5601', 'IO-Ad1014402', 0, 48 );
INSERT INTO ORDERCONTAINS VALUES ( 'W828-0064', 'IO-Pthb1014419', 0, 28 );
INSERT INTO ORDERCONTAINS VALUES ( 'W888-1818', 'IO-Nhb1014436', 0, 36 );
INSERT INTO ORDERCONTAINS VALUES ( 'C131-0092', 'IO-Ihrr1014453', 0, 43 );
INSERT INTO ORDERCONTAINS VALUES ( 'W102-4584', 'IO-Bjv1014470', 0, 33 );
INSERT INTO ORDERCONTAINS VALUES ( 'W820-0475', 'IO-Oh1014487', 0, 47 );
INSERT INTO ORDERCONTAINS VALUES ( ' C132-1061', 'IO-L1014504', 0, 32 );
INSERT INTO ORDERCONTAINS VALUES ( 'W864-5313', 'IO-Jj1014521', 0, 19 );
INSERT INTO ORDERCONTAINS VALUES ( 'W828-0019', 'IO-Kn1014538', 0, 49 );
INSERT INTO ORDERCONTAINS VALUES ( ' C132-1061', 'IO-Tcg1012566', 0, 47 );
INSERT INTO ORDERCONTAINS VALUES ( 'C132-1070', 'IO-Wy1012872', 0, 30 );
INSERT INTO ORDERCONTAINS VALUES ( 'C101-5601', 'IO-Inxe1012617', 0, 32 );
INSERT INTO ORDERCONTAINS VALUES ( 'C177-1424', 'IO-Ov1011580', 0, 14 );
INSERT INTO ORDERCONTAINS VALUES ( 'W864-9595', 'IO-U1011325', 0, 30 );
INSERT INTO ORDERCONTAINS VALUES ( 'W846-2808', 'IO-Pdtx1011495', 0, 40 );
INSERT INTO ORDERCONTAINS VALUES ( 'W848-9197', 'IO-Tw1014079', 0, 30 );
INSERT INTO ORDERCONTAINS VALUES ( 'W818-2911', 'IO-Ss1014062', 0, 40 );
INSERT INTO ORDERCONTAINS VALUES ( 'C101-5601', 'IO-H1012855', 0, 31 );
INSERT INTO ORDERCONTAINS VALUES ( 'C177-1406', 'IO-J1012243', 0, 13 );
INSERT INTO ORDERCONTAINS VALUES ( 'W868-0945', 'IO-W1011597', 0, 34 );
INSERT INTO ORDERCONTAINS VALUES ( 'C100-1811', 'IO-T1014164', 0, 12 );
INSERT INTO ORDERCONTAINS VALUES ( 'W864-9595', 'IO-T1012719', 0, 29 );
INSERT INTO ORDERCONTAINS VALUES ( 'W818-2911', 'IO-Tw1014079', 0, 42 );
INSERT INTO ORDERCONTAINS VALUES ( 'W848-9197', 'IO-Xzp1012226', 0, 36 );
INSERT INTO ORDERCONTAINS VALUES ( 'W819-0026', 'IO-S1013059', 0, 23 );
INSERT INTO ORDERCONTAINS VALUES ( 'W850-4788', 'IO-F1013008', 0, 25 );
INSERT INTO ORDERCONTAINS VALUES ( 'C142-0034', 'IO-N1011359', 0, 41 );
INSERT INTO ORDERCONTAINS VALUES ( 'C171-6065', 'IO-W1013467', 0, 16 );
INSERT INTO ORDERCONTAINS VALUES ( 'W828-0064', 'IO-Ui1014385', 0, 38 );
INSERT INTO ORDERCONTAINS VALUES ( 'W113-7949', 'IO-Bsx1012311', 0, 17 );
INSERT INTO ORDERCONTAINS VALUES ( 'W105-3373', 'IO-Kn1014538', 0, 15 );
INSERT INTO ORDERCONTAINS VALUES ( 'W140-1862', 'IO-C1012991', 0, 22 );
INSERT INTO ORDERCONTAINS VALUES ( 'W843-8704 ', 'IO-A1014028', 0, 22 );
INSERT INTO ORDERCONTAINS VALUES ( 'C101-5601', 'IO-B1011716', 0, 23 );
INSERT INTO ORDERCONTAINS VALUES ( 'W879-0011', 'IO-Sdc1013484', 0, 24 );
INSERT INTO ORDERCONTAINS VALUES ( 'C177-1424', 'IO-Vmwz1011682', 0, 49 );
INSERT INTO ORDERCONTAINS VALUES ( 'C401-0111', 'IO-Tn1012396', 0, 47 );
INSERT INTO ORDERCONTAINS VALUES ( 'C171-5589', 'IO-Kn1014538', 0, 31 );
INSERT INTO ORDERCONTAINS VALUES ( 'W819-0026', 'IO-P1014181', 0, 37 );
INSERT INTO ORDERCONTAINS VALUES ( 'W868-0699', 'IO-Djze1013654', 0, 41 );
INSERT INTO ORDERCONTAINS VALUES ( 'C270-2661', 'IO-Gwjh1012804', 0, 32 );
INSERT INTO ORDERCONTAINS VALUES ( 'W868-0699', 'IO-H1012107', 0, 6 );
INSERT INTO ORDERCONTAINS VALUES ( 'C100-4119', 'IO-Tt1013195', 0, 31 );
INSERT INTO ORDERCONTAINS VALUES ( 'W864-5304', 'IO-L1011512', 0, 17 );
INSERT INTO ORDERCONTAINS VALUES ( 'C171-5516', 'IO-Tcg1012566', 0, 47 );
INSERT INTO ORDERCONTAINS VALUES ( 'W864-4697', 'IO-Eso1012583', 0, 34 );
INSERT INTO ORDERCONTAINS VALUES ( 'W847-4821', 'IO-P1012022', 0, 44 );
INSERT INTO ORDERCONTAINS VALUES ( 'C100-4119', 'IO-N1011359', 0, 11 );
INSERT INTO ORDERCONTAINS VALUES ( 'C171-5516', 'IO-Qkc1012294', 0, 25 );
INSERT INTO ORDERCONTAINS VALUES ( 'W879-0011', 'IO-Pj1013790', 0, 6 );
INSERT INTO ORDERCONTAINS VALUES ( 'W864-5456', 'IO-Dme1012685', 0, 22 );
INSERT INTO ORDERCONTAINS VALUES ( 'C142-0034', 'IO-X1012362', 0, 32 );
INSERT INTO ORDERCONTAINS VALUES ( 'C171-5516', 'IO-Nfbx1013722', 0, 8 );
INSERT INTO ORDERCONTAINS VALUES ( 'W848-9197', 'IO-Nhb1014436', 0, 37 );
INSERT INTO ORDERCONTAINS VALUES ( 'W818-0542', 'IO-Tn1012396', 0, 28 );
INSERT INTO ORDERCONTAINS VALUES ( 'W863-0250', 'IO-Gtf1012498', 0, 19 );
INSERT INTO ORDERCONTAINS VALUES ( 'W864-5456', 'IO-Bxjx1012600', 0, 10 );
INSERT INTO ORDERCONTAINS VALUES ( 'C177-1424', 'IO-Yko1013110', 0, 25 );
INSERT INTO ORDERCONTAINS VALUES ( 'W818-0542', 'IO-Q1014232', 0, 22 );
INSERT INTO ORDERCONTAINS VALUES ( 'C142-0016', 'IO-E1011342', 0, 0 );
INSERT INTO ORDERCONTAINS VALUES ( ' C132-1061', 'IO-Pdtx1011495', 0, 10 );
INSERT INTO ORDERCONTAINS VALUES ( 'C142-0016', 'IO-W1013467', 0, 37 );
INSERT INTO ORDERCONTAINS VALUES ( 'C171-5589', 'IO-Qkc1012294', 0, 31 );
INSERT INTO ORDERCONTAINS VALUES ( 'C100-2102', 'IO-Tcg1012566', 0, 2 );
INSERT INTO ORDERCONTAINS VALUES ( 'W864-8897', 'IO-Hxe1013586', 0, 39 );
INSERT INTO ORDERCONTAINS VALUES ( 'W864-8541 ', 'IO-Yh1013756', 0, 1 );
INSERT INTO ORDERCONTAINS VALUES ( 'W863-0278', 'IO-L1014504', 0, 32 );
INSERT INTO ORDERCONTAINS VALUES ( 'C131-0092', 'IO-H1012107', 0, 3 );
INSERT INTO ORDERCONTAINS VALUES ( 'C177-0805', 'IO-Yufb1013025', 0, 28 );
INSERT INTO ORDERCONTAINS VALUES ( 'W864-5304', 'IO-Oh1014487', 0, 47 );
INSERT INTO ORDERCONTAINS VALUES ( 'W819-0035', 'IO-Iz1012056', 0, 5 );
INSERT INTO ORDERCONTAINS VALUES ( 'C142-0034', 'IO-W1011597', 0, 46 );
INSERT INTO ORDERCONTAINS VALUES ( 'C177-1424', 'IO-Rp1012481', 0, 30 );
INSERT INTO ORDERCONTAINS VALUES ( 'C270-2661', 'IO-J1014368', 0, 20 );
INSERT INTO ORDERCONTAINS VALUES ( 'C171-5516', 'IO-Fa1011393', 0, 23 );
INSERT INTO ORDERCONTAINS VALUES ( 'C100-2111', 'IO-Usf1011733', 0, 23 );
INSERT INTO ORDERCONTAINS VALUES ( 'C132-1070', 'IO-H1012855', 0, 33 );
INSERT INTO ORDERCONTAINS VALUES ( 'W863-0278', 'IO-Hnw1012073', 0, 42 );
INSERT INTO ORDERCONTAINS VALUES ( ' C132-1061', 'IO-Ig1012532', 0, 37 );
INSERT INTO ORDERCONTAINS VALUES ( 'W863-0250', 'IO-Ig1012532', 0, 46 );
INSERT INTO ORDERCONTAINS VALUES ( 'W864-8897', 'IO-L1011512', 0, 10 );
INSERT INTO ORDERCONTAINS VALUES ( 'C132-2848', 'IO-M1012821', 0, 41 );
INSERT INTO ORDERCONTAINS VALUES ( 'W819-0035', 'IO-Xxi1011920', 0, 32 );
INSERT INTO ORDERCONTAINS VALUES ( 'W820-0475', 'IO-Tn1012396', 0, 14 );
INSERT INTO ORDERCONTAINS VALUES ( 'W828-0019', 'IO-Nhb1014436', 0, 43 );
INSERT INTO ORDERCONTAINS VALUES ( 'W864-5313', 'IO-Pdtx1011495', 0, 5 );
INSERT INTO ORDERCONTAINS VALUES ( 'C270-2661', 'IO-Usf1011733', 0, 7 );
INSERT INTO ORDERCONTAINS VALUES ( 'W828-0019', 'IO-Dv1013382', 0, 39 );
INSERT INTO ORDERCONTAINS VALUES ( 'W875-7238', 'IO-G1012260', 0, 35 );
INSERT INTO ORDERCONTAINS VALUES ( 'W818-2911', 'IO-H1012345', 0, 34 );
INSERT INTO ORDERCONTAINS VALUES ( 'C101-5601', 'IO-Sj1012209', 0, 16 );
INSERT INTO ORDERCONTAINS VALUES ( 'W833-0439', 'IO-T1013076', 0, 29 );
INSERT INTO ORDERCONTAINS VALUES ( 'W849-9635', 'IO-J1014368', 0, 10 );
INSERT INTO ORDERCONTAINS VALUES ( 'W864-5456', 'IO-Crdt1011274', 0, 8 );
INSERT INTO ORDERCONTAINS VALUES ( 'C142-0034', 'IO-Ixel1012787', 0, 41 );
INSERT INTO ORDERCONTAINS VALUES ( 'W864-9595', 'IO-L1013280', 0, 27 );
INSERT INTO ORDERCONTAINS VALUES ( 'C100-1811', 'IO-Rmga1011886', 0, 5 );
INSERT INTO ORDERCONTAINS VALUES ( 'C101-5601', 'IO-I1012039', 0, 43 );
INSERT INTO ORDERCONTAINS VALUES ( 'C100-2102', 'IO-Iz1012056', 0, 44 );
INSERT INTO ORDERCONTAINS VALUES ( 'W868-0699', 'IO-K1013212', 0, 7 );
INSERT INTO ORDERCONTAINS VALUES ( 'W144-3123', 'IO-X1013535', 0, 12 );
INSERT INTO ORDERCONTAINS VALUES ( 'W875-7238', 'IO-P1012022', 0, 17 );
INSERT INTO ORDERCONTAINS VALUES ( 'W144-4371', 'IO-L1013620', 0, 37 );
INSERT INTO ORDERCONTAINS VALUES ( 'W846-2808', 'IO-L1011988', 0, 4 );
INSERT INTO ORDERCONTAINS VALUES ( 'W879-3841', 'IO-Ixel1012787', 0, 42 );
INSERT INTO ORDERCONTAINS VALUES ( 'C102-3071', 'IO-B1013518', 0, 20 );
INSERT INTO ORDERCONTAINS VALUES ( 'C100-4119', 'IO-Ud1011835', 0, 48 );
INSERT INTO ORDERCONTAINS VALUES ( 'C100-2102', 'IO-Lgph1013977', 0, 18 );
INSERT INTO ORDERCONTAINS VALUES ( 'W820-0022', 'IO-Hx1014215', 0, 24 );
INSERT INTO ORDERCONTAINS VALUES ( 'W828-0019', 'IO-I1012668', 0, 44 );
INSERT INTO ORDERCONTAINS VALUES ( 'C101-5610', 'IO-Tw1014079', 0, 28 );
INSERT INTO ORDERCONTAINS VALUES ( 'W144-3123', 'IO-Wy1012872', 0, 14 );
INSERT INTO ORDERCONTAINS VALUES ( 'W848-9197', 'IO-Tn1012396', 0, 16 );
INSERT INTO ORDERCONTAINS VALUES ( 'W113-7949', 'IO-X1012362', 0, 10 );
INSERT INTO ORDERCONTAINS VALUES ( 'W845-0900 ', 'IO-K1013212', 0, 17 );
INSERT INTO ORDERCONTAINS VALUES ( 'W879-3841', 'IO-Nfbx1013722', 0, 14 );
INSERT INTO ORDERCONTAINS VALUES ( 'W819-0026', 'IO-Emef1011308', 0, 6 );
INSERT INTO ORDERCONTAINS VALUES ( 'W864-5313', 'IO-V1013433', 0, 22 );
INSERT INTO ORDERCONTAINS VALUES ( 'W144-4371', 'IO-Mpfu1013042', 0, 5 );
INSERT INTO ORDERCONTAINS VALUES ( 'C102-3071', 'IO-Flf1014317', 0, 10 );
INSERT INTO ORDERCONTAINS VALUES ( 'C100-4128', 'IO-Bxjx1012600', 0, 46 );
INSERT INTO ORDERCONTAINS VALUES ( 'C142-0016', 'IO-F1013008', 0, 29 );
INSERT INTO ORDERCONTAINS VALUES ( 'C270-2661', 'IO-N1011546', 0, 41 );
INSERT INTO ORDERCONTAINS VALUES ( 'C166-0915', 'IO-L1011988', 0, 21 );
INSERT INTO ORDERCONTAINS VALUES ( 'W863-0278', 'IO-B1013637', 0, 24 );
INSERT INTO ORDERCONTAINS VALUES ( 'C177-1424', 'IO-Ss1014062', 0, 43 );
INSERT INTO ORDERCONTAINS VALUES ( 'W850-4788', 'IO-Ud1011835', 0, 49 );
INSERT INTO ORDERCONTAINS VALUES ( 'W879-0303', 'IO-Ixel1012787', 0, 4 );
INSERT INTO ORDERCONTAINS VALUES ( 'C131-0092', 'IO-Lejc1013399', 0, 4 );
INSERT INTO ORDERCONTAINS VALUES ( 'W102-4584', 'IO-Np1012957', 0, 21 );
INSERT INTO ORDERCONTAINS VALUES ( 'W847-4821', 'IO-Fhz1013246', 0, 20 );
INSERT INTO ORDERCONTAINS VALUES ( 'W864-9595', 'IO-L1012838', 0, 34 );
INSERT INTO ORDERCONTAINS VALUES ( 'W864-4697', 'IO-M1012821', 0, 45 );
INSERT INTO ORDERCONTAINS VALUES ( 'C100-2102', 'IO-T1012719', 0, 1 );
INSERT INTO ORDERCONTAINS VALUES ( 'W843-9961', 'IO-F1013008', 0, 0 );
INSERT INTO ORDERCONTAINS VALUES ( 'W846-5753', 'IO-Yhw1014130', 0, 35 );
INSERT INTO ORDERCONTAINS VALUES ( 'W868-0680', 'IO-Iz1012056', 0, 46 );
INSERT INTO ORDERCONTAINS VALUES ( 'C101-5601', 'IO-H1012158', 0, 31 );
INSERT INTO ORDERCONTAINS VALUES ( ' C132-1061', 'IO-K1012328', 0, 6 );
INSERT INTO ORDERCONTAINS VALUES ( 'W868-0559', 'IO-H1012107', 0, 46 );
INSERT INTO ORDERCONTAINS VALUES ( 'C131-0092', 'IO-X1013773', 0, 11 );
INSERT INTO ORDERCONTAINS VALUES ( 'C100-4128', 'IO-Sx1011614', 0, 6 );
INSERT INTO ORDERCONTAINS VALUES ( 'W879-3841', 'IO-E1011665', 0, 29 );
INSERT INTO ORDERCONTAINS VALUES ( 'W819-0026', 'IO-Jtj1011240', 0, 33 );
INSERT INTO ORDERCONTAINS VALUES ( 'C171-5516', 'IO-Hxe1013586', 0, 9 );
INSERT INTO ORDERCONTAINS VALUES ( 'W105-3373', 'IO-Rmga1011886', 0, 0 );
INSERT INTO ORDERCONTAINS VALUES ( 'W819-0026', 'IO-J1013858', 0, 24 );
INSERT INTO ORDERCONTAINS VALUES ( 'W863-0278', 'IO-Iqtp1012141', 0, 7 );
INSERT INTO ORDERCONTAINS VALUES ( 'W845-0900 ', 'IO-Wy1012872', 0, 36 );
INSERT INTO ORDERCONTAINS VALUES ( 'W864-8897', 'IO-J1012192', 0, 38 );
INSERT INTO ORDERCONTAINS VALUES ( 'W899-2442', 'IO-E1013875', 0, 23 );
INSERT INTO ORDERCONTAINS VALUES ( 'W879-4017', 'IO-Wy1012872', 0, 3 );
INSERT INTO ORDERCONTAINS VALUES ( 'W845-0900 ', 'IO-I1012668', 0, 24 );
INSERT INTO ORDERCONTAINS VALUES ( 'W102-4584', 'IO-M1012821', 0, 0 );
INSERT INTO ORDERCONTAINS VALUES ( 'W843-8704 ', 'IO-Yufb1013025', 0, 47 );
INSERT INTO ORDERCONTAINS VALUES ( 'W843-8704 ', 'IO-Z1012175', 0, 38 );
INSERT INTO ORDERCONTAINS VALUES ( 'W820-0022', 'IO-Ki1011172', 0, 9 );
INSERT INTO ORDERCONTAINS VALUES ( 'W113-7949', 'IO-Flf1014317', 0, 12 );
INSERT INTO ORDERCONTAINS VALUES ( 'W849-9635', 'IO-Gi1013229', 0, 16 );
INSERT INTO ORDERCONTAINS VALUES ( 'W879-3841', 'IO-W1011223', 0, 26 );
INSERT INTO ORDERCONTAINS VALUES ( 'W105-3373', 'IO-Pdtx1011495', 0, 32 );
INSERT INTO ORDERCONTAINS VALUES ( 'W828-0064', 'IO-Rmga1011886', 0, 4 );
INSERT INTO ORDERCONTAINS VALUES ( 'W846-5753', 'IO-Xwk1013569', 0, 45 );
INSERT INTO ORDERCONTAINS VALUES ( 'W868-0699', 'IO-L1011512', 0, 37 );
INSERT INTO ORDERCONTAINS VALUES ( 'C100-1811', 'IO-X1013773', 0, 41 );
INSERT INTO ORDERCONTAINS VALUES ( 'C100-4119', 'IO-Ydde1012090', 0, 3 );
INSERT INTO ORDERCONTAINS VALUES ( 'C131-0092', 'IO-Oufx1011869', 0, 26 );
INSERT INTO ORDERCONTAINS VALUES ( 'W864-4697', 'IO-Q1013144', 0, 37 );
INSERT INTO ORDERCONTAINS VALUES ( 'C102-3071', 'IO-Sqe1013960', 0, 22 );
INSERT INTO ORDERCONTAINS VALUES ( 'W868-0699', 'IO-I1011478', 0, 23 );
INSERT INTO ORDERCONTAINS VALUES ( 'W879-4017', 'IO-Sqe1013960', 0, 41 );
INSERT INTO ORDERCONTAINS VALUES ( 'W105-3373', 'IO-P1014181', 0, 49 );
INSERT INTO ORDERCONTAINS VALUES ( 'W849-9635', 'IO-Lk1014283', 0, 29 );
INSERT INTO ORDERCONTAINS VALUES ( 'W818-2911', 'IO-Hnw1012073', 0, 6 );
INSERT INTO ORDERCONTAINS VALUES ( 'W868-0680', 'IO-Xzp1012226', 0, 15 );
INSERT INTO ORDERCONTAINS VALUES ( 'C401-0111', 'IO-Iaw1013671', 0, 5 );
INSERT INTO ORDERCONTAINS VALUES ( 'W845-0900 ', 'IO-X1013297', 0, 36 );
INSERT INTO ORDERCONTAINS VALUES ( 'W102-4584', 'IO-Crdt1011274', 0, 43 );
INSERT INTO ORDERCONTAINS VALUES ( 'C166-0915', 'IO-L1011512', 0, 27 );
INSERT INTO ORDERCONTAINS VALUES ( 'W843-9961', 'IO-P1014181', 0, 12 );
INSERT INTO ORDERCONTAINS VALUES ( 'C166-0915', 'IO-L1014504', 0, 37 );
INSERT INTO ORDERCONTAINS VALUES ( 'W843-8704 ', 'IO-U1011325', 0, 44 );
INSERT INTO ORDERCONTAINS VALUES ( 'W845-0900 ', 'IO-Nuhf1011937', 0, 1 );
INSERT INTO ORDERCONTAINS VALUES ( 'W818-2911', 'IO-X1013535', 0, 21 );
INSERT INTO ORDERCONTAINS VALUES ( 'C171-5589', 'IO-L1014504', 0, 45 );
INSERT INTO ORDERCONTAINS VALUES ( 'W868-0945', 'IO-J1014368', 0, 47 );
INSERT INTO ORDERCONTAINS VALUES ( 'C100-2102', 'IO-Bepd1013416', 0, 32 );
INSERT INTO ORDERCONTAINS VALUES ( 'W868-0945', 'IO-Ig1012532', 0, 40 );
INSERT INTO ORDERCONTAINS VALUES ( 'C100-4128', 'IO-M1012821', 0, 1 );
INSERT INTO ORDERCONTAINS VALUES ( 'C270-2661', 'IO-X1013297', 0, 18 );
INSERT INTO ORDERCONTAINS VALUES ( 'C100-4119', 'IO-Vmwz1011682', 0, 6 );
INSERT INTO ORDERCONTAINS VALUES ( 'W113-7921', 'IO-Bx1014198', 0, 39 );
INSERT INTO ORDERCONTAINS VALUES ( 'C166-0915', 'IO-Ov1011580', 0, 44 );
INSERT INTO ORDERCONTAINS VALUES ( 'C131-0092', 'IO-U1013178', 0, 35 );
INSERT INTO ORDERCONTAINS VALUES ( 'W868-0559', 'IO-Hfc1013994', 0, 29 );
INSERT INTO ORDERCONTAINS VALUES ( 'W864-5313', 'IO-H1012107', 0, 24 );
INSERT INTO ORDERCONTAINS VALUES ( 'W864-8541 ', 'IO-Awrc1013909', 0, 11 );
INSERT INTO ORDERCONTAINS VALUES ( 'C102-3071', 'IO-J1013688', 0, 38 );
INSERT INTO ORDERCONTAINS VALUES ( 'W140-1862', 'IO-Jxdb1013450', 0, 49 );
INSERT INTO ORDERCONTAINS VALUES ( 'W820-0475', 'IO-M1012821', 0, 7 );
INSERT INTO ORDERCONTAINS VALUES ( 'C177-0805', 'IO-Iqtp1012141', 0, 14 );
INSERT INTO ORDERCONTAINS VALUES ( 'W819-0035', 'IO-L1011512', 0, 26 );
INSERT INTO ORDERCONTAINS VALUES ( 'W864-9595', 'IO-Emef1011308', 0, 16 );
INSERT INTO ORDERCONTAINS VALUES ( 'C142-0034', 'IO-G1012260', 0, 7 );
INSERT INTO ORDERCONTAINS VALUES ( 'W888-1818', 'IO-J1014351', 0, 37 );
INSERT INTO ORDERCONTAINS VALUES ( 'C171-6065', 'IO-Ov1011580', 0, 20 );
INSERT INTO ORDERCONTAINS VALUES ( 'C132-1070', 'IO-Nuhf1011937', 0, 31 );
INSERT INTO ORDERCONTAINS VALUES ( 'W864-5304', 'IO-Xoet1013331', 0, 21 );
INSERT INTO ORDERCONTAINS VALUES ( 'C166-0915', 'IO-Ty1011155', 0, 32 );


INSERT INTO ORDERSHIPTO VALUES ( 'SH877', 'IO-Ty1011155', 'SL327', 'Yfoofy' );
INSERT INTO ORDERSHIPTO VALUES ( 'SH875', 'IO-Ki1011172', 'SL331', 'Siqfys' );
INSERT INTO ORDERSHIPTO VALUES ( 'SH876', 'IO-T1011189', 'SL339', 'Kbvjmfqon' );
INSERT INTO ORDERSHIPTO VALUES ( 'SH877', 'IO-L1011206', 'SL356', 'Iwlcxjkdklnfxs' );
INSERT INTO ORDERSHIPTO VALUES ( 'SH876', 'IO-W1011223', 'SL359', 'Wqvfymphwpzj' );
INSERT INTO ORDERSHIPTO VALUES ( 'SH876', 'IO-Jtj1011240', 'SL337', 'Ilmpvogelxblfmgq' );
INSERT INTO ORDERSHIPTO VALUES ( 'SH877', 'IO-Mch1011257', 'SL303', 'Cmlupijwagkpo' );
INSERT INTO ORDERSHIPTO VALUES ( 'SH877', 'IO-Crdt1011274', 'SL329', 'Yjioqrrspornggrq' );
INSERT INTO ORDERSHIPTO VALUES ( 'SH875', 'IO-Czxg1011291', 'SL357', 'Jtulhtcjqh' );
INSERT INTO ORDERSHIPTO VALUES ( 'SH877', 'IO-Emef1011308', 'SL340', 'Jtulhtcjqh' );
INSERT INTO ORDERSHIPTO VALUES ( 'SH875', 'IO-U1011325', 'SL358', 'Ysrwwqbck' );
INSERT INTO ORDERSHIPTO VALUES ( 'SH876', 'IO-E1011342', 'SL304', 'Cuvesd' );
INSERT INTO ORDERSHIPTO VALUES ( 'SH877', 'IO-N1011359', 'SL306', 'Gxyfzoygz' );
INSERT INTO ORDERSHIPTO VALUES ( 'SH875', 'IO-Pjl1011376', 'SL323', 'Ffrtgchsczb' );
INSERT INTO ORDERSHIPTO VALUES ( 'SH875', 'IO-Fa1011393', 'SL319', 'Tsgzmnvltven' );
INSERT INTO ORDERSHIPTO VALUES ( 'SH875', 'IO-J1011410', 'SL353', 'Ituwnchrtehckxw' );
INSERT INTO ORDERSHIPTO VALUES ( 'SH876', 'IO-Ej1011427', 'SL359', 'Wqvfymphwpzj' );
INSERT INTO ORDERSHIPTO VALUES ( 'SH877', 'IO-Wg1011444', 'SL310', 'Hqhrhtopdwxr' );
INSERT INTO ORDERSHIPTO VALUES ( 'SH876', 'IO-Jqqe1011461', 'SL308', 'Nvsuvjvijwywbjy' );
INSERT INTO ORDERSHIPTO VALUES ( 'SH877', 'IO-I1011478', 'SL348', 'Heoytu' );
INSERT INTO ORDERSHIPTO VALUES ( 'SH876', 'IO-Pdtx1011495', 'SL321', 'Xtzldcjkbierxaoxw' );
INSERT INTO ORDERSHIPTO VALUES ( 'SH876', 'IO-L1011512', 'SL345', 'Whpfxbkbfj' );
INSERT INTO ORDERSHIPTO VALUES ( 'SH875', 'IO-Iwzp1011529', 'SL356', 'Kbvjmfqon' );
INSERT INTO ORDERSHIPTO VALUES ( 'SH876', 'IO-N1011546', 'SL347', 'Obtjfuqxxtuipxp' );
INSERT INTO ORDERSHIPTO VALUES ( 'SH875', 'IO-Rrsz1011563', 'SL333', 'Axnirrfwtuumkmxe' );
INSERT INTO ORDERSHIPTO VALUES ( 'SH876', 'IO-Ov1011580', 'SL329', 'Whpfxbkbfj' );
INSERT INTO ORDERSHIPTO VALUES ( 'SH876', 'IO-W1011597', 'SL316', 'Udrqtda' );
INSERT INTO ORDERSHIPTO VALUES ( 'SH876', 'IO-Sx1011614', 'SL304', 'Gppcvezibmvwwjrdc' );
INSERT INTO ORDERSHIPTO VALUES ( 'SH875', 'IO-H1011631', 'SL308', 'Nnirhpgewpnv' );
INSERT INTO ORDERSHIPTO VALUES ( 'SH877', 'IO-Iwx1011648', 'SL324', 'Tsgzmnvltven' );
INSERT INTO ORDERSHIPTO VALUES ( 'SH876', 'IO-E1011665', 'SL330', 'Wxskw' );
INSERT INTO ORDERSHIPTO VALUES ( 'SH877', 'IO-Vmwz1011682', 'SL340', 'Ilmpvogelxblfmgq' );
INSERT INTO ORDERSHIPTO VALUES ( 'SH877', 'IO-M1011699', 'SL340', 'Lollqmsu' );
INSERT INTO ORDERSHIPTO VALUES ( 'SH877', 'IO-B1011716', 'SL360', 'Frkkbtztildwnlyhf' );
INSERT INTO ORDERSHIPTO VALUES ( 'SH876', 'IO-Usf1011733', 'SL323', 'Gxyfzoygz' );
INSERT INTO ORDERSHIPTO VALUES ( 'SH877', 'IO-Hs1011750', 'SL343', 'Qcmonmbw' );
INSERT INTO ORDERSHIPTO VALUES ( 'SH876', 'IO-Blu1011767', 'SL324', 'Siqfys' );
INSERT INTO ORDERSHIPTO VALUES ( 'SH877', 'IO-Qa1011784', 'SL355', 'Kqcep' );
INSERT INTO ORDERSHIPTO VALUES ( 'SH877', 'IO-B1011801', 'SL360', 'Gxyfzoygz' );
INSERT INTO ORDERSHIPTO VALUES ( 'SH876', 'IO-W1011818', 'SL348', 'Ffrtgchsczb' );
INSERT INTO ORDERSHIPTO VALUES ( 'SH876', 'IO-Ud1011835', 'SL301', 'Ilmpvogelxblfmgq' );
INSERT INTO ORDERSHIPTO VALUES ( 'SH876', 'IO-Kipu1011852', 'SL342', 'Gfwodwumq' );
INSERT INTO ORDERSHIPTO VALUES ( 'SH876', 'IO-Oufx1011869', 'SL356', 'Ituwnchrtehckxw' );
INSERT INTO ORDERSHIPTO VALUES ( 'SH877', 'IO-Rmga1011886', 'SL356', 'Nah' );
INSERT INTO ORDERSHIPTO VALUES ( 'SH877', 'IO-Uw1011903', 'SL354', 'Axnirrfwtuumkmxe' );
INSERT INTO ORDERSHIPTO VALUES ( 'SH875', 'IO-Xxi1011920', 'SL360', 'Tsgzmnvltven' );
INSERT INTO ORDERSHIPTO VALUES ( 'SH875', 'IO-Nuhf1011937', 'SL336', 'Cmlupijwagkpo' );
INSERT INTO ORDERSHIPTO VALUES ( 'SH875', 'IO-Bbyf1011954', 'SL346', 'Lnooducodxb' );
INSERT INTO ORDERSHIPTO VALUES ( 'SH875', 'IO-Ux1011971', 'SL337', 'Qkcw' );
INSERT INTO ORDERSHIPTO VALUES ( 'SH877', 'IO-L1011988', 'SL341', 'Ysrwwqbck' );
INSERT INTO ORDERSHIPTO VALUES ( 'SH877', 'IO-Mvm1012005', 'SL336', 'Gfwodwumq' );
INSERT INTO ORDERSHIPTO VALUES ( 'SH876', 'IO-P1012022', 'SL306', 'Cmlupijwagkpo' );
INSERT INTO ORDERSHIPTO VALUES ( 'SH876', 'IO-I1012039', 'SL315', 'Pqws' );
INSERT INTO ORDERSHIPTO VALUES ( 'SH877', 'IO-Iz1012056', 'SL358', 'Heoytu' );
INSERT INTO ORDERSHIPTO VALUES ( 'SH875', 'IO-Hnw1012073', 'SL344', 'Obtjfuqxxtuipxp' );
INSERT INTO ORDERSHIPTO VALUES ( 'SH876', 'IO-Ydde1012090', 'SL343', 'Mjultdxdnoeh' );
INSERT INTO ORDERSHIPTO VALUES ( 'SH875', 'IO-H1012107', 'SL344', 'Cuvesd' );
INSERT INTO ORDERSHIPTO VALUES ( 'SH876', 'IO-Lhfz1012124', 'SL355', 'Svzg' );
INSERT INTO ORDERSHIPTO VALUES ( 'SH877', 'IO-Iqtp1012141', 'SL325', 'Mjultdxdnoeh' );
INSERT INTO ORDERSHIPTO VALUES ( 'SH875', 'IO-H1012158', 'SL302', 'Qkcw' );
INSERT INTO ORDERSHIPTO VALUES ( 'SH876', 'IO-Z1012175', 'SL335', 'Nah' );
INSERT INTO ORDERSHIPTO VALUES ( 'SH875', 'IO-J1012192', 'SL359', 'Xdyinpqtjifcimpyh' );
INSERT INTO ORDERSHIPTO VALUES ( 'SH876', 'IO-Sj1012209', 'SL329', 'Axnirrfwtuumkmxe' );
INSERT INTO ORDERSHIPTO VALUES ( 'SH876', 'IO-Xzp1012226', 'SL321', 'Ropurnqtyhb' );
INSERT INTO ORDERSHIPTO VALUES ( 'SH875', 'IO-J1012243', 'SL353', 'Gry' );
INSERT INTO ORDERSHIPTO VALUES ( 'SH876', 'IO-G1012260', 'SL359', 'Pqws' );
INSERT INTO ORDERSHIPTO VALUES ( 'SH877', 'IO-Cow1012277', 'SL316', 'Nnirhpgewpnv' );
INSERT INTO ORDERSHIPTO VALUES ( 'SH876', 'IO-Qkc1012294', 'SL322', 'Whpfxbkbfj' );
INSERT INTO ORDERSHIPTO VALUES ( 'SH877', 'IO-Bsx1012311', 'SL336', 'Yfoofy' );
INSERT INTO ORDERSHIPTO VALUES ( 'SH875', 'IO-K1012328', 'SL350', 'Qhdz' );
INSERT INTO ORDERSHIPTO VALUES ( 'SH877', 'IO-H1012345', 'SL314', 'Kqcep' );
INSERT INTO ORDERSHIPTO VALUES ( 'SH876', 'IO-X1012362', 'SL311', 'Siqfys' );
INSERT INTO ORDERSHIPTO VALUES ( 'SH875', 'IO-Unf1012379', 'SL342', 'Hqhrhtopdwxr' );
INSERT INTO ORDERSHIPTO VALUES ( 'SH875', 'IO-Tn1012396', 'SL315', 'Xdyinpqtjifcimpyh' );
INSERT INTO ORDERSHIPTO VALUES ( 'SH876', 'IO-Du1012413', 'SL313', 'Siqfys' );
INSERT INTO ORDERSHIPTO VALUES ( 'SH877', 'IO-S1012430', 'SL310', 'Rjjip' );
INSERT INTO ORDERSHIPTO VALUES ( 'SH876', 'IO-Bk1012447', 'SL310', 'Ropurnqtyhb' );
INSERT INTO ORDERSHIPTO VALUES ( 'SH877', 'IO-Gp1012464', 'SL311', 'Ysrwwqbck' );
INSERT INTO ORDERSHIPTO VALUES ( 'SH875', 'IO-Rp1012481', 'SL323', 'Wxskw' );
INSERT INTO ORDERSHIPTO VALUES ( 'SH875', 'IO-Gtf1012498', 'SL325', 'Ilmpvogelxblfmgq' );
INSERT INTO ORDERSHIPTO VALUES ( 'SH877', 'IO-W1012515', 'SL302', 'Xhtpggs' );
INSERT INTO ORDERSHIPTO VALUES ( 'SH876', 'IO-Ig1012532', 'SL313', 'Ysrwwqbck' );
INSERT INTO ORDERSHIPTO VALUES ( 'SH876', 'IO-Bxey1012549', 'SL308', 'Gry' );
INSERT INTO ORDERSHIPTO VALUES ( 'SH875', 'IO-Tcg1012566', 'SL321', 'Lollqmsu' );
INSERT INTO ORDERSHIPTO VALUES ( 'SH875', 'IO-Eso1012583', 'SL354', 'Acmrglvukerhi' );
INSERT INTO ORDERSHIPTO VALUES ( 'SH877', 'IO-Bxjx1012600', 'SL336', 'Dmvldked' );
INSERT INTO ORDERSHIPTO VALUES ( 'SH877', 'IO-Inxe1012617', 'SL352', 'Hqhrhtopdwxr' );
INSERT INTO ORDERSHIPTO VALUES ( 'SH877', 'IO-Zrdk1012634', 'SL339', 'Gppcvezibmvwwjrdc' );
INSERT INTO ORDERSHIPTO VALUES ( 'SH875', 'IO-Iyt1012651', 'SL321', 'Nqzemhcg' );
INSERT INTO ORDERSHIPTO VALUES ( 'SH877', 'IO-I1012668', 'SL345', 'Ituwnchrtehckxw' );
INSERT INTO ORDERSHIPTO VALUES ( 'SH875', 'IO-Dme1012685', 'SL332', 'Hivtmxoln' );
INSERT INTO ORDERSHIPTO VALUES ( 'SH875', 'IO-V1012702', 'SL338', 'Wqvfymphwpzj' );
INSERT INTO ORDERSHIPTO VALUES ( 'SH876', 'IO-T1012719', 'SL338', 'Mjultdxdnoeh' );
INSERT INTO ORDERSHIPTO VALUES ( 'SH877', 'IO-J1012736', 'SL304', 'Yfoofy' );
INSERT INTO ORDERSHIPTO VALUES ( 'SH876', 'IO-Wlqr1012753', 'SL350', 'Lpmkqk' );
INSERT INTO ORDERSHIPTO VALUES ( 'SH875', 'IO-X1012770', 'SL327', 'Ilmpvogelxblfmgq' );
INSERT INTO ORDERSHIPTO VALUES ( 'SH877', 'IO-Ixel1012787', 'SL341', 'Tsgzmnvltven' );
INSERT INTO ORDERSHIPTO VALUES ( 'SH876', 'IO-Gwjh1012804', 'SL327', 'Ndp' );
INSERT INTO ORDERSHIPTO VALUES ( 'SH875', 'IO-M1012821', 'SL302', 'Pqws' );
INSERT INTO ORDERSHIPTO VALUES ( 'SH877', 'IO-L1012838', 'SL338', 'Xhtpggs' );
INSERT INTO ORDERSHIPTO VALUES ( 'SH877', 'IO-H1012855', 'SL333', 'Iwlcxjkdklnfxs' );
INSERT INTO ORDERSHIPTO VALUES ( 'SH875', 'IO-Wy1012872', 'SL317', 'Yfoofy' );
INSERT INTO ORDERSHIPTO VALUES ( 'SH875', 'IO-Ggj1012889', 'SL302', 'Nqzemhcg' );
INSERT INTO ORDERSHIPTO VALUES ( 'SH876', 'IO-Ziyt1012906', 'SL346', 'Wxskw' );
INSERT INTO ORDERSHIPTO VALUES ( 'SH877', 'IO-Yqem1012923', 'SL320', 'Jtulhtcjqh' );
INSERT INTO ORDERSHIPTO VALUES ( 'SH876', 'IO-Cjts1012940', 'SL311', 'Venu' );
INSERT INTO ORDERSHIPTO VALUES ( 'SH876', 'IO-Np1012957', 'SL321', 'Epqx' );
INSERT INTO ORDERSHIPTO VALUES ( 'SH876', 'IO-Fp1012974', 'SL347', 'Iwlcxjkdklnfxs' );
INSERT INTO ORDERSHIPTO VALUES ( 'SH876', 'IO-C1012991', 'SL338', 'Pds' );
INSERT INTO ORDERSHIPTO VALUES ( 'SH876', 'IO-F1013008', 'SL353', 'Udrqtda' );
INSERT INTO ORDERSHIPTO VALUES ( 'SH876', 'IO-Yufb1013025', 'SL304', 'Gxyfzoygz' );
INSERT INTO ORDERSHIPTO VALUES ( 'SH875', 'IO-Mpfu1013042', 'SL310', 'Nnirhpgewpnv' );
INSERT INTO ORDERSHIPTO VALUES ( 'SH876', 'IO-S1013059', 'SL355', 'Ituwnchrtehckxw' );
INSERT INTO ORDERSHIPTO VALUES ( 'SH876', 'IO-T1013076', 'SL343', 'Obtjfuqxxtuipxp' );
INSERT INTO ORDERSHIPTO VALUES ( 'SH876', 'IO-K1013093', 'SL329', 'Obtjfuqxxtuipxp' );
INSERT INTO ORDERSHIPTO VALUES ( 'SH877', 'IO-Yko1013110', 'SL316', 'Gppcvezibmvwwjrdc' );
INSERT INTO ORDERSHIPTO VALUES ( 'SH875', 'IO-Ssax1013127', 'SL316', 'Lpmkqk' );
INSERT INTO ORDERSHIPTO VALUES ( 'SH877', 'IO-Q1013144', 'SL318', 'Mjultdxdnoeh' );
INSERT INTO ORDERSHIPTO VALUES ( 'SH877', 'IO-Uxg1013161', 'SL359', 'Lpmkqk' );
INSERT INTO ORDERSHIPTO VALUES ( 'SH875', 'IO-U1013178', 'SL319', 'Qcmonmbw' );
INSERT INTO ORDERSHIPTO VALUES ( 'SH875', 'IO-Tt1013195', 'SL315', 'Gxyfzoygz' );
INSERT INTO ORDERSHIPTO VALUES ( 'SH877', 'IO-K1013212', 'SL317', 'Svzg' );
INSERT INTO ORDERSHIPTO VALUES ( 'SH875', 'IO-Gi1013229', 'SL338', 'Lpmkqk' );
INSERT INTO ORDERSHIPTO VALUES ( 'SH875', 'IO-Fhz1013246', 'SL338', 'Uojepfxnd' );
INSERT INTO ORDERSHIPTO VALUES ( 'SH876', 'IO-O1013263', 'SL309', 'Udrqtda' );
INSERT INTO ORDERSHIPTO VALUES ( 'SH877', 'IO-L1013280', 'SL356', 'Xtzldcjkbierxaoxw' );
INSERT INTO ORDERSHIPTO VALUES ( 'SH875', 'IO-X1013297', 'SL320', 'Heoytu' );
INSERT INTO ORDERSHIPTO VALUES ( 'SH877', 'IO-R1013314', 'SL308', 'Ilmpvogelxblfmgq' );
INSERT INTO ORDERSHIPTO VALUES ( 'SH876', 'IO-Xoet1013331', 'SL336', 'Ffrtgchsczb' );
INSERT INTO ORDERSHIPTO VALUES ( 'SH877', 'IO-U1013348', 'SL360', 'Whpfxbkbfj' );
INSERT INTO ORDERSHIPTO VALUES ( 'SH876', 'IO-Bgua1013365', 'SL308', 'Gfwodwumq' );
INSERT INTO ORDERSHIPTO VALUES ( 'SH877', 'IO-Dv1013382', 'SL347', 'Epqx' );
INSERT INTO ORDERSHIPTO VALUES ( 'SH876', 'IO-Lejc1013399', 'SL325', 'Ysrwwqbck' );
INSERT INTO ORDERSHIPTO VALUES ( 'SH875', 'IO-Bepd1013416', 'SL312', 'Cmlupijwagkpo' );
INSERT INTO ORDERSHIPTO VALUES ( 'SH876', 'IO-V1013433', 'SL343', 'Ropurnqtyhb' );
INSERT INTO ORDERSHIPTO VALUES ( 'SH876', 'IO-Jxdb1013450', 'SL309', 'Gfwodwumq' );
INSERT INTO ORDERSHIPTO VALUES ( 'SH876', 'IO-W1013467', 'SL328', 'Dmvldked' );
INSERT INTO ORDERSHIPTO VALUES ( 'SH877', 'IO-Sdc1013484', 'SL335', 'Cmlupijwagkpo' );
INSERT INTO ORDERSHIPTO VALUES ( 'SH877', 'IO-Rae1013501', 'SL339', 'Kbvjmfqon' );
INSERT INTO ORDERSHIPTO VALUES ( 'SH875', 'IO-B1013518', 'SL335', 'Nqzemhcg' );
INSERT INTO ORDERSHIPTO VALUES ( 'SH877', 'IO-X1013535', 'SL310', 'Nnirhpgewpnv' );
INSERT INTO ORDERSHIPTO VALUES ( 'SH876', 'IO-B1013552', 'SL333', 'Whpfxbkbfj' );
INSERT INTO ORDERSHIPTO VALUES ( 'SH877', 'IO-Xwk1013569', 'SL306', 'Hqhrhtopdwxr' );
INSERT INTO ORDERSHIPTO VALUES ( 'SH875', 'IO-Hxe1013586', 'SL356', 'Venu' );
INSERT INTO ORDERSHIPTO VALUES ( 'SH876', 'IO-Hs1013603', 'SL338', 'Whpfxbkbfj' );
INSERT INTO ORDERSHIPTO VALUES ( 'SH876', 'IO-L1013620', 'SL310', 'Yjioqrrspornggrq' );
INSERT INTO ORDERSHIPTO VALUES ( 'SH876', 'IO-B1013637', 'SL339', 'Nnirhpgewpnv' );
INSERT INTO ORDERSHIPTO VALUES ( 'SH877', 'IO-Djze1013654', 'SL349', 'Dmvldked' );
INSERT INTO ORDERSHIPTO VALUES ( 'SH875', 'IO-Iaw1013671', 'SL340', 'Heoytu' );
INSERT INTO ORDERSHIPTO VALUES ( 'SH876', 'IO-J1013688', 'SL325', 'Ropurnqtyhb' );
INSERT INTO ORDERSHIPTO VALUES ( 'SH877', 'IO-Ti1013705', 'SL331', 'Hivtmxoln' );
INSERT INTO ORDERSHIPTO VALUES ( 'SH877', 'IO-Nfbx1013722', 'SL327', 'Hivtmxoln' );
INSERT INTO ORDERSHIPTO VALUES ( 'SH876', 'IO-P1013739', 'SL346', 'Lpmkqk' );
INSERT INTO ORDERSHIPTO VALUES ( 'SH876', 'IO-Yh1013756', 'SL306', 'Udrqtda' );
INSERT INTO ORDERSHIPTO VALUES ( 'SH875', 'IO-X1013773', 'SL323', 'Ffrtgchsczb' );
INSERT INTO ORDERSHIPTO VALUES ( 'SH875', 'IO-Pj1013790', 'SL344', 'Kqcep' );
INSERT INTO ORDERSHIPTO VALUES ( 'SH876', 'IO-Zt1013807', 'SL352', 'Ynrbhqvibpymbsm' );
INSERT INTO ORDERSHIPTO VALUES ( 'SH876', 'IO-Z1013824', 'SL359', 'Qkcw' );
INSERT INTO ORDERSHIPTO VALUES ( 'SH875', 'IO-Ivy1013841', 'SL324', 'Gfwodwumq' );
INSERT INTO ORDERSHIPTO VALUES ( 'SH877', 'IO-J1013858', 'SL322', 'Xtzldcjkbierxaoxw' );
INSERT INTO ORDERSHIPTO VALUES ( 'SH875', 'IO-E1013875', 'SL306', 'Epqx' );
INSERT INTO ORDERSHIPTO VALUES ( 'SH877', 'IO-T1013892', 'SL319', 'Nah' );
INSERT INTO ORDERSHIPTO VALUES ( 'SH876', 'IO-Awrc1013909', 'SL315', 'Tsgzmnvltven' );
INSERT INTO ORDERSHIPTO VALUES ( 'SH875', 'IO-Gtf1013926', 'SL345', 'Xdyinpqtjifcimpyh' );
INSERT INTO ORDERSHIPTO VALUES ( 'SH877', 'IO-Zo1013943', 'SL319', 'Pqws' );
INSERT INTO ORDERSHIPTO VALUES ( 'SH877', 'IO-Sqe1013960', 'SL304', 'Qhdz' );
INSERT INTO ORDERSHIPTO VALUES ( 'SH876', 'IO-Lgph1013977', 'SL346', 'Xtzldcjkbierxaoxw' );
INSERT INTO ORDERSHIPTO VALUES ( 'SH875', 'IO-Hfc1013994', 'SL304', 'Bvzjx' );
INSERT INTO ORDERSHIPTO VALUES ( 'SH876', 'IO-Xn1014011', 'SL356', 'Obtjfuqxxtuipxp' );
INSERT INTO ORDERSHIPTO VALUES ( 'SH877', 'IO-A1014028', 'SL325', 'Pqws' );
INSERT INTO ORDERSHIPTO VALUES ( 'SH877', 'IO-B1014045', 'SL360', 'Ropurnqtyhb' );
INSERT INTO ORDERSHIPTO VALUES ( 'SH876', 'IO-Ss1014062', 'SL301', 'Heoytu' );
INSERT INTO ORDERSHIPTO VALUES ( 'SH877', 'IO-Tw1014079', 'SL346', 'Pyihi' );
INSERT INTO ORDERSHIPTO VALUES ( 'SH877', 'IO-B1014096', 'SL348', 'Siqfys' );
INSERT INTO ORDERSHIPTO VALUES ( 'SH875', 'IO-Jl1014113', 'SL305', 'Frkkbtztildwnlyhf' );
INSERT INTO ORDERSHIPTO VALUES ( 'SH877', 'IO-Yhw1014130', 'SL348', 'Dmvldked' );
INSERT INTO ORDERSHIPTO VALUES ( 'SH876', 'IO-C1014147', 'SL317', 'Gppcvezibmvwwjrdc' );
INSERT INTO ORDERSHIPTO VALUES ( 'SH875', 'IO-T1014164', 'SL355', 'Frkkbtztildwnlyhf' );
INSERT INTO ORDERSHIPTO VALUES ( 'SH877', 'IO-P1014181', 'SL325', 'Yjioqrrspornggrq' );
INSERT INTO ORDERSHIPTO VALUES ( 'SH877', 'IO-Bx1014198', 'SL326', 'Yjioqrrspornggrq' );
INSERT INTO ORDERSHIPTO VALUES ( 'SH877', 'IO-Hx1014215', 'SL318', 'Uojepfxnd' );
INSERT INTO ORDERSHIPTO VALUES ( 'SH875', 'IO-Q1014232', 'SL323', 'Rjjip' );
INSERT INTO ORDERSHIPTO VALUES ( 'SH876', 'IO-G1014249', 'SL333', 'Ffrtgchsczb' );
INSERT INTO ORDERSHIPTO VALUES ( 'SH875', 'IO-A1014266', 'SL338', 'Pqws' );
INSERT INTO ORDERSHIPTO VALUES ( 'SH875', 'IO-Lk1014283', 'SL354', 'Epqx' );
INSERT INTO ORDERSHIPTO VALUES ( 'SH876', 'IO-Nrng1014300', 'SL309', 'Wxskw' );
INSERT INTO ORDERSHIPTO VALUES ( 'SH875', 'IO-Flf1014317', 'SL334', 'Nqzemhcg' );
INSERT INTO ORDERSHIPTO VALUES ( 'SH877', 'IO-Gav1014334', 'SL317', 'Tsgzmnvltven' );
INSERT INTO ORDERSHIPTO VALUES ( 'SH876', 'IO-J1014351', 'SL303', 'Rjjip' );
INSERT INTO ORDERSHIPTO VALUES ( 'SH877', 'IO-J1014368', 'SL307', 'Xhtpggs' );
INSERT INTO ORDERSHIPTO VALUES ( 'SH877', 'IO-Ui1014385', 'SL325', 'Kbvjmfqon' );
INSERT INTO ORDERSHIPTO VALUES ( 'SH877', 'IO-Ad1014402', 'SL302', 'Obtjfuqxxtuipxp' );
INSERT INTO ORDERSHIPTO VALUES ( 'SH877', 'IO-Pthb1014419', 'SL358', 'Kune' );
INSERT INTO ORDERSHIPTO VALUES ( 'SH877', 'IO-Nhb1014436', 'SL323', 'Nnirhpgewpnv' );
INSERT INTO ORDERSHIPTO VALUES ( 'SH876', 'IO-Ihrr1014453', 'SL311', 'Iwlcxjkdklnfxs' );
INSERT INTO ORDERSHIPTO VALUES ( 'SH877', 'IO-Bjv1014470', 'SL339', 'Acmrglvukerhi' );
INSERT INTO ORDERSHIPTO VALUES ( 'SH877', 'IO-Oh1014487', 'SL331', 'Gfwodwumq' );
INSERT INTO ORDERSHIPTO VALUES ( 'SH875', 'IO-L1014504', 'SL319', 'Mjultdxdnoeh' );
INSERT INTO ORDERSHIPTO VALUES ( 'SH876', 'IO-Jj1014521', 'SL342', 'Wxskw' );
INSERT INTO ORDERSHIPTO VALUES ( 'SH875', 'IO-Kn1014538', 'SL306', 'Kbvjmfqon' );


